run_id,run_at,model_version,harness_version,feature_group,group_table,group_columns,test_seasons,train_seasons,data_key,position,league_id,test_season,n_weeks,n_player_weeks,spearman,hit_rate,mae,coverage_80,interval_width,interval_score,baseline_spearman,baseline_hit_rate,baseline_mae,baseline_coverage_80,baseline_interval_width,baseline_interval_score,delta_spearman,delta_hit_rate,delta_mae,delta_coverage_80,delta_interval_width,delta_interval_score,decision,group_verdict,runtime_s,no_peek_warnings,label,note
20261001130039,2026-10-01 13:00:39.6944+00,v2.0,fx1.0,baseline,,,"2023,2024,2025",2016-2022,cb461af0c56b4811,QB,1321941740235550720,2023,18,680,0.5224559100126451,0.49074074074074076,8.118371856627013,0.7275863423148562,24.62127940559263,1.695443064960612,0.5224559100126451,0.49074074074074076,8.118371856627013,0.7275863423148562,24.62127940559263,1.695443064960612,0,0,0,0,0,0,,,1096.06559213,,Nothing added (the current model),the v2 inputs only: what every group is compared with
20261001130039,2026-10-01 13:00:39.6944+00,v2.0,fx1.0,baseline,,,"2023,2024,2025",2016-2023,cb461af0c56b4811,QB,1321941740235550720,2024,18,664,0.5378203062561171,0.537037037037037,8.229692708393038,0.7832961972794183,26.710818495105404,1.8015736616536242,0.5378203062561171,0.537037037037037,8.229692708393038,0.7832961972794183,26.710818495105404,1.8015736616536242,0,0,0,0,0,0,,,1096.06559213,,Nothing added (the current model),the v2 inputs only: what every group is compared with
20261001130039,2026-10-01 13:00:39.6944+00,v2.0,fx1.0,baseline,,,"2023,2024,2025",2016-2024,cb461af0c56b4811,QB,1321941740235550720,2025,18,677,0.5234057942815578,0.5,8.278642263988383,0.7411352864589952,24.865893888561384,1.7824104113937187,0.5234057942815578,0.5,8.278642263988383,0.7411352864589952,24.865893888561384,1.7824104113937187,0,0,0,0,0,0,,,1096.06559213,,Nothing added (the current model),the v2 inputs only: what every group is compared with
20261001130039,2026-10-01 13:00:39.6944+00,v2.0,fx1.0,baseline,,,"2023,2024,2025",2016-2022,cb461af0c56b4811,QB,1389709692405551104,2023,18,680,0.5256801096145087,0.5092592592592592,5.834538085906659,0.7325778275744548,17.728945478610413,1.221190584290215,0.5256801096145087,0.5092592592592592,5.834538085906659,0.7325778275744548,17.728945478610413,1.221190584290215,0,0,0,0,0,0,,,1096.06559213,,Nothing added (the current model),the v2 inputs only: what every group is compared with
20261001130039,2026-10-01 13:00:39.6944+00,v2.0,fx1.0,baseline,,,"2023,2024,2025",2016-2023,cb461af0c56b4811,QB,1389709692405551104,2024,18,664,0.5561325996135695,0.5416666666666666,5.968519084105844,0.7902428660657924,19.21547087231386,1.2754083507094145,0.5561325996135695,0.5416666666666666,5.968519084105844,0.7902428660657924,19.21547087231386,1.2754083507094145,0,0,0,0,0,0,,,1096.06559213,,Nothing added (the current model),the v2 inputs only: what every group is compared with
20261001130039,2026-10-01 13:00:39.6944+00,v2.0,fx1.0,baseline,,,"2023,2024,2025",2016-2024,cb461af0c56b4811,QB,1389709692405551104,2025,18,677,0.5352093003571752,0.5138888888888888,6.035030058329808,0.7561931599873815,18.28492217449843,1.2794175833228147,0.5352093003571752,0.5138888888888888,6.035030058329808,0.7561931599873815,18.28492217449843,1.2794175833228147,0,0,0,0,0,0,,,1096.06559213,,Nothing added (the current model),the v2 inputs only: what every group is compared with
20261001130039,2026-10-01 13:00:39.6944+00,v2.0,fx1.0,baseline,,,"2023,2024,2025",2016-2022,cb461af0c56b4811,RB,1321941740235550720,2023,18,1482,0.6789541487937356,0.625,4.565048339555861,0.8228197362354811,14.326257632153418,1.0210909471159724,0.6789541487937356,0.625,4.565048339555861,0.8228197362354811,14.326257632153418,1.0210909471159724,0,0,0,0,0,0,,,1096.06559213,,Nothing added (the current model),the v2 inputs only: what every group is compared with
20261001130039,2026-10-01 13:00:39.6944+00,v2.0,fx1.0,baseline,,,"2023,2024,2025",2016-2023,cb461af0c56b4811,RB,1321941740235550720,2024,18,1495,0.683982337730687,0.6736111111111112,4.709033406682767,0.7849798036617669,14.778347489149919,1.0140256700401826,0.683982337730687,0.6736111111111112,4.709033406682767,0.7849798036617669,14.778347489149919,1.0140256700401826,0,0,0,0,0,0,,,1096.06559213,,Nothing added (the current model),the v2 inputs only: what every group is compared with
20261001130039,2026-10-01 13:00:39.6944+00,v2.0,fx1.0,baseline,,,"2023,2024,2025",2016-2024,cb461af0c56b4811,RB,1321941740235550720,2025,18,1518,0.6950103969394773,0.6365740740740741,4.747744357797661,0.7855412596247372,14.36464541810875,1.046606036495452,0.6950103969394773,0.6365740740740741,4.747744357797661,0.7855412596247372,14.36464541810875,1.046606036495452,0,0,0,0,0,0,,,1096.06559213,,Nothing added (the current model),the v2 inputs only: what every group is compared with
20261001130039,2026-10-01 13:00:39.6944+00,v2.0,fx1.0,baseline,,,"2023,2024,2025",2016-2022,cb461af0c56b4811,RB,1389709692405551104,2023,18,1482,0.6756450176028727,0.6064814814814814,4.117502283433733,0.8174518733456249,12.449043123468384,0.9050705985700918,0.6756450176028727,0.6064814814814814,4.117502283433733,0.8174518733456249,12.449043123468384,0.9050705985700918,0,0,0,0,0,0,,,1096.06559213,,Nothing added (the current model),the v2 inputs only: what every group is compared with
20261001130039,2026-10-01 13:00:39.6944+00,v2.0,fx1.0,baseline,,,"2023,2024,2025",2016-2023,cb461af0c56b4811,RB,1389709692405551104,2024,18,1495,0.6760537172860128,0.6574074074074074,4.228841728668209,0.8025266257202242,13.044841079231357,0.9064258267080072,0.6760537172860128,0.6574074074074074,4.228841728668209,0.8025266257202242,13.044841079231357,0.9064258267080072,0,0,0,0,0,0,,,1096.06559213,,Nothing added (the current model),the v2 inputs only: what every group is compared with
20261001130039,2026-10-01 13:00:39.6944+00,v2.0,fx1.0,baseline,,,"2023,2024,2025",2016-2024,cb461af0c56b4811,RB,1389709692405551104,2025,18,1518,0.6908815711950581,0.6134259259259259,4.282656131176271,0.7755417665473705,12.727053613563863,0.932001735176007,0.6908815711950581,0.6134259259259259,4.282656131176271,0.7755417665473705,12.727053613563863,0.932001735176007,0,0,0,0,0,0,,,1096.06559213,,Nothing added (the current model),the v2 inputs only: what every group is compared with
20261001130039,2026-10-01 13:00:39.6944+00,v2.0,fx1.0,baseline,,,"2023,2024,2025",2016-2022,cb461af0c56b4811,TE,1321941740235550720,2023,18,1177,0.5731549358489271,0.5138888888888888,3.404402167383241,0.8034886757774902,10.492863184652377,0.7471459897645805,0.5731549358489271,0.5138888888888888,3.404402167383241,0.8034886757774902,10.492863184652377,0.7471459897645805,0,0,0,0,0,0,,,1096.06559213,,Nothing added (the current model),the v2 inputs only: what every group is compared with
20261001130039,2026-10-01 13:00:39.6944+00,v2.0,fx1.0,baseline,,,"2023,2024,2025",2016-2023,cb461af0c56b4811,TE,1321941740235550720,2024,18,1221,0.574264077708444,0.4583333333333333,3.59539965470318,0.7743029055589911,10.206185491509853,0.7903953884216951,0.574264077708444,0.4583333333333333,3.59539965470318,0.7743029055589911,10.206185491509853,0.7903953884216951,0,0,0,0,0,0,,,1096.06559213,,Nothing added (the current model),the v2 inputs only: what every group is compared with
20261001130039,2026-10-01 13:00:39.6944+00,v2.0,fx1.0,baseline,,,"2023,2024,2025",2016-2024,cb461af0c56b4811,TE,1321941740235550720,2025,18,1268,0.6253565710969989,0.4212962962962963,3.5060303412258347,0.8274175947019309,10.087548898832267,0.8008154658194906,0.6253565710969989,0.4212962962962963,3.5060303412258347,0.8274175947019309,10.087548898832267,0.8008154658194906,0,0,0,0,0,0,,,1096.06559213,,Nothing added (the current model),the v2 inputs only: what every group is compared with
20261001130039,2026-10-01 13:00:39.6944+00,v2.0,fx1.0,baseline,,,"2023,2024,2025",2016-2022,cb461af0c56b4811,TE,1389709692405551104,2023,18,1177,0.5526674547558043,0.48148148148148145,2.8536294975103322,0.8104562828686124,8.769791614718581,0.6359043614952173,0.5526674547558043,0.48148148148148145,2.8536294975103322,0.8104562828686124,8.769791614718581,0.6359043614952173,0,0,0,0,0,0,,,1096.06559213,,Nothing added (the current model),the v2 inputs only: what every group is compared with
20261001130039,2026-10-01 13:00:39.6944+00,v2.0,fx1.0,baseline,,,"2023,2024,2025",2016-2023,cb461af0c56b4811,TE,1389709692405551104,2024,18,1221,0.5598785707889994,0.4212962962962963,2.995168113013023,0.8091092743419375,8.61647263454671,0.654603840250283,0.5598785707889994,0.4212962962962963,2.995168113013023,0.8091092743419375,8.61647263454671,0.654603840250283,0,0,0,0,0,0,,,1096.06559213,,Nothing added (the current model),the v2 inputs only: what every group is compared with
20261001130039,2026-10-01 13:00:39.6944+00,v2.0,fx1.0,baseline,,,"2023,2024,2025",2016-2024,cb461af0c56b4811,TE,1389709692405551104,2025,18,1268,0.6114816218323065,0.39814814814814814,2.9795136555105186,0.8302488484538157,8.566879777547221,0.6825983815690715,0.6114816218323065,0.39814814814814814,2.9795136555105186,0.8302488484538157,8.566879777547221,0.6825983815690715,0,0,0,0,0,0,,,1096.06559213,,Nothing added (the current model),the v2 inputs only: what every group is compared with
20261001130039,2026-10-01 13:00:39.6944+00,v2.0,fx1.0,baseline,,,"2023,2024,2025",2016-2022,cb461af0c56b4811,WR,1321941740235550720,2023,18,2393,0.6392918990013178,0.5,4.844521808613023,0.8276029070508462,15.19898926672618,1.063735644351547,0.6392918990013178,0.5,4.844521808613023,0.8276029070508462,15.19898926672618,1.063735644351547,0,0,0,0,0,0,,,1096.06559213,,Nothing added (the current model),the v2 inputs only: what every group is compared with
20261001130039,2026-10-01 13:00:39.6944+00,v2.0,fx1.0,baseline,,,"2023,2024,2025",2016-2023,cb461af0c56b4811,WR,1321941740235550720,2024,18,2355,0.6392689713644507,0.46759259259259256,4.915209595301268,0.810699347029401,15.29574342823534,1.0888242050914194,0.6392689713644507,0.46759259259259256,4.915209595301268,0.810699347029401,15.29574342823534,1.0888242050914194,0,0,0,0,0,0,,,1096.06559213,,Nothing added (the current model),the v2 inputs only: what every group is compared with
20261001130039,2026-10-01 13:00:39.6944+00,v2.0,fx1.0,baseline,,,"2023,2024,2025",2016-2024,cb461af0c56b4811,WR,1321941740235550720,2025,18,2366,0.6152386686159024,0.4791666666666667,4.600664516848402,0.8144156378966352,14.616042607224918,0.9901513399339991,0.6152386686159024,0.4791666666666667,4.600664516848402,0.8144156378966352,14.616042607224918,0.9901513399339991,0,0,0,0,0,0,,,1096.06559213,,Nothing added (the current model),the v2 inputs only: what every group is compared with
20261001130039,2026-10-01 13:00:39.6944+00,v2.0,fx1.0,baseline,,,"2023,2024,2025",2016-2022,cb461af0c56b4811,WR,1389709692405551104,2023,18,2393,0.6246061268487013,0.48379629629629634,4.051944662215899,0.8202839699817535,12.623847439187115,0.8785657701147183,0.6246061268487013,0.48379629629629634,4.051944662215899,0.8202839699817535,12.623847439187115,0.8785657701147183,0,0,0,0,0,0,,,1096.06559213,,Nothing added (the current model),the v2 inputs only: what every group is compared with
20261001130039,2026-10-01 13:00:39.6944+00,v2.0,fx1.0,baseline,,,"2023,2024,2025",2016-2023,cb461af0c56b4811,WR,1389709692405551104,2024,18,2355,0.6258058683032384,0.4722222222222222,4.111022234789733,0.8081891862346062,12.567916698188661,0.896932017486602,0.6258058683032384,0.4722222222222222,4.111022234789733,0.8081891862346062,12.567916698188661,0.896932017486602,0,0,0,0,0,0,,,1096.06559213,,Nothing added (the current model),the v2 inputs only: what every group is compared with
20261001130039,2026-10-01 13:00:39.6944+00,v2.0,fx1.0,baseline,,,"2023,2024,2025",2016-2024,cb461af0c56b4811,WR,1389709692405551104,2025,18,2366,0.60107460697586,0.45370370370370366,3.879997485317312,0.805383548509456,12.202734588861226,0.8249504578006683,0.60107460697586,0.45370370370370366,3.879997485317312,0.805383548509456,12.202734588861226,0.8249504578006683,0,0,0,0,0,0,,,1096.06559213,,Nothing added (the current model),the v2 inputs only: what every group is compared with
20261001132351,2026-10-01 13:23:51.775327+00,v2.0,fx1.0,game_context,intermediate.int_player_week_game_context,"gc_weekday,gc_kickoff_hour_et,gc_primetime,gc_early_window,gc_travel_tz,gc_west_coast_early,gc_rest_days,gc_short_week,gc_off_bye,gc_opp_rest_days,gc_rest_edge,gc_roof,gc_surface_turf,gc_div_game,gc_neutral_site","2023,2024,2025",2016-2022,cb461af0c56b4811,QB,1321941740235550720,2023,18,680,0.5373159676461143,0.5046296296296297,8.041949481370038,0.7174872022866057,24.40913012966497,1.695293077950678,0.5224559100126451,0.49074074074074076,8.118371856627013,0.7275863423148562,24.62127940559263,1.695443064960612,0.014860057633469204,0.013888888888888895,-0.07642237525697482,-0.01009914002825052,-0.2121492759276613,-0.00014998700993396064,drop,drop,1331.48185931,,Game context: all of it,"D2: weekday, kickoff hour, primetime, 1 pm window, rest days / short week / off a bye / rest edge, time zones crossed, west-coast team at 1 pm ET, dome, turf, division game, neutral site"
20261001132351,2026-10-01 13:23:51.775327+00,v2.0,fx1.0,game_context,intermediate.int_player_week_game_context,"gc_weekday,gc_kickoff_hour_et,gc_primetime,gc_early_window,gc_travel_tz,gc_west_coast_early,gc_rest_days,gc_short_week,gc_off_bye,gc_opp_rest_days,gc_rest_edge,gc_roof,gc_surface_turf,gc_div_game,gc_neutral_site","2023,2024,2025",2016-2023,cb461af0c56b4811,QB,1321941740235550720,2024,18,664,0.5320653642323847,0.5324074074074074,8.251262384441194,0.7682707251318531,26.095046799637863,1.7857782059914566,0.5378203062561171,0.537037037037037,8.229692708393038,0.7832961972794183,26.710818495105404,1.8015736616536242,-0.00575494202373239,-0.004629629629629539,0.021569676048155628,-0.015025472147565222,-0.6157716954675401,-0.015795455662167557,drop,drop,1331.48185931,,Game context: all of it,"D2: weekday, kickoff hour, primetime, 1 pm window, rest days / short week / off a bye / rest edge, time zones crossed, west-coast team at 1 pm ET, dome, turf, division game, neutral site"
20261001132351,2026-10-01 13:23:51.775327+00,v2.0,fx1.0,game_context,intermediate.int_player_week_game_context,"gc_weekday,gc_kickoff_hour_et,gc_primetime,gc_early_window,gc_travel_tz,gc_west_coast_early,gc_rest_days,gc_short_week,gc_off_bye,gc_opp_rest_days,gc_rest_edge,gc_roof,gc_surface_turf,gc_div_game,gc_neutral_site","2023,2024,2025",2016-2024,cb461af0c56b4811,QB,1321941740235550720,2025,18,677,0.5151986105832449,0.49074074074074076,8.29455510090645,0.7520705101700722,25.064939548454646,1.7649027183831743,0.5234057942815578,0.5,8.278642263988383,0.7411352864589952,24.865893888561384,1.7824104113937187,-0.008207183698312859,-0.009259259259259245,0.01591283691806744,0.010935223711077025,0.19904565989326173,-0.017507693010544445,drop,drop,1331.48185931,,Game context: all of it,"D2: weekday, kickoff hour, primetime, 1 pm window, rest days / short week / off a bye / rest edge, time zones crossed, west-coast team at 1 pm ET, dome, turf, division game, neutral site"
20261001132351,2026-10-01 13:23:51.775327+00,v2.0,fx1.0,game_context,intermediate.int_player_week_game_context,"gc_weekday,gc_kickoff_hour_et,gc_primetime,gc_early_window,gc_travel_tz,gc_west_coast_early,gc_rest_days,gc_short_week,gc_off_bye,gc_opp_rest_days,gc_rest_edge,gc_roof,gc_surface_turf,gc_div_game,gc_neutral_site","2023,2024,2025",2016-2022,cb461af0c56b4811,QB,1389709692405551104,2023,18,680,0.541882846576798,0.5231481481481481,5.782549625529048,0.7232577887030078,17.48529489510896,1.2252457133828045,0.5256801096145087,0.5092592592592592,5.834538085906659,0.7325778275744548,17.728945478610413,1.221190584290215,0.016202736962289244,0.01388888888888895,-0.05198846037761129,-0.009320038871446945,-0.2436505835014522,0.004055129092589427,drop,drop,1331.48185931,,Game context: all of it,"D2: weekday, kickoff hour, primetime, 1 pm window, rest days / short week / off a bye / rest edge, time zones crossed, west-coast team at 1 pm ET, dome, turf, division game, neutral site"
20261001132351,2026-10-01 13:23:51.775327+00,v2.0,fx1.0,game_context,intermediate.int_player_week_game_context,"gc_weekday,gc_kickoff_hour_et,gc_primetime,gc_early_window,gc_travel_tz,gc_west_coast_early,gc_rest_days,gc_short_week,gc_off_bye,gc_opp_rest_days,gc_rest_edge,gc_roof,gc_surface_turf,gc_div_game,gc_neutral_site","2023,2024,2025",2016-2023,cb461af0c56b4811,QB,1389709692405551104,2024,18,664,0.5566108649291321,0.537037037037037,5.973214170002175,0.7904863062317132,19.058030574184453,1.2703624310267732,0.5561325996135695,0.5416666666666666,5.968519084105844,0.7902428660657924,19.21547087231386,1.2754083507094145,0.0004782653155626093,-0.00462962962962965,0.004695085896330831,0.0002434401659208163,-0.15744029812940497,-0.005045919682641342,drop,drop,1331.48185931,,Game context: all of it,"D2: weekday, kickoff hour, primetime, 1 pm window, rest days / short week / off a bye / rest edge, time zones crossed, west-coast team at 1 pm ET, dome, turf, division game, neutral site"
20261001132351,2026-10-01 13:23:51.775327+00,v2.0,fx1.0,game_context,intermediate.int_player_week_game_context,"gc_weekday,gc_kickoff_hour_et,gc_primetime,gc_early_window,gc_travel_tz,gc_west_coast_early,gc_rest_days,gc_short_week,gc_off_bye,gc_opp_rest_days,gc_rest_edge,gc_roof,gc_surface_turf,gc_div_game,gc_neutral_site","2023,2024,2025",2016-2024,cb461af0c56b4811,QB,1389709692405551104,2025,18,677,0.5246730240223353,0.4722222222222222,6.042896180988808,0.7423505998696666,18.208432469385,1.2703397257040132,0.5352093003571752,0.5138888888888888,6.035030058329808,0.7561931599873815,18.28492217449843,1.2794175833228147,-0.010536276334839889,-0.04166666666666663,0.00786612265899933,-0.013842560117714897,-0.07648970511343123,-0.009077857618801533,drop,drop,1331.48185931,,Game context: all of it,"D2: weekday, kickoff hour, primetime, 1 pm window, rest days / short week / off a bye / rest edge, time zones crossed, west-coast team at 1 pm ET, dome, turf, division game, neutral site"
20261001132351,2026-10-01 13:23:51.775327+00,v2.0,fx1.0,game_context,intermediate.int_player_week_game_context,"gc_weekday,gc_kickoff_hour_et,gc_primetime,gc_early_window,gc_travel_tz,gc_west_coast_early,gc_rest_days,gc_short_week,gc_off_bye,gc_opp_rest_days,gc_rest_edge,gc_roof,gc_surface_turf,gc_div_game,gc_neutral_site","2023,2024,2025",2016-2022,cb461af0c56b4811,RB,1321941740235550720,2023,18,1482,0.67839102579592,0.6342592592592592,4.587671161066171,0.8379586531539366,14.545355402576108,1.0213514506841719,0.6789541487937356,0.625,4.565048339555861,0.8228197362354811,14.326257632153418,1.0210909471159724,-0.0005631229978155794,0.00925925925925919,0.022622821510310587,0.01513891691845548,0.21909777042269063,0.0002605035681995105,drop,drop,1331.48185931,,Game context: all of it,"D2: weekday, kickoff hour, primetime, 1 pm window, rest days / short week / off a bye / rest edge, time zones crossed, west-coast team at 1 pm ET, dome, turf, division game, neutral site"
20261001132351,2026-10-01 13:23:51.775327+00,v2.0,fx1.0,game_context,intermediate.int_player_week_game_context,"gc_weekday,gc_kickoff_hour_et,gc_primetime,gc_early_window,gc_travel_tz,gc_west_coast_early,gc_rest_days,gc_short_week,gc_off_bye,gc_opp_rest_days,gc_rest_edge,gc_roof,gc_surface_turf,gc_div_game,gc_neutral_site","2023,2024,2025",2016-2023,cb461af0c56b4811,RB,1321941740235550720,2024,18,1495,0.6860196086487375,0.6805555555555556,4.712172185873452,0.7984426308556205,14.812721950915282,1.0149910468105483,0.683982337730687,0.6736111111111112,4.709033406682767,0.7849798036617669,14.778347489149919,1.0140256700401826,0.0020372709180505044,0.00694444444444442,0.0031387791906851703,0.01346282719385361,0.03437446176536341,0.0009653767703656779,drop,drop,1331.48185931,,Game context: all of it,"D2: weekday, kickoff hour, primetime, 1 pm window, rest days / short week / off a bye / rest edge, time zones crossed, west-coast team at 1 pm ET, dome, turf, division game, neutral site"
20261001132351,2026-10-01 13:23:51.775327+00,v2.0,fx1.0,game_context,intermediate.int_player_week_game_context,"gc_weekday,gc_kickoff_hour_et,gc_primetime,gc_early_window,gc_travel_tz,gc_west_coast_early,gc_rest_days,gc_short_week,gc_off_bye,gc_opp_rest_days,gc_rest_edge,gc_roof,gc_surface_turf,gc_div_game,gc_neutral_site","2023,2024,2025",2016-2024,cb461af0c56b4811,RB,1321941740235550720,2025,18,1518,0.6934450542631865,0.6296296296296297,4.743166944259426,0.7857062558048984,14.49147534913133,1.0429261480392369,0.6950103969394773,0.6365740740740741,4.747744357797661,0.7855412596247372,14.36464541810875,1.046606036495452,-0.0015653426762908262,-0.00694444444444442,-0.004577413538235042,0.0001649961801611921,0.1268299310225789,-0.0036798884562150302,drop,drop,1331.48185931,,Game context: all of it,"D2: weekday, kickoff hour, primetime, 1 pm window, rest days / short week / off a bye / rest edge, time zones crossed, west-coast team at 1 pm ET, dome, turf, division game, neutral site"
20261001132351,2026-10-01 13:23:51.775327+00,v2.0,fx1.0,game_context,intermediate.int_player_week_game_context,"gc_weekday,gc_kickoff_hour_et,gc_primetime,gc_early_window,gc_travel_tz,gc_west_coast_early,gc_rest_days,gc_short_week,gc_off_bye,gc_opp_rest_days,gc_rest_edge,gc_roof,gc_surface_turf,gc_div_game,gc_neutral_site","2023,2024,2025",2016-2022,cb461af0c56b4811,RB,1389709692405551104,2023,18,1482,0.6746733795675524,0.6041666666666666,4.14233657825686,0.824257117288875,12.545625207965326,0.9158226943928722,0.6756450176028727,0.6064814814814814,4.117502283433733,0.8174518733456249,12.449043123468384,0.9050705985700918,-0.0009716380353202991,-0.0023148148148147696,0.024834294823127046,0.0068052439432501055,0.0965820844969425,0.010752095822780472,drop,drop,1331.48185931,,Game context: all of it,"D2: weekday, kickoff hour, primetime, 1 pm window, rest days / short week / off a bye / rest edge, time zones crossed, west-coast team at 1 pm ET, dome, turf, division game, neutral site"
20261001132351,2026-10-01 13:23:51.775327+00,v2.0,fx1.0,game_context,intermediate.int_player_week_game_context,"gc_weekday,gc_kickoff_hour_et,gc_primetime,gc_early_window,gc_travel_tz,gc_west_coast_early,gc_rest_days,gc_short_week,gc_off_bye,gc_opp_rest_days,gc_rest_edge,gc_roof,gc_surface_turf,gc_div_game,gc_neutral_site","2023,2024,2025",2016-2023,cb461af0c56b4811,RB,1389709692405551104,2024,18,1495,0.6789318689308002,0.6527777777777778,4.2265016413124235,0.7978109050968998,13.047229232651095,0.9074878081343096,0.6760537172860128,0.6574074074074074,4.228841728668209,0.8025266257202242,13.044841079231357,0.9064258267080072,0.00287815164478733,-0.00462962962962965,-0.002340087355785947,-0.004715720623324371,0.0023881534197371934,0.0010619814263024274,drop,drop,1331.48185931,,Game context: all of it,"D2: weekday, kickoff hour, primetime, 1 pm window, rest days / short week / off a bye / rest edge, time zones crossed, west-coast team at 1 pm ET, dome, turf, division game, neutral site"
20261001132351,2026-10-01 13:23:51.775327+00,v2.0,fx1.0,game_context,intermediate.int_player_week_game_context,"gc_weekday,gc_kickoff_hour_et,gc_primetime,gc_early_window,gc_travel_tz,gc_west_coast_early,gc_rest_days,gc_short_week,gc_off_bye,gc_opp_rest_days,gc_rest_edge,gc_roof,gc_surface_turf,gc_div_game,gc_neutral_site","2023,2024,2025",2016-2024,cb461af0c56b4811,RB,1389709692405551104,2025,18,1518,0.6896984026934997,0.6111111111111112,4.2840795727029075,0.7949320609932008,12.610264760783814,0.9271452409324191,0.6908815711950581,0.6134259259259259,4.282656131176271,0.7755417665473705,12.727053613563863,0.932001735176007,-0.0011831685015584181,-0.0023148148148147696,0.0014234415266365374,0.01939029444583029,-0.11678885278004891,-0.004856494243587917,drop,drop,1331.48185931,,Game context: all of it,"D2: weekday, kickoff hour, primetime, 1 pm window, rest days / short week / off a bye / rest edge, time zones crossed, west-coast team at 1 pm ET, dome, turf, division game, neutral site"
20261001132351,2026-10-01 13:23:51.775327+00,v2.0,fx1.0,game_context,intermediate.int_player_week_game_context,"gc_weekday,gc_kickoff_hour_et,gc_primetime,gc_early_window,gc_travel_tz,gc_west_coast_early,gc_rest_days,gc_short_week,gc_off_bye,gc_opp_rest_days,gc_rest_edge,gc_roof,gc_surface_turf,gc_div_game,gc_neutral_site","2023,2024,2025",2016-2022,cb461af0c56b4811,TE,1321941740235550720,2023,18,1177,0.5717022276415428,0.5092592592592592,3.433372341254289,0.81406939371662,10.546018062609408,0.7556566218692441,0.5731549358489271,0.5138888888888888,3.404402167383241,0.8034886757774902,10.492863184652377,0.7471459897645805,-0.0014527082073843012,-0.00462962962962965,0.028970173871047944,0.010580717939129847,0.05315487795703078,0.008510632104663629,drop,drop,1331.48185931,,Game context: all of it,"D2: weekday, kickoff hour, primetime, 1 pm window, rest days / short week / off a bye / rest edge, time zones crossed, west-coast team at 1 pm ET, dome, turf, division game, neutral site"
20261001132351,2026-10-01 13:23:51.775327+00,v2.0,fx1.0,game_context,intermediate.int_player_week_game_context,"gc_weekday,gc_kickoff_hour_et,gc_primetime,gc_early_window,gc_travel_tz,gc_west_coast_early,gc_rest_days,gc_short_week,gc_off_bye,gc_opp_rest_days,gc_rest_edge,gc_roof,gc_surface_turf,gc_div_game,gc_neutral_site","2023,2024,2025",2016-2023,cb461af0c56b4811,TE,1321941740235550720,2024,18,1221,0.5728749354532936,0.4722222222222222,3.6049267283886217,0.7961136214865105,10.306575673215981,0.7939351794823635,0.574264077708444,0.4583333333333333,3.59539965470318,0.7743029055589911,10.206185491509853,0.7903953884216951,-0.0013891422551504107,0.013888888888888895,0.00952707368544159,0.021810715927519486,0.10039018170612835,0.0035397910606683736,drop,drop,1331.48185931,,Game context: all of it,"D2: weekday, kickoff hour, primetime, 1 pm window, rest days / short week / off a bye / rest edge, time zones crossed, west-coast team at 1 pm ET, dome, turf, division game, neutral site"
20261001132351,2026-10-01 13:23:51.775327+00,v2.0,fx1.0,game_context,intermediate.int_player_week_game_context,"gc_weekday,gc_kickoff_hour_et,gc_primetime,gc_early_window,gc_travel_tz,gc_west_coast_early,gc_rest_days,gc_short_week,gc_off_bye,gc_opp_rest_days,gc_rest_edge,gc_roof,gc_surface_turf,gc_div_game,gc_neutral_site","2023,2024,2025",2016-2024,cb461af0c56b4811,TE,1321941740235550720,2025,18,1268,0.6243497386727472,0.4305555555555556,3.5173202726221025,0.8146164271783003,10.087131653839217,0.8018862303754706,0.6253565710969989,0.4212962962962963,3.5060303412258347,0.8274175947019309,10.087548898832267,0.8008154658194906,-0.0010068324242517024,0.0092592592592593,0.011289931396267772,-0.012801167523630586,-0.00041724499305040297,0.001070764555979986,drop,drop,1331.48185931,,Game context: all of it,"D2: weekday, kickoff hour, primetime, 1 pm window, rest days / short week / off a bye / rest edge, time zones crossed, west-coast team at 1 pm ET, dome, turf, division game, neutral site"
20261001132351,2026-10-01 13:23:51.775327+00,v2.0,fx1.0,game_context,intermediate.int_player_week_game_context,"gc_weekday,gc_kickoff_hour_et,gc_primetime,gc_early_window,gc_travel_tz,gc_west_coast_early,gc_rest_days,gc_short_week,gc_off_bye,gc_opp_rest_days,gc_rest_edge,gc_roof,gc_surface_turf,gc_div_game,gc_neutral_site","2023,2024,2025",2016-2022,cb461af0c56b4811,TE,1389709692405551104,2023,18,1177,0.549151148335298,0.49074074074074076,2.877382105805851,0.818612570663594,8.852373149722021,0.6403247250292904,0.5526674547558043,0.48148148148148145,2.8536294975103322,0.8104562828686124,8.769791614718581,0.6359043614952173,-0.0035163064205062655,0.0092592592592593,0.02375260829551884,0.008156287794981676,0.08258153500344001,0.004420363534073046,drop,drop,1331.48185931,,Game context: all of it,"D2: weekday, kickoff hour, primetime, 1 pm window, rest days / short week / off a bye / rest edge, time zones crossed, west-coast team at 1 pm ET, dome, turf, division game, neutral site"
20261001132351,2026-10-01 13:23:51.775327+00,v2.0,fx1.0,game_context,intermediate.int_player_week_game_context,"gc_weekday,gc_kickoff_hour_et,gc_primetime,gc_early_window,gc_travel_tz,gc_west_coast_early,gc_rest_days,gc_short_week,gc_off_bye,gc_opp_rest_days,gc_rest_edge,gc_roof,gc_surface_turf,gc_div_game,gc_neutral_site","2023,2024,2025",2016-2023,cb461af0c56b4811,TE,1389709692405551104,2024,18,1221,0.5573221304010222,0.4305555555555556,3.0064004440623373,0.7934181616680518,8.608969613200848,0.647391540351857,0.5598785707889994,0.4212962962962963,2.995168113013023,0.8091092743419375,8.61647263454671,0.654603840250283,-0.002556440387977199,0.0092592592592593,0.011232331049314315,-0.015691112673885677,-0.007503021345861782,-0.007212299898425978,drop,drop,1331.48185931,,Game context: all of it,"D2: weekday, kickoff hour, primetime, 1 pm window, rest days / short week / off a bye / rest edge, time zones crossed, west-coast team at 1 pm ET, dome, turf, division game, neutral site"
20261001132351,2026-10-01 13:23:51.775327+00,v2.0,fx1.0,game_context,intermediate.int_player_week_game_context,"gc_weekday,gc_kickoff_hour_et,gc_primetime,gc_early_window,gc_travel_tz,gc_west_coast_early,gc_rest_days,gc_short_week,gc_off_bye,gc_opp_rest_days,gc_rest_edge,gc_roof,gc_surface_turf,gc_div_game,gc_neutral_site","2023,2024,2025",2016-2024,cb461af0c56b4811,TE,1389709692405551104,2025,18,1268,0.6096503053366078,0.40740740740740744,2.994148545450166,0.8045765298280932,8.435581358688296,0.6836796319419707,0.6114816218323065,0.39814814814814814,2.9795136555105186,0.8302488484538157,8.566879777547221,0.6825983815690715,-0.001831316495698676,0.0092592592592593,0.014634889939647344,-0.0256723186257225,-0.13129841885892546,0.0010812503728991896,drop,drop,1331.48185931,,Game context: all of it,"D2: weekday, kickoff hour, primetime, 1 pm window, rest days / short week / off a bye / rest edge, time zones crossed, west-coast team at 1 pm ET, dome, turf, division game, neutral site"
20261001132351,2026-10-01 13:23:51.775327+00,v2.0,fx1.0,game_context,intermediate.int_player_week_game_context,"gc_weekday,gc_kickoff_hour_et,gc_primetime,gc_early_window,gc_travel_tz,gc_west_coast_early,gc_rest_days,gc_short_week,gc_off_bye,gc_opp_rest_days,gc_rest_edge,gc_roof,gc_surface_turf,gc_div_game,gc_neutral_site","2023,2024,2025",2016-2022,cb461af0c56b4811,WR,1321941740235550720,2023,18,2393,0.6410529723498724,0.49537037037037035,4.83802630926267,0.8230466685139619,15.043077934916019,1.0615487896408125,0.6392918990013178,0.5,4.844521808613023,0.8276029070508462,15.19898926672618,1.063735644351547,0.001761073348554576,-0.00462962962962965,-0.006495499350353207,-0.0045562385368842495,-0.15591133181016126,-0.0021868547107346537,drop,drop,1331.48185931,,Game context: all of it,"D2: weekday, kickoff hour, primetime, 1 pm window, rest days / short week / off a bye / rest edge, time zones crossed, west-coast team at 1 pm ET, dome, turf, division game, neutral site"
20261001132351,2026-10-01 13:23:51.775327+00,v2.0,fx1.0,game_context,intermediate.int_player_week_game_context,"gc_weekday,gc_kickoff_hour_et,gc_primetime,gc_early_window,gc_travel_tz,gc_west_coast_early,gc_rest_days,gc_short_week,gc_off_bye,gc_opp_rest_days,gc_rest_edge,gc_roof,gc_surface_turf,gc_div_game,gc_neutral_site","2023,2024,2025",2016-2023,cb461af0c56b4811,WR,1321941740235550720,2024,18,2355,0.6383169316267298,0.4722222222222222,4.914975355259163,0.800881842187142,15.178927427750686,1.09004810969697,0.6392689713644507,0.46759259259259256,4.915209595301268,0.810699347029401,15.29574342823534,1.0888242050914194,-0.0009520397377209555,0.00462962962962965,-0.00023424004210514937,-0.009817504842259073,-0.11681600048465413,0.001223904605550663,drop,drop,1331.48185931,,Game context: all of it,"D2: weekday, kickoff hour, primetime, 1 pm window, rest days / short week / off a bye / rest edge, time zones crossed, west-coast team at 1 pm ET, dome, turf, division game, neutral site"
20261001132351,2026-10-01 13:23:51.775327+00,v2.0,fx1.0,game_context,intermediate.int_player_week_game_context,"gc_weekday,gc_kickoff_hour_et,gc_primetime,gc_early_window,gc_travel_tz,gc_west_coast_early,gc_rest_days,gc_short_week,gc_off_bye,gc_opp_rest_days,gc_rest_edge,gc_roof,gc_surface_turf,gc_div_game,gc_neutral_site","2023,2024,2025",2016-2024,cb461af0c56b4811,WR,1321941740235550720,2025,18,2366,0.6156391548289555,0.48148148148148145,4.605902381677534,0.8125488315600538,14.522488022888588,0.9905808352599893,0.6152386686159024,0.4791666666666667,4.600664516848402,0.8144156378966352,14.616042607224918,0.9901513399339991,0.0004004862130531084,0.0023148148148147696,0.005237864829132022,-0.001866806336581428,-0.09355458433632968,0.00042949532599023676,drop,drop,1331.48185931,,Game context: all of it,"D2: weekday, kickoff hour, primetime, 1 pm window, rest days / short week / off a bye / rest edge, time zones crossed, west-coast team at 1 pm ET, dome, turf, division game, neutral site"
20261001132351,2026-10-01 13:23:51.775327+00,v2.0,fx1.0,game_context,intermediate.int_player_week_game_context,"gc_weekday,gc_kickoff_hour_et,gc_primetime,gc_early_window,gc_travel_tz,gc_west_coast_early,gc_rest_days,gc_short_week,gc_off_bye,gc_opp_rest_days,gc_rest_edge,gc_roof,gc_surface_turf,gc_div_game,gc_neutral_site","2023,2024,2025",2016-2022,cb461af0c56b4811,WR,1389709692405551104,2023,18,2393,0.6263836078294875,0.48379629629629634,4.047971261379722,0.8226374887514183,12.683755696550367,0.8765559892718344,0.6246061268487013,0.48379629629629634,4.051944662215899,0.8202839699817535,12.623847439187115,0.8785657701147183,0.001777480980786228,0,-0.003973400836176921,0.0023535187696648308,0.05990825736325256,-0.002009780842883835,drop,drop,1331.48185931,,Game context: all of it,"D2: weekday, kickoff hour, primetime, 1 pm window, rest days / short week / off a bye / rest edge, time zones crossed, west-coast team at 1 pm ET, dome, turf, division game, neutral site"
20261001132351,2026-10-01 13:23:51.775327+00,v2.0,fx1.0,game_context,intermediate.int_player_week_game_context,"gc_weekday,gc_kickoff_hour_et,gc_primetime,gc_early_window,gc_travel_tz,gc_west_coast_early,gc_rest_days,gc_short_week,gc_off_bye,gc_opp_rest_days,gc_rest_edge,gc_roof,gc_surface_turf,gc_div_game,gc_neutral_site","2023,2024,2025",2016-2023,cb461af0c56b4811,WR,1389709692405551104,2024,18,2355,0.6248903546198864,0.46759259259259256,4.1163911282456,0.8068380446286284,12.542362701847923,0.8982665683140287,0.6258058683032384,0.4722222222222222,4.111022234789733,0.8081891862346062,12.567916698188661,0.896932017486602,-0.000915513683351965,-0.00462962962962965,0.00536889345586733,-0.0013511416059778236,-0.025553996340738294,0.0013345508274267281,drop,drop,1331.48185931,,Game context: all of it,"D2: weekday, kickoff hour, primetime, 1 pm window, rest days / short week / off a bye / rest edge, time zones crossed, west-coast team at 1 pm ET, dome, turf, division game, neutral site"
20261001132351,2026-10-01 13:23:51.775327+00,v2.0,fx1.0,game_context,intermediate.int_player_week_game_context,"gc_weekday,gc_kickoff_hour_et,gc_primetime,gc_early_window,gc_travel_tz,gc_west_coast_early,gc_rest_days,gc_short_week,gc_off_bye,gc_opp_rest_days,gc_rest_edge,gc_roof,gc_surface_turf,gc_div_game,gc_neutral_site","2023,2024,2025",2016-2024,cb461af0c56b4811,WR,1389709692405551104,2025,18,2366,0.6012982203924253,0.462962962962963,3.883079114892043,0.807919508086111,12.064520393129337,0.8210053852898574,0.60107460697586,0.45370370370370366,3.879997485317312,0.805383548509456,12.202734588861226,0.8249504578006683,0.00022361341656529365,0.009259259259259356,0.003081629574730904,0.002535959576654978,-0.13821419573188898,-0.0039450725108108875,drop,drop,1331.48185931,,Game context: all of it,"D2: weekday, kickoff hour, primetime, 1 pm window, rest days / short week / off a bye / rest edge, time zones crossed, west-coast team at 1 pm ET, dome, turf, division game, neutral site"
20261001133558,2026-10-01 13:35:58.311775+00,v2.0,fx1.0,team_style,intermediate.int_player_week_team_style,"ts_off_games,ts_def_games,ts_off_plays_pg_std,ts_off_plays_pg_l4,ts_off_sec_per_play_std,ts_off_sec_per_play_l4,ts_off_neutral_pass_rate_std,ts_off_neutral_pass_rate_l4,ts_off_proe_std,ts_off_proe_l4,ts_off_first_downs_pg_std,ts_off_first_downs_pg_l4,ts_off_top_min_pg_std,ts_off_top_min_pg_l4,ts_off_red_zone_trips_pg_std,ts_off_red_zone_trips_pg_l4,ts_off_points_per_drive_std,ts_off_points_per_drive_l4,ts_off_scoring_drive_rate_std,ts_off_scoring_drive_rate_l4,ts_off_yards_per_play_std,ts_off_yards_per_play_l4,ts_off_sacks_per_dropback_std,ts_off_sacks_per_dropback_l4,ts_off_giveaways_pg_std,ts_off_giveaways_pg_l4,ts_def_plays_pg_std,ts_def_plays_pg_l4,ts_def_sec_per_play_std,ts_def_sec_per_play_l4,ts_def_neutral_pass_rate_std,ts_def_neutral_pass_rate_l4,ts_def_proe_std,ts_def_proe_l4,ts_def_first_downs_pg_std,ts_def_first_downs_pg_l4,ts_def_top_min_pg_std,ts_def_top_min_pg_l4,ts_def_red_zone_trips_pg_std,ts_def_red_zone_trips_pg_l4,ts_def_points_per_drive_std,ts_def_points_per_drive_l4,ts_def_scoring_drive_rate_std,ts_def_scoring_drive_rate_l4,ts_def_yards_per_play_std,ts_def_yards_per_play_l4,ts_def_sacks_per_dropback_std,ts_def_sacks_per_dropback_l4,ts_def_giveaways_pg_std,ts_def_giveaways_pg_l4,ts_pace_product,ts_pass_env","2023,2024,2025",2016-2022,cb461af0c56b4811,QB,1321941740235550720,2023,18,680,0.5414268307639881,0.5416666666666666,8.058374856545157,0.7308655730919474,24.86738116693034,1.70293644703955,0.5224559100126451,0.49074074074074076,8.118371856627013,0.7275863423148562,24.62127940559263,1.695443064960612,0.01897092075134299,0.050925925925925875,-0.05999700008185549,0.0032792307770912466,0.24610176133770878,0.007493382078938016,drop,drop,1898.1186839369998,,Team volume and style (all),"his offense's and the opponent defense's plays, pace, pass rate, first downs, possession, drives; season and last 4, shrunk to last season"
20261001133558,2026-10-01 13:35:58.311775+00,v2.0,fx1.0,team_style,intermediate.int_player_week_team_style,"ts_off_games,ts_def_games,ts_off_plays_pg_std,ts_off_plays_pg_l4,ts_off_sec_per_play_std,ts_off_sec_per_play_l4,ts_off_neutral_pass_rate_std,ts_off_neutral_pass_rate_l4,ts_off_proe_std,ts_off_proe_l4,ts_off_first_downs_pg_std,ts_off_first_downs_pg_l4,ts_off_top_min_pg_std,ts_off_top_min_pg_l4,ts_off_red_zone_trips_pg_std,ts_off_red_zone_trips_pg_l4,ts_off_points_per_drive_std,ts_off_points_per_drive_l4,ts_off_scoring_drive_rate_std,ts_off_scoring_drive_rate_l4,ts_off_yards_per_play_std,ts_off_yards_per_play_l4,ts_off_sacks_per_dropback_std,ts_off_sacks_per_dropback_l4,ts_off_giveaways_pg_std,ts_off_giveaways_pg_l4,ts_def_plays_pg_std,ts_def_plays_pg_l4,ts_def_sec_per_play_std,ts_def_sec_per_play_l4,ts_def_neutral_pass_rate_std,ts_def_neutral_pass_rate_l4,ts_def_proe_std,ts_def_proe_l4,ts_def_first_downs_pg_std,ts_def_first_downs_pg_l4,ts_def_top_min_pg_std,ts_def_top_min_pg_l4,ts_def_red_zone_trips_pg_std,ts_def_red_zone_trips_pg_l4,ts_def_points_per_drive_std,ts_def_points_per_drive_l4,ts_def_scoring_drive_rate_std,ts_def_scoring_drive_rate_l4,ts_def_yards_per_play_std,ts_def_yards_per_play_l4,ts_def_sacks_per_dropback_std,ts_def_sacks_per_dropback_l4,ts_def_giveaways_pg_std,ts_def_giveaways_pg_l4,ts_pace_product,ts_pass_env","2023,2024,2025",2016-2023,cb461af0c56b4811,QB,1321941740235550720,2024,18,664,0.5300799322535013,0.5277777777777778,8.271274048012097,0.7896175690742164,26.316836545399273,1.7780541714685907,0.5378203062561171,0.537037037037037,8.229692708393038,0.7832961972794183,26.710818495105404,1.8015736616536242,-0.007740374002615846,-0.00925925925925919,0.041581339619058966,0.006321371794798081,-0.39398194970613076,-0.02351949018503352,drop,drop,1898.1186839369998,,Team volume and style (all),"his offense's and the opponent defense's plays, pace, pass rate, first downs, possession, drives; season and last 4, shrunk to last season"
20261001133558,2026-10-01 13:35:58.311775+00,v2.0,fx1.0,team_style,intermediate.int_player_week_team_style,"ts_off_games,ts_def_games,ts_off_plays_pg_std,ts_off_plays_pg_l4,ts_off_sec_per_play_std,ts_off_sec_per_play_l4,ts_off_neutral_pass_rate_std,ts_off_neutral_pass_rate_l4,ts_off_proe_std,ts_off_proe_l4,ts_off_first_downs_pg_std,ts_off_first_downs_pg_l4,ts_off_top_min_pg_std,ts_off_top_min_pg_l4,ts_off_red_zone_trips_pg_std,ts_off_red_zone_trips_pg_l4,ts_off_points_per_drive_std,ts_off_points_per_drive_l4,ts_off_scoring_drive_rate_std,ts_off_scoring_drive_rate_l4,ts_off_yards_per_play_std,ts_off_yards_per_play_l4,ts_off_sacks_per_dropback_std,ts_off_sacks_per_dropback_l4,ts_off_giveaways_pg_std,ts_off_giveaways_pg_l4,ts_def_plays_pg_std,ts_def_plays_pg_l4,ts_def_sec_per_play_std,ts_def_sec_per_play_l4,ts_def_neutral_pass_rate_std,ts_def_neutral_pass_rate_l4,ts_def_proe_std,ts_def_proe_l4,ts_def_first_downs_pg_std,ts_def_first_downs_pg_l4,ts_def_top_min_pg_std,ts_def_top_min_pg_l4,ts_def_red_zone_trips_pg_std,ts_def_red_zone_trips_pg_l4,ts_def_points_per_drive_std,ts_def_points_per_drive_l4,ts_def_scoring_drive_rate_std,ts_def_scoring_drive_rate_l4,ts_def_yards_per_play_std,ts_def_yards_per_play_l4,ts_def_sacks_per_dropback_std,ts_def_sacks_per_dropback_l4,ts_def_giveaways_pg_std,ts_def_giveaways_pg_l4,ts_pace_product,ts_pass_env","2023,2024,2025",2016-2024,cb461af0c56b4811,QB,1321941740235550720,2025,18,677,0.505514920563008,0.4722222222222222,8.374728232678189,0.7366707133218214,25.161764989501815,1.797341506535545,0.5234057942815578,0.5,8.278642263988383,0.7411352864589952,24.865893888561384,1.7824104113937187,-0.017890873718549805,-0.02777777777777779,0.09608596868980612,-0.004464573137173744,0.2958711009404311,0.014931095141826223,drop,drop,1898.1186839369998,,Team volume and style (all),"his offense's and the opponent defense's plays, pace, pass rate, first downs, possession, drives; season and last 4, shrunk to last season"
20261001133558,2026-10-01 13:35:58.311775+00,v2.0,fx1.0,team_style,intermediate.int_player_week_team_style,"ts_off_games,ts_def_games,ts_off_plays_pg_std,ts_off_plays_pg_l4,ts_off_sec_per_play_std,ts_off_sec_per_play_l4,ts_off_neutral_pass_rate_std,ts_off_neutral_pass_rate_l4,ts_off_proe_std,ts_off_proe_l4,ts_off_first_downs_pg_std,ts_off_first_downs_pg_l4,ts_off_top_min_pg_std,ts_off_top_min_pg_l4,ts_off_red_zone_trips_pg_std,ts_off_red_zone_trips_pg_l4,ts_off_points_per_drive_std,ts_off_points_per_drive_l4,ts_off_scoring_drive_rate_std,ts_off_scoring_drive_rate_l4,ts_off_yards_per_play_std,ts_off_yards_per_play_l4,ts_off_sacks_per_dropback_std,ts_off_sacks_per_dropback_l4,ts_off_giveaways_pg_std,ts_off_giveaways_pg_l4,ts_def_plays_pg_std,ts_def_plays_pg_l4,ts_def_sec_per_play_std,ts_def_sec_per_play_l4,ts_def_neutral_pass_rate_std,ts_def_neutral_pass_rate_l4,ts_def_proe_std,ts_def_proe_l4,ts_def_first_downs_pg_std,ts_def_first_downs_pg_l4,ts_def_top_min_pg_std,ts_def_top_min_pg_l4,ts_def_red_zone_trips_pg_std,ts_def_red_zone_trips_pg_l4,ts_def_points_per_drive_std,ts_def_points_per_drive_l4,ts_def_scoring_drive_rate_std,ts_def_scoring_drive_rate_l4,ts_def_yards_per_play_std,ts_def_yards_per_play_l4,ts_def_sacks_per_dropback_std,ts_def_sacks_per_dropback_l4,ts_def_giveaways_pg_std,ts_def_giveaways_pg_l4,ts_pace_product,ts_pass_env","2023,2024,2025",2016-2022,cb461af0c56b4811,QB,1389709692405551104,2023,18,680,0.5467691842183465,0.5555555555555556,5.78945009836853,0.7422224108689793,17.988518427684046,1.2158525874351411,0.5256801096145087,0.5092592592592592,5.834538085906659,0.7325778275744548,17.728945478610413,1.221190584290215,0.0210890746038378,0.04629629629629639,-0.04508798753812915,0.009644583294524556,0.2595729490736325,-0.005337996855073968,drop,drop,1898.1186839369998,,Team volume and style (all),"his offense's and the opponent defense's plays, pace, pass rate, first downs, possession, drives; season and last 4, shrunk to last season"
20261001133558,2026-10-01 13:35:58.311775+00,v2.0,fx1.0,team_style,intermediate.int_player_week_team_style,"ts_off_games,ts_def_games,ts_off_plays_pg_std,ts_off_plays_pg_l4,ts_off_sec_per_play_std,ts_off_sec_per_play_l4,ts_off_neutral_pass_rate_std,ts_off_neutral_pass_rate_l4,ts_off_proe_std,ts_off_proe_l4,ts_off_first_downs_pg_std,ts_off_first_downs_pg_l4,ts_off_top_min_pg_std,ts_off_top_min_pg_l4,ts_off_red_zone_trips_pg_std,ts_off_red_zone_trips_pg_l4,ts_off_points_per_drive_std,ts_off_points_per_drive_l4,ts_off_scoring_drive_rate_std,ts_off_scoring_drive_rate_l4,ts_off_yards_per_play_std,ts_off_yards_per_play_l4,ts_off_sacks_per_dropback_std,ts_off_sacks_per_dropback_l4,ts_off_giveaways_pg_std,ts_off_giveaways_pg_l4,ts_def_plays_pg_std,ts_def_plays_pg_l4,ts_def_sec_per_play_std,ts_def_sec_per_play_l4,ts_def_neutral_pass_rate_std,ts_def_neutral_pass_rate_l4,ts_def_proe_std,ts_def_proe_l4,ts_def_first_downs_pg_std,ts_def_first_downs_pg_l4,ts_def_top_min_pg_std,ts_def_top_min_pg_l4,ts_def_red_zone_trips_pg_std,ts_def_red_zone_trips_pg_l4,ts_def_points_per_drive_std,ts_def_points_per_drive_l4,ts_def_scoring_drive_rate_std,ts_def_scoring_drive_rate_l4,ts_def_yards_per_play_std,ts_def_yards_per_play_l4,ts_def_sacks_per_dropback_std,ts_def_sacks_per_dropback_l4,ts_def_giveaways_pg_std,ts_def_giveaways_pg_l4,ts_pace_product,ts_pass_env","2023,2024,2025",2016-2023,cb461af0c56b4811,QB,1389709692405551104,2024,18,664,0.5505498825823771,0.5416666666666666,5.981505674277405,0.7856709353030211,19.04144821669205,1.2626814260651704,0.5561325996135695,0.5416666666666666,5.968519084105844,0.7902428660657924,19.21547087231386,1.2754083507094145,-0.005582717031192397,0,0.012986590171561119,-0.004571930762771292,-0.1740226556218083,-0.012726924644244075,drop,drop,1898.1186839369998,,Team volume and style (all),"his offense's and the opponent defense's plays, pace, pass rate, first downs, possession, drives; season and last 4, shrunk to last season"
20261001133558,2026-10-01 13:35:58.311775+00,v2.0,fx1.0,team_style,intermediate.int_player_week_team_style,"ts_off_games,ts_def_games,ts_off_plays_pg_std,ts_off_plays_pg_l4,ts_off_sec_per_play_std,ts_off_sec_per_play_l4,ts_off_neutral_pass_rate_std,ts_off_neutral_pass_rate_l4,ts_off_proe_std,ts_off_proe_l4,ts_off_first_downs_pg_std,ts_off_first_downs_pg_l4,ts_off_top_min_pg_std,ts_off_top_min_pg_l4,ts_off_red_zone_trips_pg_std,ts_off_red_zone_trips_pg_l4,ts_off_points_per_drive_std,ts_off_points_per_drive_l4,ts_off_scoring_drive_rate_std,ts_off_scoring_drive_rate_l4,ts_off_yards_per_play_std,ts_off_yards_per_play_l4,ts_off_sacks_per_dropback_std,ts_off_sacks_per_dropback_l4,ts_off_giveaways_pg_std,ts_off_giveaways_pg_l4,ts_def_plays_pg_std,ts_def_plays_pg_l4,ts_def_sec_per_play_std,ts_def_sec_per_play_l4,ts_def_neutral_pass_rate_std,ts_def_neutral_pass_rate_l4,ts_def_proe_std,ts_def_proe_l4,ts_def_first_downs_pg_std,ts_def_first_downs_pg_l4,ts_def_top_min_pg_std,ts_def_top_min_pg_l4,ts_def_red_zone_trips_pg_std,ts_def_red_zone_trips_pg_l4,ts_def_points_per_drive_std,ts_def_points_per_drive_l4,ts_def_scoring_drive_rate_std,ts_def_scoring_drive_rate_l4,ts_def_yards_per_play_std,ts_def_yards_per_play_l4,ts_def_sacks_per_dropback_std,ts_def_sacks_per_dropback_l4,ts_def_giveaways_pg_std,ts_def_giveaways_pg_l4,ts_pace_product,ts_pass_env","2023,2024,2025",2016-2024,cb461af0c56b4811,QB,1389709692405551104,2025,18,677,0.5106751573324101,0.4861111111111111,6.081854138830046,0.7310249634182562,17.95678240211854,1.3009791932444679,0.5352093003571752,0.5138888888888888,6.035030058329808,0.7561931599873815,18.28492217449843,1.2794175833228147,-0.024534143024765087,-0.027777777777777735,0.046824080500237564,-0.02516819656912528,-0.32813977237988823,0.021561609921653124,drop,drop,1898.1186839369998,,Team volume and style (all),"his offense's and the opponent defense's plays, pace, pass rate, first downs, possession, drives; season and last 4, shrunk to last season"
20261001133558,2026-10-01 13:35:58.311775+00,v2.0,fx1.0,team_style,intermediate.int_player_week_team_style,"ts_off_games,ts_def_games,ts_off_plays_pg_std,ts_off_plays_pg_l4,ts_off_sec_per_play_std,ts_off_sec_per_play_l4,ts_off_neutral_pass_rate_std,ts_off_neutral_pass_rate_l4,ts_off_proe_std,ts_off_proe_l4,ts_off_first_downs_pg_std,ts_off_first_downs_pg_l4,ts_off_top_min_pg_std,ts_off_top_min_pg_l4,ts_off_red_zone_trips_pg_std,ts_off_red_zone_trips_pg_l4,ts_off_points_per_drive_std,ts_off_points_per_drive_l4,ts_off_scoring_drive_rate_std,ts_off_scoring_drive_rate_l4,ts_off_yards_per_play_std,ts_off_yards_per_play_l4,ts_off_sacks_per_dropback_std,ts_off_sacks_per_dropback_l4,ts_off_giveaways_pg_std,ts_off_giveaways_pg_l4,ts_def_plays_pg_std,ts_def_plays_pg_l4,ts_def_sec_per_play_std,ts_def_sec_per_play_l4,ts_def_neutral_pass_rate_std,ts_def_neutral_pass_rate_l4,ts_def_proe_std,ts_def_proe_l4,ts_def_first_downs_pg_std,ts_def_first_downs_pg_l4,ts_def_top_min_pg_std,ts_def_top_min_pg_l4,ts_def_red_zone_trips_pg_std,ts_def_red_zone_trips_pg_l4,ts_def_points_per_drive_std,ts_def_points_per_drive_l4,ts_def_scoring_drive_rate_std,ts_def_scoring_drive_rate_l4,ts_def_yards_per_play_std,ts_def_yards_per_play_l4,ts_def_sacks_per_dropback_std,ts_def_sacks_per_dropback_l4,ts_def_giveaways_pg_std,ts_def_giveaways_pg_l4,ts_pace_product,ts_pass_env","2023,2024,2025",2016-2022,cb461af0c56b4811,RB,1321941740235550720,2023,18,1482,0.6763354891344542,0.6319444444444444,4.5860105265368665,0.8184215604988552,14.479235100794467,1.012324439644164,0.6789541487937356,0.625,4.565048339555861,0.8228197362354811,14.326257632153418,1.0210909471159724,-0.0026186596592814304,0.00694444444444442,0.020962186981005715,-0.004398175736625931,0.15297746864104944,-0.008766507471808405,drop,drop,1898.1186839369998,,Team volume and style (all),"his offense's and the opponent defense's plays, pace, pass rate, first downs, possession, drives; season and last 4, shrunk to last season"
20261001133558,2026-10-01 13:35:58.311775+00,v2.0,fx1.0,team_style,intermediate.int_player_week_team_style,"ts_off_games,ts_def_games,ts_off_plays_pg_std,ts_off_plays_pg_l4,ts_off_sec_per_play_std,ts_off_sec_per_play_l4,ts_off_neutral_pass_rate_std,ts_off_neutral_pass_rate_l4,ts_off_proe_std,ts_off_proe_l4,ts_off_first_downs_pg_std,ts_off_first_downs_pg_l4,ts_off_top_min_pg_std,ts_off_top_min_pg_l4,ts_off_red_zone_trips_pg_std,ts_off_red_zone_trips_pg_l4,ts_off_points_per_drive_std,ts_off_points_per_drive_l4,ts_off_scoring_drive_rate_std,ts_off_scoring_drive_rate_l4,ts_off_yards_per_play_std,ts_off_yards_per_play_l4,ts_off_sacks_per_dropback_std,ts_off_sacks_per_dropback_l4,ts_off_giveaways_pg_std,ts_off_giveaways_pg_l4,ts_def_plays_pg_std,ts_def_plays_pg_l4,ts_def_sec_per_play_std,ts_def_sec_per_play_l4,ts_def_neutral_pass_rate_std,ts_def_neutral_pass_rate_l4,ts_def_proe_std,ts_def_proe_l4,ts_def_first_downs_pg_std,ts_def_first_downs_pg_l4,ts_def_top_min_pg_std,ts_def_top_min_pg_l4,ts_def_red_zone_trips_pg_std,ts_def_red_zone_trips_pg_l4,ts_def_points_per_drive_std,ts_def_points_per_drive_l4,ts_def_scoring_drive_rate_std,ts_def_scoring_drive_rate_l4,ts_def_yards_per_play_std,ts_def_yards_per_play_l4,ts_def_sacks_per_dropback_std,ts_def_sacks_per_dropback_l4,ts_def_giveaways_pg_std,ts_def_giveaways_pg_l4,ts_pace_product,ts_pass_env","2023,2024,2025",2016-2023,cb461af0c56b4811,RB,1321941740235550720,2024,18,1495,0.6805807863257249,0.6643518518518519,4.760128626410907,0.7854419518288135,14.69091563932611,1.0283236642571358,0.683982337730687,0.6736111111111112,4.709033406682767,0.7849798036617669,14.778347489149919,1.0140256700401826,-0.003401551404962011,-0.0092592592592593,0.051095219728139796,0.00046214816704659434,-0.08743184982380825,0.014297994216953214,drop,drop,1898.1186839369998,,Team volume and style (all),"his offense's and the opponent defense's plays, pace, pass rate, first downs, possession, drives; season and last 4, shrunk to last season"
20261001133558,2026-10-01 13:35:58.311775+00,v2.0,fx1.0,team_style,intermediate.int_player_week_team_style,"ts_off_games,ts_def_games,ts_off_plays_pg_std,ts_off_plays_pg_l4,ts_off_sec_per_play_std,ts_off_sec_per_play_l4,ts_off_neutral_pass_rate_std,ts_off_neutral_pass_rate_l4,ts_off_proe_std,ts_off_proe_l4,ts_off_first_downs_pg_std,ts_off_first_downs_pg_l4,ts_off_top_min_pg_std,ts_off_top_min_pg_l4,ts_off_red_zone_trips_pg_std,ts_off_red_zone_trips_pg_l4,ts_off_points_per_drive_std,ts_off_points_per_drive_l4,ts_off_scoring_drive_rate_std,ts_off_scoring_drive_rate_l4,ts_off_yards_per_play_std,ts_off_yards_per_play_l4,ts_off_sacks_per_dropback_std,ts_off_sacks_per_dropback_l4,ts_off_giveaways_pg_std,ts_off_giveaways_pg_l4,ts_def_plays_pg_std,ts_def_plays_pg_l4,ts_def_sec_per_play_std,ts_def_sec_per_play_l4,ts_def_neutral_pass_rate_std,ts_def_neutral_pass_rate_l4,ts_def_proe_std,ts_def_proe_l4,ts_def_first_downs_pg_std,ts_def_first_downs_pg_l4,ts_def_top_min_pg_std,ts_def_top_min_pg_l4,ts_def_red_zone_trips_pg_std,ts_def_red_zone_trips_pg_l4,ts_def_points_per_drive_std,ts_def_points_per_drive_l4,ts_def_scoring_drive_rate_std,ts_def_scoring_drive_rate_l4,ts_def_yards_per_play_std,ts_def_yards_per_play_l4,ts_def_sacks_per_dropback_std,ts_def_sacks_per_dropback_l4,ts_def_giveaways_pg_std,ts_def_giveaways_pg_l4,ts_pace_product,ts_pass_env","2023,2024,2025",2016-2024,cb461af0c56b4811,RB,1321941740235550720,2025,18,1518,0.6928062559136209,0.6342592592592592,4.775229293897403,0.7818107832732729,14.51791262779625,1.0504646122057568,0.6950103969394773,0.6365740740740741,4.747744357797661,0.7855412596247372,14.36464541810875,1.046606036495452,-0.002204141025856421,-0.0023148148148148806,0.027484936099742008,-0.0037304763514642847,0.15326720968749896,0.003858575710304901,drop,drop,1898.1186839369998,,Team volume and style (all),"his offense's and the opponent defense's plays, pace, pass rate, first downs, possession, drives; season and last 4, shrunk to last season"
20261001133558,2026-10-01 13:35:58.311775+00,v2.0,fx1.0,team_style,intermediate.int_player_week_team_style,"ts_off_games,ts_def_games,ts_off_plays_pg_std,ts_off_plays_pg_l4,ts_off_sec_per_play_std,ts_off_sec_per_play_l4,ts_off_neutral_pass_rate_std,ts_off_neutral_pass_rate_l4,ts_off_proe_std,ts_off_proe_l4,ts_off_first_downs_pg_std,ts_off_first_downs_pg_l4,ts_off_top_min_pg_std,ts_off_top_min_pg_l4,ts_off_red_zone_trips_pg_std,ts_off_red_zone_trips_pg_l4,ts_off_points_per_drive_std,ts_off_points_per_drive_l4,ts_off_scoring_drive_rate_std,ts_off_scoring_drive_rate_l4,ts_off_yards_per_play_std,ts_off_yards_per_play_l4,ts_off_sacks_per_dropback_std,ts_off_sacks_per_dropback_l4,ts_off_giveaways_pg_std,ts_off_giveaways_pg_l4,ts_def_plays_pg_std,ts_def_plays_pg_l4,ts_def_sec_per_play_std,ts_def_sec_per_play_l4,ts_def_neutral_pass_rate_std,ts_def_neutral_pass_rate_l4,ts_def_proe_std,ts_def_proe_l4,ts_def_first_downs_pg_std,ts_def_first_downs_pg_l4,ts_def_top_min_pg_std,ts_def_top_min_pg_l4,ts_def_red_zone_trips_pg_std,ts_def_red_zone_trips_pg_l4,ts_def_points_per_drive_std,ts_def_points_per_drive_l4,ts_def_scoring_drive_rate_std,ts_def_scoring_drive_rate_l4,ts_def_yards_per_play_std,ts_def_yards_per_play_l4,ts_def_sacks_per_dropback_std,ts_def_sacks_per_dropback_l4,ts_def_giveaways_pg_std,ts_def_giveaways_pg_l4,ts_pace_product,ts_pass_env","2023,2024,2025",2016-2022,cb461af0c56b4811,RB,1389709692405551104,2023,18,1482,0.6738666315721158,0.6157407407407408,4.130928411221474,0.8218062776443431,12.90684628825572,0.906545229042027,0.6756450176028727,0.6064814814814814,4.117502283433733,0.8174518733456249,12.449043123468384,0.9050705985700918,-0.0017783860307568622,0.009259259259259411,0.013426127787740327,0.004354404298718251,0.45780316478733596,0.00147463047193519,drop,drop,1898.1186839369998,,Team volume and style (all),"his offense's and the opponent defense's plays, pace, pass rate, first downs, possession, drives; season and last 4, shrunk to last season"
20261001133558,2026-10-01 13:35:58.311775+00,v2.0,fx1.0,team_style,intermediate.int_player_week_team_style,"ts_off_games,ts_def_games,ts_off_plays_pg_std,ts_off_plays_pg_l4,ts_off_sec_per_play_std,ts_off_sec_per_play_l4,ts_off_neutral_pass_rate_std,ts_off_neutral_pass_rate_l4,ts_off_proe_std,ts_off_proe_l4,ts_off_first_downs_pg_std,ts_off_first_downs_pg_l4,ts_off_top_min_pg_std,ts_off_top_min_pg_l4,ts_off_red_zone_trips_pg_std,ts_off_red_zone_trips_pg_l4,ts_off_points_per_drive_std,ts_off_points_per_drive_l4,ts_off_scoring_drive_rate_std,ts_off_scoring_drive_rate_l4,ts_off_yards_per_play_std,ts_off_yards_per_play_l4,ts_off_sacks_per_dropback_std,ts_off_sacks_per_dropback_l4,ts_off_giveaways_pg_std,ts_off_giveaways_pg_l4,ts_def_plays_pg_std,ts_def_plays_pg_l4,ts_def_sec_per_play_std,ts_def_sec_per_play_l4,ts_def_neutral_pass_rate_std,ts_def_neutral_pass_rate_l4,ts_def_proe_std,ts_def_proe_l4,ts_def_first_downs_pg_std,ts_def_first_downs_pg_l4,ts_def_top_min_pg_std,ts_def_top_min_pg_l4,ts_def_red_zone_trips_pg_std,ts_def_red_zone_trips_pg_l4,ts_def_points_per_drive_std,ts_def_points_per_drive_l4,ts_def_scoring_drive_rate_std,ts_def_scoring_drive_rate_l4,ts_def_yards_per_play_std,ts_def_yards_per_play_l4,ts_def_sacks_per_dropback_std,ts_def_sacks_per_dropback_l4,ts_def_giveaways_pg_std,ts_def_giveaways_pg_l4,ts_pace_product,ts_pass_env","2023,2024,2025",2016-2023,cb461af0c56b4811,RB,1389709692405551104,2024,18,1495,0.6737863216402773,0.6481481481481481,4.271172982252512,0.7915013904038032,13.085059939061267,0.9145956826122278,0.6760537172860128,0.6574074074074074,4.228841728668209,0.8025266257202242,13.044841079231357,0.9064258267080072,-0.002267395645735526,-0.0092592592592593,0.042331253584302786,-0.011025235316420967,0.0402188598299098,0.008169855904220591,drop,drop,1898.1186839369998,,Team volume and style (all),"his offense's and the opponent defense's plays, pace, pass rate, first downs, possession, drives; season and last 4, shrunk to last season"
20261001133558,2026-10-01 13:35:58.311775+00,v2.0,fx1.0,team_style,intermediate.int_player_week_team_style,"ts_off_games,ts_def_games,ts_off_plays_pg_std,ts_off_plays_pg_l4,ts_off_sec_per_play_std,ts_off_sec_per_play_l4,ts_off_neutral_pass_rate_std,ts_off_neutral_pass_rate_l4,ts_off_proe_std,ts_off_proe_l4,ts_off_first_downs_pg_std,ts_off_first_downs_pg_l4,ts_off_top_min_pg_std,ts_off_top_min_pg_l4,ts_off_red_zone_trips_pg_std,ts_off_red_zone_trips_pg_l4,ts_off_points_per_drive_std,ts_off_points_per_drive_l4,ts_off_scoring_drive_rate_std,ts_off_scoring_drive_rate_l4,ts_off_yards_per_play_std,ts_off_yards_per_play_l4,ts_off_sacks_per_dropback_std,ts_off_sacks_per_dropback_l4,ts_off_giveaways_pg_std,ts_off_giveaways_pg_l4,ts_def_plays_pg_std,ts_def_plays_pg_l4,ts_def_sec_per_play_std,ts_def_sec_per_play_l4,ts_def_neutral_pass_rate_std,ts_def_neutral_pass_rate_l4,ts_def_proe_std,ts_def_proe_l4,ts_def_first_downs_pg_std,ts_def_first_downs_pg_l4,ts_def_top_min_pg_std,ts_def_top_min_pg_l4,ts_def_red_zone_trips_pg_std,ts_def_red_zone_trips_pg_l4,ts_def_points_per_drive_std,ts_def_points_per_drive_l4,ts_def_scoring_drive_rate_std,ts_def_scoring_drive_rate_l4,ts_def_yards_per_play_std,ts_def_yards_per_play_l4,ts_def_sacks_per_dropback_std,ts_def_sacks_per_dropback_l4,ts_def_giveaways_pg_std,ts_def_giveaways_pg_l4,ts_pace_product,ts_pass_env","2023,2024,2025",2016-2024,cb461af0c56b4811,RB,1389709692405551104,2025,18,1518,0.6888299283035079,0.6134259259259259,4.320464002838751,0.7817553209708662,12.899764799066467,0.9400937966990731,0.6908815711950581,0.6134259259259259,4.282656131176271,0.7755417665473705,12.727053613563863,0.932001735176007,-0.0020516428915502427,0,0.0378078716624799,0.006213554423495693,0.1727111855026049,0.008092061523066074,drop,drop,1898.1186839369998,,Team volume and style (all),"his offense's and the opponent defense's plays, pace, pass rate, first downs, possession, drives; season and last 4, shrunk to last season"
20261001133558,2026-10-01 13:35:58.311775+00,v2.0,fx1.0,team_style,intermediate.int_player_week_team_style,"ts_off_games,ts_def_games,ts_off_plays_pg_std,ts_off_plays_pg_l4,ts_off_sec_per_play_std,ts_off_sec_per_play_l4,ts_off_neutral_pass_rate_std,ts_off_neutral_pass_rate_l4,ts_off_proe_std,ts_off_proe_l4,ts_off_first_downs_pg_std,ts_off_first_downs_pg_l4,ts_off_top_min_pg_std,ts_off_top_min_pg_l4,ts_off_red_zone_trips_pg_std,ts_off_red_zone_trips_pg_l4,ts_off_points_per_drive_std,ts_off_points_per_drive_l4,ts_off_scoring_drive_rate_std,ts_off_scoring_drive_rate_l4,ts_off_yards_per_play_std,ts_off_yards_per_play_l4,ts_off_sacks_per_dropback_std,ts_off_sacks_per_dropback_l4,ts_off_giveaways_pg_std,ts_off_giveaways_pg_l4,ts_def_plays_pg_std,ts_def_plays_pg_l4,ts_def_sec_per_play_std,ts_def_sec_per_play_l4,ts_def_neutral_pass_rate_std,ts_def_neutral_pass_rate_l4,ts_def_proe_std,ts_def_proe_l4,ts_def_first_downs_pg_std,ts_def_first_downs_pg_l4,ts_def_top_min_pg_std,ts_def_top_min_pg_l4,ts_def_red_zone_trips_pg_std,ts_def_red_zone_trips_pg_l4,ts_def_points_per_drive_std,ts_def_points_per_drive_l4,ts_def_scoring_drive_rate_std,ts_def_scoring_drive_rate_l4,ts_def_yards_per_play_std,ts_def_yards_per_play_l4,ts_def_sacks_per_dropback_std,ts_def_sacks_per_dropback_l4,ts_def_giveaways_pg_std,ts_def_giveaways_pg_l4,ts_pace_product,ts_pass_env","2023,2024,2025",2016-2022,cb461af0c56b4811,TE,1321941740235550720,2023,18,1177,0.57092399159064,0.5046296296296297,3.434159029054326,0.8060234787333199,10.42575054466769,0.7646683682311459,0.5731549358489271,0.5138888888888888,3.404402167383241,0.8034886757774902,10.492863184652377,0.7471459897645805,-0.002230944258287071,-0.00925925925925919,0.0297568616710846,0.0025348029558297513,-0.0671126399846873,0.017522378466565458,drop,drop,1898.1186839369998,,Team volume and style (all),"his offense's and the opponent defense's plays, pace, pass rate, first downs, possession, drives; season and last 4, shrunk to last season"
20261001133558,2026-10-01 13:35:58.311775+00,v2.0,fx1.0,team_style,intermediate.int_player_week_team_style,"ts_off_games,ts_def_games,ts_off_plays_pg_std,ts_off_plays_pg_l4,ts_off_sec_per_play_std,ts_off_sec_per_play_l4,ts_off_neutral_pass_rate_std,ts_off_neutral_pass_rate_l4,ts_off_proe_std,ts_off_proe_l4,ts_off_first_downs_pg_std,ts_off_first_downs_pg_l4,ts_off_top_min_pg_std,ts_off_top_min_pg_l4,ts_off_red_zone_trips_pg_std,ts_off_red_zone_trips_pg_l4,ts_off_points_per_drive_std,ts_off_points_per_drive_l4,ts_off_scoring_drive_rate_std,ts_off_scoring_drive_rate_l4,ts_off_yards_per_play_std,ts_off_yards_per_play_l4,ts_off_sacks_per_dropback_std,ts_off_sacks_per_dropback_l4,ts_off_giveaways_pg_std,ts_off_giveaways_pg_l4,ts_def_plays_pg_std,ts_def_plays_pg_l4,ts_def_sec_per_play_std,ts_def_sec_per_play_l4,ts_def_neutral_pass_rate_std,ts_def_neutral_pass_rate_l4,ts_def_proe_std,ts_def_proe_l4,ts_def_first_downs_pg_std,ts_def_first_downs_pg_l4,ts_def_top_min_pg_std,ts_def_top_min_pg_l4,ts_def_red_zone_trips_pg_std,ts_def_red_zone_trips_pg_l4,ts_def_points_per_drive_std,ts_def_points_per_drive_l4,ts_def_scoring_drive_rate_std,ts_def_scoring_drive_rate_l4,ts_def_yards_per_play_std,ts_def_yards_per_play_l4,ts_def_sacks_per_dropback_std,ts_def_sacks_per_dropback_l4,ts_def_giveaways_pg_std,ts_def_giveaways_pg_l4,ts_pace_product,ts_pass_env","2023,2024,2025",2016-2023,cb461af0c56b4811,TE,1321941740235550720,2024,18,1221,0.5635183424484292,0.462962962962963,3.610533682723068,0.7998610740677478,10.01602001448183,0.7939444670115628,0.574264077708444,0.4583333333333333,3.59539965470318,0.7743029055589911,10.206185491509853,0.7903953884216951,-0.010745735260014766,0.004629629629629706,0.015134028019887946,0.025558168508756696,-0.19016547702802278,0.003549078589867749,drop,drop,1898.1186839369998,,Team volume and style (all),"his offense's and the opponent defense's plays, pace, pass rate, first downs, possession, drives; season and last 4, shrunk to last season"
20261001133558,2026-10-01 13:35:58.311775+00,v2.0,fx1.0,team_style,intermediate.int_player_week_team_style,"ts_off_games,ts_def_games,ts_off_plays_pg_std,ts_off_plays_pg_l4,ts_off_sec_per_play_std,ts_off_sec_per_play_l4,ts_off_neutral_pass_rate_std,ts_off_neutral_pass_rate_l4,ts_off_proe_std,ts_off_proe_l4,ts_off_first_downs_pg_std,ts_off_first_downs_pg_l4,ts_off_top_min_pg_std,ts_off_top_min_pg_l4,ts_off_red_zone_trips_pg_std,ts_off_red_zone_trips_pg_l4,ts_off_points_per_drive_std,ts_off_points_per_drive_l4,ts_off_scoring_drive_rate_std,ts_off_scoring_drive_rate_l4,ts_off_yards_per_play_std,ts_off_yards_per_play_l4,ts_off_sacks_per_dropback_std,ts_off_sacks_per_dropback_l4,ts_off_giveaways_pg_std,ts_off_giveaways_pg_l4,ts_def_plays_pg_std,ts_def_plays_pg_l4,ts_def_sec_per_play_std,ts_def_sec_per_play_l4,ts_def_neutral_pass_rate_std,ts_def_neutral_pass_rate_l4,ts_def_proe_std,ts_def_proe_l4,ts_def_first_downs_pg_std,ts_def_first_downs_pg_l4,ts_def_top_min_pg_std,ts_def_top_min_pg_l4,ts_def_red_zone_trips_pg_std,ts_def_red_zone_trips_pg_l4,ts_def_points_per_drive_std,ts_def_points_per_drive_l4,ts_def_scoring_drive_rate_std,ts_def_scoring_drive_rate_l4,ts_def_yards_per_play_std,ts_def_yards_per_play_l4,ts_def_sacks_per_dropback_std,ts_def_sacks_per_dropback_l4,ts_def_giveaways_pg_std,ts_def_giveaways_pg_l4,ts_pace_product,ts_pass_env","2023,2024,2025",2016-2024,cb461af0c56b4811,TE,1321941740235550720,2025,18,1268,0.6234128581933267,0.4490740740740741,3.4897435411710775,0.8134604173180787,9.861170197011905,0.8039995152612243,0.6253565710969989,0.4212962962962963,3.5060303412258347,0.8274175947019309,10.087548898832267,0.8008154658194906,-0.0019437129036722345,0.027777777777777846,-0.016286800054757133,-0.01395717738385216,-0.22637870182036224,0.0031840494417336718,drop,drop,1898.1186839369998,,Team volume and style (all),"his offense's and the opponent defense's plays, pace, pass rate, first downs, possession, drives; season and last 4, shrunk to last season"
20261001133558,2026-10-01 13:35:58.311775+00,v2.0,fx1.0,team_style,intermediate.int_player_week_team_style,"ts_off_games,ts_def_games,ts_off_plays_pg_std,ts_off_plays_pg_l4,ts_off_sec_per_play_std,ts_off_sec_per_play_l4,ts_off_neutral_pass_rate_std,ts_off_neutral_pass_rate_l4,ts_off_proe_std,ts_off_proe_l4,ts_off_first_downs_pg_std,ts_off_first_downs_pg_l4,ts_off_top_min_pg_std,ts_off_top_min_pg_l4,ts_off_red_zone_trips_pg_std,ts_off_red_zone_trips_pg_l4,ts_off_points_per_drive_std,ts_off_points_per_drive_l4,ts_off_scoring_drive_rate_std,ts_off_scoring_drive_rate_l4,ts_off_yards_per_play_std,ts_off_yards_per_play_l4,ts_off_sacks_per_dropback_std,ts_off_sacks_per_dropback_l4,ts_off_giveaways_pg_std,ts_off_giveaways_pg_l4,ts_def_plays_pg_std,ts_def_plays_pg_l4,ts_def_sec_per_play_std,ts_def_sec_per_play_l4,ts_def_neutral_pass_rate_std,ts_def_neutral_pass_rate_l4,ts_def_proe_std,ts_def_proe_l4,ts_def_first_downs_pg_std,ts_def_first_downs_pg_l4,ts_def_top_min_pg_std,ts_def_top_min_pg_l4,ts_def_red_zone_trips_pg_std,ts_def_red_zone_trips_pg_l4,ts_def_points_per_drive_std,ts_def_points_per_drive_l4,ts_def_scoring_drive_rate_std,ts_def_scoring_drive_rate_l4,ts_def_yards_per_play_std,ts_def_yards_per_play_l4,ts_def_sacks_per_dropback_std,ts_def_sacks_per_dropback_l4,ts_def_giveaways_pg_std,ts_def_giveaways_pg_l4,ts_pace_product,ts_pass_env","2023,2024,2025",2016-2022,cb461af0c56b4811,TE,1389709692405551104,2023,18,1177,0.5488778024728561,0.48148148148148145,2.8782194131102283,0.8066656720686152,8.778957415162816,0.6445416090633187,0.5526674547558043,0.48148148148148145,2.8536294975103322,0.8104562828686124,8.769791614718581,0.6359043614952173,-0.0037896522829481416,0,0.024589915599896095,-0.003790610799997207,0.009165800444234762,0.008637247568101358,drop,drop,1898.1186839369998,,Team volume and style (all),"his offense's and the opponent defense's plays, pace, pass rate, first downs, possession, drives; season and last 4, shrunk to last season"
20261001133558,2026-10-01 13:35:58.311775+00,v2.0,fx1.0,team_style,intermediate.int_player_week_team_style,"ts_off_games,ts_def_games,ts_off_plays_pg_std,ts_off_plays_pg_l4,ts_off_sec_per_play_std,ts_off_sec_per_play_l4,ts_off_neutral_pass_rate_std,ts_off_neutral_pass_rate_l4,ts_off_proe_std,ts_off_proe_l4,ts_off_first_downs_pg_std,ts_off_first_downs_pg_l4,ts_off_top_min_pg_std,ts_off_top_min_pg_l4,ts_off_red_zone_trips_pg_std,ts_off_red_zone_trips_pg_l4,ts_off_points_per_drive_std,ts_off_points_per_drive_l4,ts_off_scoring_drive_rate_std,ts_off_scoring_drive_rate_l4,ts_off_yards_per_play_std,ts_off_yards_per_play_l4,ts_off_sacks_per_dropback_std,ts_off_sacks_per_dropback_l4,ts_off_giveaways_pg_std,ts_off_giveaways_pg_l4,ts_def_plays_pg_std,ts_def_plays_pg_l4,ts_def_sec_per_play_std,ts_def_sec_per_play_l4,ts_def_neutral_pass_rate_std,ts_def_neutral_pass_rate_l4,ts_def_proe_std,ts_def_proe_l4,ts_def_first_downs_pg_std,ts_def_first_downs_pg_l4,ts_def_top_min_pg_std,ts_def_top_min_pg_l4,ts_def_red_zone_trips_pg_std,ts_def_red_zone_trips_pg_l4,ts_def_points_per_drive_std,ts_def_points_per_drive_l4,ts_def_scoring_drive_rate_std,ts_def_scoring_drive_rate_l4,ts_def_yards_per_play_std,ts_def_yards_per_play_l4,ts_def_sacks_per_dropback_std,ts_def_sacks_per_dropback_l4,ts_def_giveaways_pg_std,ts_def_giveaways_pg_l4,ts_pace_product,ts_pass_env","2023,2024,2025",2016-2023,cb461af0c56b4811,TE,1389709692405551104,2024,18,1221,0.5492234252505307,0.4166666666666667,3.003606143717777,0.7941724010264096,8.46038997196522,0.6547060486016314,0.5598785707889994,0.4212962962962963,2.995168113013023,0.8091092743419375,8.61647263454671,0.654603840250283,-0.010655145538468691,-0.004629629629629595,0.008438030704753796,-0.014936873315527843,-0.15608266258148973,0.00010220835134844286,drop,drop,1898.1186839369998,,Team volume and style (all),"his offense's and the opponent defense's plays, pace, pass rate, first downs, possession, drives; season and last 4, shrunk to last season"
20261001133558,2026-10-01 13:35:58.311775+00,v2.0,fx1.0,team_style,intermediate.int_player_week_team_style,"ts_off_games,ts_def_games,ts_off_plays_pg_std,ts_off_plays_pg_l4,ts_off_sec_per_play_std,ts_off_sec_per_play_l4,ts_off_neutral_pass_rate_std,ts_off_neutral_pass_rate_l4,ts_off_proe_std,ts_off_proe_l4,ts_off_first_downs_pg_std,ts_off_first_downs_pg_l4,ts_off_top_min_pg_std,ts_off_top_min_pg_l4,ts_off_red_zone_trips_pg_std,ts_off_red_zone_trips_pg_l4,ts_off_points_per_drive_std,ts_off_points_per_drive_l4,ts_off_scoring_drive_rate_std,ts_off_scoring_drive_rate_l4,ts_off_yards_per_play_std,ts_off_yards_per_play_l4,ts_off_sacks_per_dropback_std,ts_off_sacks_per_dropback_l4,ts_off_giveaways_pg_std,ts_off_giveaways_pg_l4,ts_def_plays_pg_std,ts_def_plays_pg_l4,ts_def_sec_per_play_std,ts_def_sec_per_play_l4,ts_def_neutral_pass_rate_std,ts_def_neutral_pass_rate_l4,ts_def_proe_std,ts_def_proe_l4,ts_def_first_downs_pg_std,ts_def_first_downs_pg_l4,ts_def_top_min_pg_std,ts_def_top_min_pg_l4,ts_def_red_zone_trips_pg_std,ts_def_red_zone_trips_pg_l4,ts_def_points_per_drive_std,ts_def_points_per_drive_l4,ts_def_scoring_drive_rate_std,ts_def_scoring_drive_rate_l4,ts_def_yards_per_play_std,ts_def_yards_per_play_l4,ts_def_sacks_per_dropback_std,ts_def_sacks_per_dropback_l4,ts_def_giveaways_pg_std,ts_def_giveaways_pg_l4,ts_pace_product,ts_pass_env","2023,2024,2025",2016-2024,cb461af0c56b4811,TE,1389709692405551104,2025,18,1268,0.6081117406750397,0.4212962962962963,2.9673905879681524,0.799522566613748,8.088601671417935,0.677906229475283,0.6114816218323065,0.39814814814814814,2.9795136555105186,0.8302488484538157,8.566879777547221,0.6825983815690715,-0.003369881157266774,0.02314814814814814,-0.01212306754236625,-0.03072628184006776,-0.47827810612928623,-0.004692152093788482,drop,drop,1898.1186839369998,,Team volume and style (all),"his offense's and the opponent defense's plays, pace, pass rate, first downs, possession, drives; season and last 4, shrunk to last season"
20261001133558,2026-10-01 13:35:58.311775+00,v2.0,fx1.0,team_style,intermediate.int_player_week_team_style,"ts_off_games,ts_def_games,ts_off_plays_pg_std,ts_off_plays_pg_l4,ts_off_sec_per_play_std,ts_off_sec_per_play_l4,ts_off_neutral_pass_rate_std,ts_off_neutral_pass_rate_l4,ts_off_proe_std,ts_off_proe_l4,ts_off_first_downs_pg_std,ts_off_first_downs_pg_l4,ts_off_top_min_pg_std,ts_off_top_min_pg_l4,ts_off_red_zone_trips_pg_std,ts_off_red_zone_trips_pg_l4,ts_off_points_per_drive_std,ts_off_points_per_drive_l4,ts_off_scoring_drive_rate_std,ts_off_scoring_drive_rate_l4,ts_off_yards_per_play_std,ts_off_yards_per_play_l4,ts_off_sacks_per_dropback_std,ts_off_sacks_per_dropback_l4,ts_off_giveaways_pg_std,ts_off_giveaways_pg_l4,ts_def_plays_pg_std,ts_def_plays_pg_l4,ts_def_sec_per_play_std,ts_def_sec_per_play_l4,ts_def_neutral_pass_rate_std,ts_def_neutral_pass_rate_l4,ts_def_proe_std,ts_def_proe_l4,ts_def_first_downs_pg_std,ts_def_first_downs_pg_l4,ts_def_top_min_pg_std,ts_def_top_min_pg_l4,ts_def_red_zone_trips_pg_std,ts_def_red_zone_trips_pg_l4,ts_def_points_per_drive_std,ts_def_points_per_drive_l4,ts_def_scoring_drive_rate_std,ts_def_scoring_drive_rate_l4,ts_def_yards_per_play_std,ts_def_yards_per_play_l4,ts_def_sacks_per_dropback_std,ts_def_sacks_per_dropback_l4,ts_def_giveaways_pg_std,ts_def_giveaways_pg_l4,ts_pace_product,ts_pass_env","2023,2024,2025",2016-2022,cb461af0c56b4811,WR,1321941740235550720,2023,18,2393,0.6402587418534678,0.49768518518518523,4.856416574203566,0.8196328418737235,15.154409656380052,1.0643260192085604,0.6392918990013178,0.5,4.844521808613023,0.8276029070508462,15.19898926672618,1.063735644351547,0.000966842852149985,-0.0023148148148147696,0.01189476559054281,-0.00797006517712262,-0.04457961034612801,0.0005903748570132983,drop,drop,1898.1186839369998,,Team volume and style (all),"his offense's and the opponent defense's plays, pace, pass rate, first downs, possession, drives; season and last 4, shrunk to last season"
20261001133558,2026-10-01 13:35:58.311775+00,v2.0,fx1.0,team_style,intermediate.int_player_week_team_style,"ts_off_games,ts_def_games,ts_off_plays_pg_std,ts_off_plays_pg_l4,ts_off_sec_per_play_std,ts_off_sec_per_play_l4,ts_off_neutral_pass_rate_std,ts_off_neutral_pass_rate_l4,ts_off_proe_std,ts_off_proe_l4,ts_off_first_downs_pg_std,ts_off_first_downs_pg_l4,ts_off_top_min_pg_std,ts_off_top_min_pg_l4,ts_off_red_zone_trips_pg_std,ts_off_red_zone_trips_pg_l4,ts_off_points_per_drive_std,ts_off_points_per_drive_l4,ts_off_scoring_drive_rate_std,ts_off_scoring_drive_rate_l4,ts_off_yards_per_play_std,ts_off_yards_per_play_l4,ts_off_sacks_per_dropback_std,ts_off_sacks_per_dropback_l4,ts_off_giveaways_pg_std,ts_off_giveaways_pg_l4,ts_def_plays_pg_std,ts_def_plays_pg_l4,ts_def_sec_per_play_std,ts_def_sec_per_play_l4,ts_def_neutral_pass_rate_std,ts_def_neutral_pass_rate_l4,ts_def_proe_std,ts_def_proe_l4,ts_def_first_downs_pg_std,ts_def_first_downs_pg_l4,ts_def_top_min_pg_std,ts_def_top_min_pg_l4,ts_def_red_zone_trips_pg_std,ts_def_red_zone_trips_pg_l4,ts_def_points_per_drive_std,ts_def_points_per_drive_l4,ts_def_scoring_drive_rate_std,ts_def_scoring_drive_rate_l4,ts_def_yards_per_play_std,ts_def_yards_per_play_l4,ts_def_sacks_per_dropback_std,ts_def_sacks_per_dropback_l4,ts_def_giveaways_pg_std,ts_def_giveaways_pg_l4,ts_pace_product,ts_pass_env","2023,2024,2025",2016-2023,cb461af0c56b4811,WR,1321941740235550720,2024,18,2355,0.6372819576683991,0.46064814814814814,4.939561618858104,0.8042027371157945,15.097392319180251,1.0892279453432026,0.6392689713644507,0.46759259259259256,4.915209595301268,0.810699347029401,15.29574342823534,1.0888242050914194,-0.001987013696051587,-0.00694444444444442,0.024352023556835967,-0.006496609913606566,-0.19835110905508913,0.00040374025178313566,drop,drop,1898.1186839369998,,Team volume and style (all),"his offense's and the opponent defense's plays, pace, pass rate, first downs, possession, drives; season and last 4, shrunk to last season"
20261001133558,2026-10-01 13:35:58.311775+00,v2.0,fx1.0,team_style,intermediate.int_player_week_team_style,"ts_off_games,ts_def_games,ts_off_plays_pg_std,ts_off_plays_pg_l4,ts_off_sec_per_play_std,ts_off_sec_per_play_l4,ts_off_neutral_pass_rate_std,ts_off_neutral_pass_rate_l4,ts_off_proe_std,ts_off_proe_l4,ts_off_first_downs_pg_std,ts_off_first_downs_pg_l4,ts_off_top_min_pg_std,ts_off_top_min_pg_l4,ts_off_red_zone_trips_pg_std,ts_off_red_zone_trips_pg_l4,ts_off_points_per_drive_std,ts_off_points_per_drive_l4,ts_off_scoring_drive_rate_std,ts_off_scoring_drive_rate_l4,ts_off_yards_per_play_std,ts_off_yards_per_play_l4,ts_off_sacks_per_dropback_std,ts_off_sacks_per_dropback_l4,ts_off_giveaways_pg_std,ts_off_giveaways_pg_l4,ts_def_plays_pg_std,ts_def_plays_pg_l4,ts_def_sec_per_play_std,ts_def_sec_per_play_l4,ts_def_neutral_pass_rate_std,ts_def_neutral_pass_rate_l4,ts_def_proe_std,ts_def_proe_l4,ts_def_first_downs_pg_std,ts_def_first_downs_pg_l4,ts_def_top_min_pg_std,ts_def_top_min_pg_l4,ts_def_red_zone_trips_pg_std,ts_def_red_zone_trips_pg_l4,ts_def_points_per_drive_std,ts_def_points_per_drive_l4,ts_def_scoring_drive_rate_std,ts_def_scoring_drive_rate_l4,ts_def_yards_per_play_std,ts_def_yards_per_play_l4,ts_def_sacks_per_dropback_std,ts_def_sacks_per_dropback_l4,ts_def_giveaways_pg_std,ts_def_giveaways_pg_l4,ts_pace_product,ts_pass_env","2023,2024,2025",2016-2024,cb461af0c56b4811,WR,1321941740235550720,2025,18,2366,0.6131705451861773,0.48148148148148145,4.632923176754036,0.8168417763444835,14.525706222406143,0.9968413605912659,0.6152386686159024,0.4791666666666667,4.600664516848402,0.8144156378966352,14.616042607224918,0.9901513399339991,-0.002068123429725066,0.0023148148148147696,0.03225865990563381,0.002426138447848336,-0.09033638481877482,0.006690020657266871,drop,drop,1898.1186839369998,,Team volume and style (all),"his offense's and the opponent defense's plays, pace, pass rate, first downs, possession, drives; season and last 4, shrunk to last season"
20261001133558,2026-10-01 13:35:58.311775+00,v2.0,fx1.0,team_style,intermediate.int_player_week_team_style,"ts_off_games,ts_def_games,ts_off_plays_pg_std,ts_off_plays_pg_l4,ts_off_sec_per_play_std,ts_off_sec_per_play_l4,ts_off_neutral_pass_rate_std,ts_off_neutral_pass_rate_l4,ts_off_proe_std,ts_off_proe_l4,ts_off_first_downs_pg_std,ts_off_first_downs_pg_l4,ts_off_top_min_pg_std,ts_off_top_min_pg_l4,ts_off_red_zone_trips_pg_std,ts_off_red_zone_trips_pg_l4,ts_off_points_per_drive_std,ts_off_points_per_drive_l4,ts_off_scoring_drive_rate_std,ts_off_scoring_drive_rate_l4,ts_off_yards_per_play_std,ts_off_yards_per_play_l4,ts_off_sacks_per_dropback_std,ts_off_sacks_per_dropback_l4,ts_off_giveaways_pg_std,ts_off_giveaways_pg_l4,ts_def_plays_pg_std,ts_def_plays_pg_l4,ts_def_sec_per_play_std,ts_def_sec_per_play_l4,ts_def_neutral_pass_rate_std,ts_def_neutral_pass_rate_l4,ts_def_proe_std,ts_def_proe_l4,ts_def_first_downs_pg_std,ts_def_first_downs_pg_l4,ts_def_top_min_pg_std,ts_def_top_min_pg_l4,ts_def_red_zone_trips_pg_std,ts_def_red_zone_trips_pg_l4,ts_def_points_per_drive_std,ts_def_points_per_drive_l4,ts_def_scoring_drive_rate_std,ts_def_scoring_drive_rate_l4,ts_def_yards_per_play_std,ts_def_yards_per_play_l4,ts_def_sacks_per_dropback_std,ts_def_sacks_per_dropback_l4,ts_def_giveaways_pg_std,ts_def_giveaways_pg_l4,ts_pace_product,ts_pass_env","2023,2024,2025",2016-2022,cb461af0c56b4811,WR,1389709692405551104,2023,18,2393,0.6264225628787323,0.4884259259259259,4.058513766352779,0.8180508117443058,12.559435849057525,0.875700422364085,0.6246061268487013,0.48379629629629634,4.051944662215899,0.8202839699817535,12.623847439187115,0.8785657701147183,0.00181643603003101,0.004629629629629539,0.006569104136880277,-0.00223315823744763,-0.06441159012958941,-0.002865347750633296,drop,drop,1898.1186839369998,,Team volume and style (all),"his offense's and the opponent defense's plays, pace, pass rate, first downs, possession, drives; season and last 4, shrunk to last season"
20261001133558,2026-10-01 13:35:58.311775+00,v2.0,fx1.0,team_style,intermediate.int_player_week_team_style,"ts_off_games,ts_def_games,ts_off_plays_pg_std,ts_off_plays_pg_l4,ts_off_sec_per_play_std,ts_off_sec_per_play_l4,ts_off_neutral_pass_rate_std,ts_off_neutral_pass_rate_l4,ts_off_proe_std,ts_off_proe_l4,ts_off_first_downs_pg_std,ts_off_first_downs_pg_l4,ts_off_top_min_pg_std,ts_off_top_min_pg_l4,ts_off_red_zone_trips_pg_std,ts_off_red_zone_trips_pg_l4,ts_off_points_per_drive_std,ts_off_points_per_drive_l4,ts_off_scoring_drive_rate_std,ts_off_scoring_drive_rate_l4,ts_off_yards_per_play_std,ts_off_yards_per_play_l4,ts_off_sacks_per_dropback_std,ts_off_sacks_per_dropback_l4,ts_off_giveaways_pg_std,ts_off_giveaways_pg_l4,ts_def_plays_pg_std,ts_def_plays_pg_l4,ts_def_sec_per_play_std,ts_def_sec_per_play_l4,ts_def_neutral_pass_rate_std,ts_def_neutral_pass_rate_l4,ts_def_proe_std,ts_def_proe_l4,ts_def_first_downs_pg_std,ts_def_first_downs_pg_l4,ts_def_top_min_pg_std,ts_def_top_min_pg_l4,ts_def_red_zone_trips_pg_std,ts_def_red_zone_trips_pg_l4,ts_def_points_per_drive_std,ts_def_points_per_drive_l4,ts_def_scoring_drive_rate_std,ts_def_scoring_drive_rate_l4,ts_def_yards_per_play_std,ts_def_yards_per_play_l4,ts_def_sacks_per_dropback_std,ts_def_sacks_per_dropback_l4,ts_def_giveaways_pg_std,ts_def_giveaways_pg_l4,ts_pace_product,ts_pass_env","2023,2024,2025",2016-2023,cb461af0c56b4811,WR,1389709692405551104,2024,18,2355,0.6237647459367364,0.4583333333333333,4.143219439393006,0.8016728140124687,12.646179623032785,0.9009875165096884,0.6258058683032384,0.4722222222222222,4.111022234789733,0.8081891862346062,12.567916698188661,0.896932017486602,-0.0020411223665020017,-0.013888888888888895,0.03219720460327302,-0.006516372222137523,0.07826292484412356,0.00405549902308644,drop,drop,1898.1186839369998,,Team volume and style (all),"his offense's and the opponent defense's plays, pace, pass rate, first downs, possession, drives; season and last 4, shrunk to last season"
20261001133558,2026-10-01 13:35:58.311775+00,v2.0,fx1.0,team_style,intermediate.int_player_week_team_style,"ts_off_games,ts_def_games,ts_off_plays_pg_std,ts_off_plays_pg_l4,ts_off_sec_per_play_std,ts_off_sec_per_play_l4,ts_off_neutral_pass_rate_std,ts_off_neutral_pass_rate_l4,ts_off_proe_std,ts_off_proe_l4,ts_off_first_downs_pg_std,ts_off_first_downs_pg_l4,ts_off_top_min_pg_std,ts_off_top_min_pg_l4,ts_off_red_zone_trips_pg_std,ts_off_red_zone_trips_pg_l4,ts_off_points_per_drive_std,ts_off_points_per_drive_l4,ts_off_scoring_drive_rate_std,ts_off_scoring_drive_rate_l4,ts_off_yards_per_play_std,ts_off_yards_per_play_l4,ts_off_sacks_per_dropback_std,ts_off_sacks_per_dropback_l4,ts_off_giveaways_pg_std,ts_off_giveaways_pg_l4,ts_def_plays_pg_std,ts_def_plays_pg_l4,ts_def_sec_per_play_std,ts_def_sec_per_play_l4,ts_def_neutral_pass_rate_std,ts_def_neutral_pass_rate_l4,ts_def_proe_std,ts_def_proe_l4,ts_def_first_downs_pg_std,ts_def_first_downs_pg_l4,ts_def_top_min_pg_std,ts_def_top_min_pg_l4,ts_def_red_zone_trips_pg_std,ts_def_red_zone_trips_pg_l4,ts_def_points_per_drive_std,ts_def_points_per_drive_l4,ts_def_scoring_drive_rate_std,ts_def_scoring_drive_rate_l4,ts_def_yards_per_play_std,ts_def_yards_per_play_l4,ts_def_sacks_per_dropback_std,ts_def_sacks_per_dropback_l4,ts_def_giveaways_pg_std,ts_def_giveaways_pg_l4,ts_pace_product,ts_pass_env","2023,2024,2025",2016-2024,cb461af0c56b4811,WR,1389709692405551104,2025,18,2366,0.5983468595526111,0.4583333333333333,3.9084662342746572,0.8083682574924425,12.10795479781314,0.8236616402827887,0.60107460697586,0.45370370370370366,3.879997485317312,0.805383548509456,12.202734588861226,0.8249504578006683,-0.002727747423248883,0.00462962962962965,0.02846874895734519,0.002984708982986417,-0.09477979104808654,-0.0012888175178796812,drop,drop,1898.1186839369998,,Team volume and style (all),"his offense's and the opponent defense's plays, pace, pass rate, first downs, possession, drives; season and last 4, shrunk to last season"
20261001134500,2026-10-01 13:45:00.313931+00,v2.0,fx1.0,rest,intermediate.int_player_week_game_context,"gc_rest_days,gc_short_week,gc_off_bye,gc_opp_rest_days,gc_rest_edge","2023,2024,2025",2016-2022,cb461af0c56b4811,QB,1321941740235550720,2023,18,680,0.5304036713761606,0.5138888888888888,8.098540144708117,0.7212749196544004,24.92355106611245,1.6999500752804984,0.5224559100126451,0.49074074074074076,8.118371856627013,0.7275863423148562,24.62127940559263,1.695443064960612,0.007947761363515493,0.023148148148148084,-0.019831711918895323,-0.006311422660455812,0.3022716605198177,0.004507010319886318,drop,drop,1268.4563379239999,,Rest days,"D2 sub-group: days since the last game (his team, the opponent, the edge), short week, off a bye"
20261001134500,2026-10-01 13:45:00.313931+00,v2.0,fx1.0,rest,intermediate.int_player_week_game_context,"gc_rest_days,gc_short_week,gc_off_bye,gc_opp_rest_days,gc_rest_edge","2023,2024,2025",2016-2023,cb461af0c56b4811,QB,1321941740235550720,2024,18,664,0.536285665194115,0.5324074074074074,8.258205212043364,0.7822560353951628,26.683276456268985,1.8013787815224573,0.5378203062561171,0.537037037037037,8.229692708393038,0.7832961972794183,26.710818495105404,1.8015736616536242,-0.0015346410620020734,-0.004629629629629539,0.028512503650325982,-0.001040161884255597,-0.027542038836418925,-0.00019488013116686353,drop,drop,1268.4563379239999,,Rest days,"D2 sub-group: days since the last game (his team, the opponent, the edge), short week, off a bye"
20261001134500,2026-10-01 13:45:00.313931+00,v2.0,fx1.0,rest,intermediate.int_player_week_game_context,"gc_rest_days,gc_short_week,gc_off_bye,gc_opp_rest_days,gc_rest_edge","2023,2024,2025",2016-2024,cb461af0c56b4811,QB,1321941740235550720,2025,18,677,0.5260859235260882,0.48148148148148145,8.281186097735992,0.7370545864998123,24.714036566453792,1.7569061401518544,0.5234057942815578,0.5,8.278642263988383,0.7411352864589952,24.865893888561384,1.7824104113937187,0.002680129244530427,-0.018518518518518545,0.0025438337476089146,-0.004080699959182921,-0.15185732210759184,-0.025504271241864274,drop,drop,1268.4563379239999,,Rest days,"D2 sub-group: days since the last game (his team, the opponent, the edge), short week, off a bye"
20261001134500,2026-10-01 13:45:00.313931+00,v2.0,fx1.0,rest,intermediate.int_player_week_game_context,"gc_rest_days,gc_short_week,gc_off_bye,gc_opp_rest_days,gc_rest_edge","2023,2024,2025",2016-2022,cb461af0c56b4811,QB,1389709692405551104,2023,18,680,0.5310605723550776,0.5138888888888888,5.829577713522756,0.7391522616595049,17.683764931039555,1.227524424063758,0.5256801096145087,0.5092592592592592,5.834538085906659,0.7325778275744548,17.728945478610413,1.221190584290215,0.005380462740568914,0.00462962962962965,-0.0049603723839029,0.006574434085050096,-0.04518054757085821,0.006333839773542849,drop,drop,1268.4563379239999,,Rest days,"D2 sub-group: days since the last game (his team, the opponent, the edge), short week, off a bye"
20261001134500,2026-10-01 13:45:00.313931+00,v2.0,fx1.0,rest,intermediate.int_player_week_game_context,"gc_rest_days,gc_short_week,gc_off_bye,gc_opp_rest_days,gc_rest_edge","2023,2024,2025",2016-2023,cb461af0c56b4811,QB,1389709692405551104,2024,18,664,0.5544084136311134,0.5462962962962963,5.999961644186434,0.7809910782030834,19.094937921198905,1.2730259530003887,0.5561325996135695,0.5416666666666666,5.968519084105844,0.7902428660657924,19.21547087231386,1.2754083507094145,-0.0017241859824561612,0.00462962962962965,0.0314425600805901,-0.009251787862708971,-0.12053295111495288,-0.0023823977090258186,drop,drop,1268.4563379239999,,Rest days,"D2 sub-group: days since the last game (his team, the opponent, the edge), short week, off a bye"
20261001134500,2026-10-01 13:45:00.313931+00,v2.0,fx1.0,rest,intermediate.int_player_week_game_context,"gc_rest_days,gc_short_week,gc_off_bye,gc_opp_rest_days,gc_rest_edge","2023,2024,2025",2016-2024,cb461af0c56b4811,QB,1389709692405551104,2025,18,677,0.5397981771711665,0.4861111111111111,6.020315663869791,0.7491304639394669,18.25697824579918,1.2739953163935005,0.5352093003571752,0.5138888888888888,6.035030058329808,0.7561931599873815,18.28492217449843,1.2794175833228147,0.004588876813991338,-0.027777777777777735,-0.01471439446001721,-0.007062696047914541,-0.02794392869925133,-0.005422266929314246,drop,drop,1268.4563379239999,,Rest days,"D2 sub-group: days since the last game (his team, the opponent, the edge), short week, off a bye"
20261001134500,2026-10-01 13:45:00.313931+00,v2.0,fx1.0,rest,intermediate.int_player_week_game_context,"gc_rest_days,gc_short_week,gc_off_bye,gc_opp_rest_days,gc_rest_edge","2023,2024,2025",2016-2022,cb461af0c56b4811,RB,1321941740235550720,2023,18,1482,0.6784842957138637,0.625,4.568102873263694,0.818826574429809,14.144003483327038,1.016104443849549,0.6789541487937356,0.625,4.565048339555861,0.8228197362354811,14.326257632153418,1.0210909471159724,-0.00046985307987190694,0,0.0030545337078331514,-0.0039931618056721074,-0.18225414882637914,-0.004986503266423359,drop,drop,1268.4563379239999,,Rest days,"D2 sub-group: days since the last game (his team, the opponent, the edge), short week, off a bye"
20261001134500,2026-10-01 13:45:00.313931+00,v2.0,fx1.0,rest,intermediate.int_player_week_game_context,"gc_rest_days,gc_short_week,gc_off_bye,gc_opp_rest_days,gc_rest_edge","2023,2024,2025",2016-2023,cb461af0c56b4811,RB,1321941740235550720,2024,18,1495,0.6837978095533389,0.6759259259259259,4.689809845055094,0.7972061815648857,14.798048467059033,1.0172182418791536,0.683982337730687,0.6736111111111112,4.709033406682767,0.7849798036617669,14.778347489149919,1.0140256700401826,-0.00018452817734804228,0.0023148148148147696,-0.01922356162767347,0.012226377903118757,0.01970097790911396,0.0031925718389709257,drop,drop,1268.4563379239999,,Rest days,"D2 sub-group: days since the last game (his team, the opponent, the edge), short week, off a bye"
20261001134500,2026-10-01 13:45:00.313931+00,v2.0,fx1.0,rest,intermediate.int_player_week_game_context,"gc_rest_days,gc_short_week,gc_off_bye,gc_opp_rest_days,gc_rest_edge","2023,2024,2025",2016-2024,cb461af0c56b4811,RB,1321941740235550720,2025,18,1518,0.6942579951293798,0.6365740740740741,4.721907457259472,0.7873131192977624,14.310490102983117,1.039017835791671,0.6950103969394773,0.6365740740740741,4.747744357797661,0.7855412596247372,14.36464541810875,1.046606036495452,-0.0007524018100975027,0,-0.02583690053818888,0.0017718596730251779,-0.05415531512563376,-0.007588200703780856,drop,drop,1268.4563379239999,,Rest days,"D2 sub-group: days since the last game (his team, the opponent, the edge), short week, off a bye"
20261001134500,2026-10-01 13:45:00.313931+00,v2.0,fx1.0,rest,intermediate.int_player_week_game_context,"gc_rest_days,gc_short_week,gc_off_bye,gc_opp_rest_days,gc_rest_edge","2023,2024,2025",2016-2022,cb461af0c56b4811,RB,1389709692405551104,2023,18,1482,0.6751946372083744,0.6064814814814814,4.123607915633505,0.8213128410927136,12.66334440231966,0.9083294358135414,0.6756450176028727,0.6064814814814814,4.117502283433733,0.8174518733456249,12.449043123468384,0.9050705985700918,-0.00045038039449829537,0,0.006105632199771449,0.0038609677470887727,0.21430127885127703,0.0032588372434496637,drop,drop,1268.4563379239999,,Rest days,"D2 sub-group: days since the last game (his team, the opponent, the edge), short week, off a bye"
20261001134500,2026-10-01 13:45:00.313931+00,v2.0,fx1.0,rest,intermediate.int_player_week_game_context,"gc_rest_days,gc_short_week,gc_off_bye,gc_opp_rest_days,gc_rest_edge","2023,2024,2025",2016-2023,cb461af0c56b4811,RB,1389709692405551104,2024,18,1495,0.6759557402718389,0.6574074074074074,4.207635270277063,0.8023230589513921,13.139513637009578,0.9040600523320309,0.6760537172860128,0.6574074074074074,4.228841728668209,0.8025266257202242,13.044841079231357,0.9064258267080072,-9.797701417391114e-05,0,-0.021206458391146654,-0.00020356676883204194,0.09467255777822103,-0.002365774375976293,drop,drop,1268.4563379239999,,Rest days,"D2 sub-group: days since the last game (his team, the opponent, the edge), short week, off a bye"
20261001134500,2026-10-01 13:45:00.313931+00,v2.0,fx1.0,rest,intermediate.int_player_week_game_context,"gc_rest_days,gc_short_week,gc_off_bye,gc_opp_rest_days,gc_rest_edge","2023,2024,2025",2016-2024,cb461af0c56b4811,RB,1389709692405551104,2025,18,1518,0.6902985966596376,0.6203703703703703,4.273923529299087,0.7987948803971796,12.669976332398763,0.9300206173220325,0.6908815711950581,0.6134259259259259,4.282656131176271,0.7755417665473705,12.727053613563863,0.932001735176007,-0.0005829745354205551,0.00694444444444442,-0.008732601877183832,0.023253113849809104,-0.05707728116509969,-0.00198111785397459,drop,drop,1268.4563379239999,,Rest days,"D2 sub-group: days since the last game (his team, the opponent, the edge), short week, off a bye"
20261001134500,2026-10-01 13:45:00.313931+00,v2.0,fx1.0,rest,intermediate.int_player_week_game_context,"gc_rest_days,gc_short_week,gc_off_bye,gc_opp_rest_days,gc_rest_edge","2023,2024,2025",2016-2022,cb461af0c56b4811,TE,1321941740235550720,2023,18,1177,0.5746423343666699,0.49537037037037035,3.428704804834449,0.819057392117286,10.672048809878708,0.7580487306637251,0.5731549358489271,0.5138888888888888,3.404402167383241,0.8034886757774902,10.492863184652377,0.7471459897645805,0.0014873985177428217,-0.01851851851851849,0.024302637451207865,0.01556871633979584,0.17918562522633152,0.01090274089914467,drop,drop,1268.4563379239999,,Rest days,"D2 sub-group: days since the last game (his team, the opponent, the edge), short week, off a bye"
20261001134500,2026-10-01 13:45:00.313931+00,v2.0,fx1.0,rest,intermediate.int_player_week_game_context,"gc_rest_days,gc_short_week,gc_off_bye,gc_opp_rest_days,gc_rest_edge","2023,2024,2025",2016-2023,cb461af0c56b4811,TE,1321941740235550720,2024,18,1221,0.5730600554052013,0.462962962962963,3.59633699937689,0.7976144367700582,10.206305451190019,0.793039790832921,0.574264077708444,0.4583333333333333,3.59539965470318,0.7743029055589911,10.206185491509853,0.7903953884216951,-0.00120402230324268,0.004629629629629706,0.0009373446737099833,0.023311531211067105,0.00011995968016620395,0.002644402411225877,drop,drop,1268.4563379239999,,Rest days,"D2 sub-group: days since the last game (his team, the opponent, the edge), short week, off a bye"
20261001134500,2026-10-01 13:45:00.313931+00,v2.0,fx1.0,rest,intermediate.int_player_week_game_context,"gc_rest_days,gc_short_week,gc_off_bye,gc_opp_rest_days,gc_rest_edge","2023,2024,2025",2016-2024,cb461af0c56b4811,TE,1321941740235550720,2025,18,1268,0.6244336921935584,0.4305555555555556,3.509116733268206,0.8259067793664298,9.962801159238214,0.8034407812134834,0.6253565710969989,0.4212962962962963,3.5060303412258347,0.8274175947019309,10.087548898832267,0.8008154658194906,-0.0009228789034405604,0.0092592592592593,0.0030863920423711555,-0.0015108153355011256,-0.12474773959405283,0.0026253153939928,drop,drop,1268.4563379239999,,Rest days,"D2 sub-group: days since the last game (his team, the opponent, the edge), short week, off a bye"
20261001134500,2026-10-01 13:45:00.313931+00,v2.0,fx1.0,rest,intermediate.int_player_week_game_context,"gc_rest_days,gc_short_week,gc_off_bye,gc_opp_rest_days,gc_rest_edge","2023,2024,2025",2016-2022,cb461af0c56b4811,TE,1389709692405551104,2023,18,1177,0.5531746393872615,0.47685185185185186,2.873697647428982,0.8008297474370405,8.921060623832906,0.6433491315479621,0.5526674547558043,0.48148148148148145,2.8536294975103322,0.8104562828686124,8.769791614718581,0.6359043614952173,0.0005071846314572692,-0.004629629629629595,0.02006814991864969,-0.009626535431571881,0.1512690091143245,0.007444770052744798,drop,drop,1268.4563379239999,,Rest days,"D2 sub-group: days since the last game (his team, the opponent, the edge), short week, off a bye"
20261001134500,2026-10-01 13:45:00.313931+00,v2.0,fx1.0,rest,intermediate.int_player_week_game_context,"gc_rest_days,gc_short_week,gc_off_bye,gc_opp_rest_days,gc_rest_edge","2023,2024,2025",2016-2023,cb461af0c56b4811,TE,1389709692405551104,2024,18,1221,0.5612206635512438,0.4305555555555556,2.99005333056082,0.7987611178790972,8.565610940178388,0.6524797360470722,0.5598785707889994,0.4212962962962963,2.995168113013023,0.8091092743419375,8.61647263454671,0.654603840250283,0.0013420927622443957,0.0092592592592593,-0.005114782452202871,-0.010348156462840263,-0.05086169436832222,-0.0021241042032107416,drop,drop,1268.4563379239999,,Rest days,"D2 sub-group: days since the last game (his team, the opponent, the edge), short week, off a bye"
20261001134500,2026-10-01 13:45:00.313931+00,v2.0,fx1.0,rest,intermediate.int_player_week_game_context,"gc_rest_days,gc_short_week,gc_off_bye,gc_opp_rest_days,gc_rest_edge","2023,2024,2025",2016-2024,cb461af0c56b4811,TE,1389709692405551104,2025,18,1268,0.6114651008334612,0.4305555555555556,2.982937478699099,0.8153672774414924,8.523488209547713,0.6835381954879493,0.6114816218323065,0.39814814814814814,2.9795136555105186,0.8302488484538157,8.566879777547221,0.6825983815690715,-1.6520998845304113e-05,0.03240740740740744,0.003423823188580588,-0.014881571012323347,-0.043391567999508496,0.0009398139188777632,drop,drop,1268.4563379239999,,Rest days,"D2 sub-group: days since the last game (his team, the opponent, the edge), short week, off a bye"
20261001134500,2026-10-01 13:45:00.313931+00,v2.0,fx1.0,rest,intermediate.int_player_week_game_context,"gc_rest_days,gc_short_week,gc_off_bye,gc_opp_rest_days,gc_rest_edge","2023,2024,2025",2016-2022,cb461af0c56b4811,WR,1321941740235550720,2023,18,2393,0.6411780802858059,0.49768518518518523,4.844589469586484,0.8210961204877253,15.095661955735356,1.063502410887273,0.6392918990013178,0.5,4.844521808613023,0.8276029070508462,15.19898926672618,1.063735644351547,0.001886181284488142,-0.0023148148148147696,6.766097346133648e-05,-0.00650678656312087,-0.10332731099082437,-0.000233233464274063,drop,drop,1268.4563379239999,,Rest days,"D2 sub-group: days since the last game (his team, the opponent, the edge), short week, off a bye"
20261001134500,2026-10-01 13:45:00.313931+00,v2.0,fx1.0,rest,intermediate.int_player_week_game_context,"gc_rest_days,gc_short_week,gc_off_bye,gc_opp_rest_days,gc_rest_edge","2023,2024,2025",2016-2023,cb461af0c56b4811,WR,1321941740235550720,2024,18,2355,0.6404214545768103,0.474537037037037,4.913283138577273,0.8058980910676321,15.123608041687557,1.0866687680185474,0.6392689713644507,0.46759259259259256,4.915209595301268,0.810699347029401,15.29574342823534,1.0888242050914194,0.0011524832123596118,0.00694444444444442,-0.0019264567239947183,-0.0048012559617689465,-0.17213538654778304,-0.002155437072872024,drop,drop,1268.4563379239999,,Rest days,"D2 sub-group: days since the last game (his team, the opponent, the edge), short week, off a bye"
20261001134500,2026-10-01 13:45:00.313931+00,v2.0,fx1.0,rest,intermediate.int_player_week_game_context,"gc_rest_days,gc_short_week,gc_off_bye,gc_opp_rest_days,gc_rest_edge","2023,2024,2025",2016-2024,cb461af0c56b4811,WR,1321941740235550720,2025,18,2366,0.6162423135970471,0.48148148148148145,4.606221490291283,0.8052765508936044,14.528975929774406,0.9900997655381774,0.6152386686159024,0.4791666666666667,4.600664516848402,0.8144156378966352,14.616042607224918,0.9901513399339991,0.0010036449811446913,0.0023148148148147696,0.00555697344288042,-0.009139087003030788,-0.08706667745051178,-5.157439582170742e-05,drop,drop,1268.4563379239999,,Rest days,"D2 sub-group: days since the last game (his team, the opponent, the edge), short week, off a bye"
20261001134500,2026-10-01 13:45:00.313931+00,v2.0,fx1.0,rest,intermediate.int_player_week_game_context,"gc_rest_days,gc_short_week,gc_off_bye,gc_opp_rest_days,gc_rest_edge","2023,2024,2025",2016-2022,cb461af0c56b4811,WR,1389709692405551104,2023,18,2393,0.6258047470763217,0.49074074074074076,4.052325894365912,0.818621121765258,12.640836074831421,0.876139327773197,0.6246061268487013,0.48379629629629634,4.051944662215899,0.8202839699817535,12.623847439187115,0.8785657701147183,0.001198620227620406,0.00694444444444442,0.00038123215001295563,-0.0016628482164954272,0.016988635644306527,-0.002426442341521229,drop,drop,1268.4563379239999,,Rest days,"D2 sub-group: days since the last game (his team, the opponent, the edge), short week, off a bye"
20261001134500,2026-10-01 13:45:00.313931+00,v2.0,fx1.0,rest,intermediate.int_player_week_game_context,"gc_rest_days,gc_short_week,gc_off_bye,gc_opp_rest_days,gc_rest_edge","2023,2024,2025",2016-2023,cb461af0c56b4811,WR,1389709692405551104,2024,18,2355,0.6271532806198714,0.46759259259259256,4.111156505578466,0.8076146201718565,12.335925990258895,0.8979211587045808,0.6258058683032384,0.4722222222222222,4.111022234789733,0.8081891862346062,12.567916698188661,0.896932017486602,0.0013474123166330454,-0.00462962962962965,0.0001342707887328487,-0.0005745660627497484,-0.23199070792976606,0.0009891412179787729,drop,drop,1268.4563379239999,,Rest days,"D2 sub-group: days since the last game (his team, the opponent, the edge), short week, off a bye"
20261001134500,2026-10-01 13:45:00.313931+00,v2.0,fx1.0,rest,intermediate.int_player_week_game_context,"gc_rest_days,gc_short_week,gc_off_bye,gc_opp_rest_days,gc_rest_edge","2023,2024,2025",2016-2024,cb461af0c56b4811,WR,1389709692405551104,2025,18,2366,0.601521116628645,0.45601851851851855,3.8853337306316607,0.8060841179359687,12.017797610149366,0.8202958571637631,0.60107460697586,0.45370370370370366,3.879997485317312,0.805383548509456,12.202734588861226,0.8249504578006683,0.0004465096527850321,0.0023148148148148806,0.00533624531434862,0.0007005694265126428,-0.18493697871186043,-0.0046546006369052595,drop,drop,1268.4563379239999,,Rest days,"D2 sub-group: days since the last game (his team, the opponent, the edge), short week, off a bye"
20261001135732,2026-10-01 13:57:32.918565+00,v2.0,fx1.0,team_style_volume,intermediate.int_player_week_team_style,"ts_off_plays_pg_std,ts_off_plays_pg_l4,ts_off_sec_per_play_std,ts_off_sec_per_play_l4,ts_off_top_min_pg_std,ts_off_top_min_pg_l4,ts_pace_product","2023,2024,2025",2016-2022,cb461af0c56b4811,QB,1321941740235550720,2023,18,680,0.532305745395601,0.49537037037037035,8.101869509746834,0.7428736987687724,24.728401169530784,1.6972788258103308,0.5224559100126451,0.49074074074074076,8.118371856627013,0.7275863423148562,24.62127940559263,1.695443064960612,0.009849835382955918,0.004629629629629595,-0.01650234688017882,0.015287356453916212,0.10712176393815298,0.001835760849718815,drop,drop,1294.5206369710004,,How many plays his offense runs,"plays per game, seconds per play (neutral), time of possession; the matchup's expected plays"
20261001135732,2026-10-01 13:57:32.918565+00,v2.0,fx1.0,team_style_volume,intermediate.int_player_week_team_style,"ts_off_plays_pg_std,ts_off_plays_pg_l4,ts_off_sec_per_play_std,ts_off_sec_per_play_l4,ts_off_top_min_pg_std,ts_off_top_min_pg_l4,ts_pace_product","2023,2024,2025",2016-2023,cb461af0c56b4811,QB,1321941740235550720,2024,18,664,0.5371115757878105,0.5324074074074074,8.232940546604379,0.7834880173545543,26.687876912013145,1.7773677097278942,0.5378203062561171,0.537037037037037,8.229692708393038,0.7832961972794183,26.710818495105404,1.8015736616536242,-0.000708730468306551,-0.004629629629629539,0.003247838211340337,0.00019182007513596222,-0.022941583092258355,-0.02420595192573005,drop,drop,1294.5206369710004,,How many plays his offense runs,"plays per game, seconds per play (neutral), time of possession; the matchup's expected plays"
20261001135732,2026-10-01 13:57:32.918565+00,v2.0,fx1.0,team_style_volume,intermediate.int_player_week_team_style,"ts_off_plays_pg_std,ts_off_plays_pg_l4,ts_off_sec_per_play_std,ts_off_sec_per_play_l4,ts_off_top_min_pg_std,ts_off_top_min_pg_l4,ts_pace_product","2023,2024,2025",2016-2024,cb461af0c56b4811,QB,1321941740235550720,2025,18,677,0.5180208483330577,0.49074074074074076,8.341622469530222,0.741994250185606,24.671133927076195,1.789565304537865,0.5234057942815578,0.5,8.278642263988383,0.7411352864589952,24.865893888561384,1.7824104113937187,-0.005384945948500031,-0.009259259259259245,0.06298020554183914,0.000858963726610873,-0.1947599614851896,0.0071548931441463015,drop,drop,1294.5206369710004,,How many plays his offense runs,"plays per game, seconds per play (neutral), time of possession; the matchup's expected plays"
20261001135732,2026-10-01 13:57:32.918565+00,v2.0,fx1.0,team_style_volume,intermediate.int_player_week_team_style,"ts_off_plays_pg_std,ts_off_plays_pg_l4,ts_off_sec_per_play_std,ts_off_sec_per_play_l4,ts_off_top_min_pg_std,ts_off_top_min_pg_l4,ts_pace_product","2023,2024,2025",2016-2022,cb461af0c56b4811,QB,1389709692405551104,2023,18,680,0.5340882656468536,0.5138888888888888,5.845423037268677,0.745297491152342,17.777479623298923,1.216991052483193,0.5256801096145087,0.5092592592592592,5.834538085906659,0.7325778275744548,17.728945478610413,1.221190584290215,0.008408156032344904,0.00462962962962965,0.010884951362018391,0.01271966357788723,0.04853414468851014,-0.004199531807022039,drop,drop,1294.5206369710004,,How many plays his offense runs,"plays per game, seconds per play (neutral), time of possession; the matchup's expected plays"
20261001135732,2026-10-01 13:57:32.918565+00,v2.0,fx1.0,team_style_volume,intermediate.int_player_week_team_style,"ts_off_plays_pg_std,ts_off_plays_pg_l4,ts_off_sec_per_play_std,ts_off_sec_per_play_l4,ts_off_top_min_pg_std,ts_off_top_min_pg_l4,ts_pace_product","2023,2024,2025",2016-2023,cb461af0c56b4811,QB,1389709692405551104,2024,18,664,0.5567294653251463,0.5416666666666666,5.965278238578397,0.7843523720198036,19.071117966654665,1.276702042320724,0.5561325996135695,0.5416666666666666,5.968519084105844,0.7902428660657924,19.21547087231386,1.2754083507094145,0.0005968657115767995,0,-0.003240845527447078,-0.005890494045988848,-0.14435290565919345,0.0012936916113095442,drop,drop,1294.5206369710004,,How many plays his offense runs,"plays per game, seconds per play (neutral), time of possession; the matchup's expected plays"
20261001135732,2026-10-01 13:57:32.918565+00,v2.0,fx1.0,team_style_volume,intermediate.int_player_week_team_style,"ts_off_plays_pg_std,ts_off_plays_pg_l4,ts_off_sec_per_play_std,ts_off_sec_per_play_l4,ts_off_top_min_pg_std,ts_off_top_min_pg_l4,ts_pace_product","2023,2024,2025",2016-2024,cb461af0c56b4811,QB,1389709692405551104,2025,18,677,0.5250909085013947,0.49074074074074076,6.075211137820459,0.7455681057624065,18.17692189277412,1.2834731688545256,0.5352093003571752,0.5138888888888888,6.035030058329808,0.7561931599873815,18.28492217449843,1.2794175833228147,-0.01011839185578045,-0.023148148148148084,0.04018107949065097,-0.01062505422497495,-0.10800028172430842,0.004055585531710815,drop,drop,1294.5206369710004,,How many plays his offense runs,"plays per game, seconds per play (neutral), time of possession; the matchup's expected plays"
20261001135732,2026-10-01 13:57:32.918565+00,v2.0,fx1.0,team_style_volume,intermediate.int_player_week_team_style,"ts_off_plays_pg_std,ts_off_plays_pg_l4,ts_off_sec_per_play_std,ts_off_sec_per_play_l4,ts_off_top_min_pg_std,ts_off_top_min_pg_l4,ts_pace_product","2023,2024,2025",2016-2022,cb461af0c56b4811,RB,1321941740235550720,2023,18,1482,0.6767122124862823,0.6296296296296297,4.595111524217817,0.830103519870421,14.433737809455424,1.0188646084713655,0.6789541487937356,0.625,4.565048339555861,0.8228197362354811,14.326257632153418,1.0210909471159724,-0.002241936307453285,0.00462962962962965,0.03006318466195612,0.007283783634939867,0.10748017730200665,-0.0022263386446068623,drop,drop,1294.5206369710004,,How many plays his offense runs,"plays per game, seconds per play (neutral), time of possession; the matchup's expected plays"
20261001135732,2026-10-01 13:57:32.918565+00,v2.0,fx1.0,team_style_volume,intermediate.int_player_week_team_style,"ts_off_plays_pg_std,ts_off_plays_pg_l4,ts_off_sec_per_play_std,ts_off_sec_per_play_l4,ts_off_top_min_pg_std,ts_off_top_min_pg_l4,ts_pace_product","2023,2024,2025",2016-2023,cb461af0c56b4811,RB,1321941740235550720,2024,18,1495,0.682100026287172,0.6643518518518519,4.730187475388015,0.7975484136730506,14.699595367449128,1.0141520379922786,0.683982337730687,0.6736111111111112,4.709033406682767,0.7849798036617669,14.778347489149919,1.0140256700401826,-0.0018823114435149169,-0.0092592592592593,0.02115406870524783,0.012568610011283732,-0.07875212170079138,0.00012636795209597373,drop,drop,1294.5206369710004,,How many plays his offense runs,"plays per game, seconds per play (neutral), time of possession; the matchup's expected plays"
20261001135732,2026-10-01 13:57:32.918565+00,v2.0,fx1.0,team_style_volume,intermediate.int_player_week_team_style,"ts_off_plays_pg_std,ts_off_plays_pg_l4,ts_off_sec_per_play_std,ts_off_sec_per_play_l4,ts_off_top_min_pg_std,ts_off_top_min_pg_l4,ts_pace_product","2023,2024,2025",2016-2024,cb461af0c56b4811,RB,1321941740235550720,2025,18,1518,0.6925814536110495,0.6273148148148148,4.7560483932980455,0.7809535590115657,14.322681599022896,1.0457232638684182,0.6950103969394773,0.6365740740740741,4.747744357797661,0.7855412596247372,14.36464541810875,1.046606036495452,-0.0024289433284278017,-0.0092592592592593,0.008304035500384721,-0.004587700613171486,-0.041963819085854226,-0.0008827726270337344,drop,drop,1294.5206369710004,,How many plays his offense runs,"plays per game, seconds per play (neutral), time of possession; the matchup's expected plays"
20261001135732,2026-10-01 13:57:32.918565+00,v2.0,fx1.0,team_style_volume,intermediate.int_player_week_team_style,"ts_off_plays_pg_std,ts_off_plays_pg_l4,ts_off_sec_per_play_std,ts_off_sec_per_play_l4,ts_off_top_min_pg_std,ts_off_top_min_pg_l4,ts_pace_product","2023,2024,2025",2016-2022,cb461af0c56b4811,RB,1389709692405551104,2023,18,1482,0.673395277926423,0.6064814814814814,4.1473946712181915,0.8172949482485984,12.851410370425688,0.9089405291800158,0.6756450176028727,0.6064814814814814,4.117502283433733,0.8174518733456249,12.449043123468384,0.9050705985700918,-0.0022497396764497024,0,0.02989238778445813,-0.0001569250970264724,0.4023672469573043,0.0038699306099240216,drop,drop,1294.5206369710004,,How many plays his offense runs,"plays per game, seconds per play (neutral), time of possession; the matchup's expected plays"
20261001135732,2026-10-01 13:57:32.918565+00,v2.0,fx1.0,team_style_volume,intermediate.int_player_week_team_style,"ts_off_plays_pg_std,ts_off_plays_pg_l4,ts_off_sec_per_play_std,ts_off_sec_per_play_l4,ts_off_top_min_pg_std,ts_off_top_min_pg_l4,ts_pace_product","2023,2024,2025",2016-2023,cb461af0c56b4811,RB,1389709692405551104,2024,18,1495,0.6748489805469428,0.6435185185185186,4.241689713827774,0.8045325784391673,13.033038385942342,0.9040633848923834,0.6760537172860128,0.6574074074074074,4.228841728668209,0.8025266257202242,13.044841079231357,0.9064258267080072,-0.001204736739070067,-0.01388888888888884,0.012847985159564423,0.002005952718943105,-0.011802693289014954,-0.002362441815623839,drop,drop,1294.5206369710004,,How many plays his offense runs,"plays per game, seconds per play (neutral), time of possession; the matchup's expected plays"
20261001135732,2026-10-01 13:57:32.918565+00,v2.0,fx1.0,team_style_volume,intermediate.int_player_week_team_style,"ts_off_plays_pg_std,ts_off_plays_pg_l4,ts_off_sec_per_play_std,ts_off_sec_per_play_l4,ts_off_top_min_pg_std,ts_off_top_min_pg_l4,ts_pace_product","2023,2024,2025",2016-2024,cb461af0c56b4811,RB,1389709692405551104,2025,18,1518,0.6892788692097653,0.625,4.299835743056854,0.7778583207014615,12.899065112060619,0.9321074108356058,0.6908815711950581,0.6134259259259259,4.282656131176271,0.7755417665473705,12.727053613563863,0.932001735176007,-0.001602701985292776,0.01157407407407407,0.017179611880583145,0.002316554154091044,0.17201149849675623,0.00010567565959873626,drop,drop,1294.5206369710004,,How many plays his offense runs,"plays per game, seconds per play (neutral), time of possession; the matchup's expected plays"
20261001135732,2026-10-01 13:57:32.918565+00,v2.0,fx1.0,team_style_volume,intermediate.int_player_week_team_style,"ts_off_plays_pg_std,ts_off_plays_pg_l4,ts_off_sec_per_play_std,ts_off_sec_per_play_l4,ts_off_top_min_pg_std,ts_off_top_min_pg_l4,ts_pace_product","2023,2024,2025",2016-2022,cb461af0c56b4811,TE,1321941740235550720,2023,18,1177,0.5741217155544007,0.5092592592592593,3.4251356988921677,0.807269600222686,10.703099503028666,0.761046573711829,0.5731549358489271,0.5138888888888888,3.404402167383241,0.8034886757774902,10.492863184652377,0.7471459897645805,0.0009667797054736527,-0.004629629629629539,0.02073353150892654,0.0037809244451958435,0.21023631837628898,0.01390058394724858,drop,drop,1294.5206369710004,,How many plays his offense runs,"plays per game, seconds per play (neutral), time of possession; the matchup's expected plays"
20261001135732,2026-10-01 13:57:32.918565+00,v2.0,fx1.0,team_style_volume,intermediate.int_player_week_team_style,"ts_off_plays_pg_std,ts_off_plays_pg_l4,ts_off_sec_per_play_std,ts_off_sec_per_play_l4,ts_off_top_min_pg_std,ts_off_top_min_pg_l4,ts_pace_product","2023,2024,2025",2016-2023,cb461af0c56b4811,TE,1321941740235550720,2024,18,1221,0.5658846916547589,0.4722222222222222,3.607547677837104,0.7802044997292331,10.40215742268891,0.7962138682749135,0.574264077708444,0.4583333333333333,3.59539965470318,0.7743029055589911,10.206185491509853,0.7903953884216951,-0.008379386053685156,0.013888888888888895,0.012148023133923935,0.005901594170242053,0.19597193117905753,0.005818479853218372,drop,drop,1294.5206369710004,,How many plays his offense runs,"plays per game, seconds per play (neutral), time of possession; the matchup's expected plays"
20261001135732,2026-10-01 13:57:32.918565+00,v2.0,fx1.0,team_style_volume,intermediate.int_player_week_team_style,"ts_off_plays_pg_std,ts_off_plays_pg_l4,ts_off_sec_per_play_std,ts_off_sec_per_play_l4,ts_off_top_min_pg_std,ts_off_top_min_pg_l4,ts_pace_product","2023,2024,2025",2016-2024,cb461af0c56b4811,TE,1321941740235550720,2025,18,1268,0.6278067245249773,0.43518518518518523,3.502188268209503,0.8117172177144321,10.089332844563126,0.7971646048002208,0.6253565710969989,0.4212962962962963,3.5060303412258347,0.8274175947019309,10.087548898832267,0.8008154658194906,0.0024501534279783854,0.01388888888888895,-0.0038420730163317707,-0.01570037698749882,0.0017839457308586049,-0.003650861019269813,drop,drop,1294.5206369710004,,How many plays his offense runs,"plays per game, seconds per play (neutral), time of possession; the matchup's expected plays"
20261001135732,2026-10-01 13:57:32.918565+00,v2.0,fx1.0,team_style_volume,intermediate.int_player_week_team_style,"ts_off_plays_pg_std,ts_off_plays_pg_l4,ts_off_sec_per_play_std,ts_off_sec_per_play_l4,ts_off_top_min_pg_std,ts_off_top_min_pg_l4,ts_pace_product","2023,2024,2025",2016-2022,cb461af0c56b4811,TE,1389709692405551104,2023,18,1177,0.5535280886895625,0.4861111111111111,2.869527076922979,0.7926800882625131,8.824329671200344,0.6417836818155622,0.5526674547558043,0.48148148148148145,2.8536294975103322,0.8104562828686124,8.769791614718581,0.6359043614952173,0.0008606339337582369,0.00462962962962965,0.01589757941264658,-0.01777619460609925,0.054538056481762354,0.005879320320344883,drop,drop,1294.5206369710004,,How many plays his offense runs,"plays per game, seconds per play (neutral), time of possession; the matchup's expected plays"
20261001135732,2026-10-01 13:57:32.918565+00,v2.0,fx1.0,team_style_volume,intermediate.int_player_week_team_style,"ts_off_plays_pg_std,ts_off_plays_pg_l4,ts_off_sec_per_play_std,ts_off_sec_per_play_l4,ts_off_top_min_pg_std,ts_off_top_min_pg_l4,ts_pace_product","2023,2024,2025",2016-2023,cb461af0c56b4811,TE,1389709692405551104,2024,18,1221,0.5517779648152423,0.42592592592592593,3.0044945062870516,0.7878446903674533,8.531883988896393,0.6560386312344383,0.5598785707889994,0.4212962962962963,2.995168113013023,0.8091092743419375,8.61647263454671,0.654603840250283,-0.008100605973757058,0.00462962962962965,0.009326393274028622,-0.021264583974484164,-0.08458864565031732,0.001434790984155332,drop,drop,1294.5206369710004,,How many plays his offense runs,"plays per game, seconds per play (neutral), time of possession; the matchup's expected plays"
20261001135732,2026-10-01 13:57:32.918565+00,v2.0,fx1.0,team_style_volume,intermediate.int_player_week_team_style,"ts_off_plays_pg_std,ts_off_plays_pg_l4,ts_off_sec_per_play_std,ts_off_sec_per_play_l4,ts_off_top_min_pg_std,ts_off_top_min_pg_l4,ts_pace_product","2023,2024,2025",2016-2024,cb461af0c56b4811,TE,1389709692405551104,2025,18,1268,0.613268354907254,0.42592592592592593,2.977624881692086,0.8139091336616969,8.549392343549304,0.6750733139382734,0.6114816218323065,0.39814814814814814,2.9795136555105186,0.8302488484538157,8.566879777547221,0.6825983815690715,0.0017867330749474775,0.02777777777777779,-0.0018887738184325542,-0.01633971479211882,-0.017487433997917634,-0.007525067630798077,drop,drop,1294.5206369710004,,How many plays his offense runs,"plays per game, seconds per play (neutral), time of possession; the matchup's expected plays"
20261001135732,2026-10-01 13:57:32.918565+00,v2.0,fx1.0,team_style_volume,intermediate.int_player_week_team_style,"ts_off_plays_pg_std,ts_off_plays_pg_l4,ts_off_sec_per_play_std,ts_off_sec_per_play_l4,ts_off_top_min_pg_std,ts_off_top_min_pg_l4,ts_pace_product","2023,2024,2025",2016-2022,cb461af0c56b4811,WR,1321941740235550720,2023,18,2393,0.6387811574654766,0.49074074074074076,4.844522614254869,0.8225377247163537,15.046264265007993,1.0625391940070297,0.6392918990013178,0.5,4.844521808613023,0.8276029070508462,15.19898926672618,1.063735644351547,-0.000510741535841186,-0.009259259259259245,8.056418456803272e-07,-0.005065182334492491,-0.1527250017181867,-0.0011964503445174302,drop,drop,1294.5206369710004,,How many plays his offense runs,"plays per game, seconds per play (neutral), time of possession; the matchup's expected plays"
20261001135732,2026-10-01 13:57:32.918565+00,v2.0,fx1.0,team_style_volume,intermediate.int_player_week_team_style,"ts_off_plays_pg_std,ts_off_plays_pg_l4,ts_off_sec_per_play_std,ts_off_sec_per_play_l4,ts_off_top_min_pg_std,ts_off_top_min_pg_l4,ts_pace_product","2023,2024,2025",2016-2023,cb461af0c56b4811,WR,1321941740235550720,2024,18,2355,0.638492746453908,0.4629629629629629,4.920213283041259,0.8030456278843155,15.140992976245911,1.0895153942343354,0.6392689713644507,0.46759259259259256,4.915209595301268,0.810699347029401,15.29574342823534,1.0888242050914194,-0.0007762249105427443,-0.00462962962962965,0.005003687739991491,-0.0076537191450855024,-0.15475045198942894,0.0006911891429159933,drop,drop,1294.5206369710004,,How many plays his offense runs,"plays per game, seconds per play (neutral), time of possession; the matchup's expected plays"
20261001135732,2026-10-01 13:57:32.918565+00,v2.0,fx1.0,team_style_volume,intermediate.int_player_week_team_style,"ts_off_plays_pg_std,ts_off_plays_pg_l4,ts_off_sec_per_play_std,ts_off_sec_per_play_l4,ts_off_top_min_pg_std,ts_off_top_min_pg_l4,ts_pace_product","2023,2024,2025",2016-2024,cb461af0c56b4811,WR,1321941740235550720,2025,18,2366,0.6159919432088435,0.4791666666666667,4.60007050726305,0.8091119507198276,14.440446590815412,0.9912013545291278,0.6152386686159024,0.4791666666666667,4.600664516848402,0.8144156378966352,14.616042607224918,0.9901513399339991,0.0007532745929411666,0,-0.0005940095853524952,-0.0053036871768076255,-0.1755960164095054,0.0010500145951287676,drop,drop,1294.5206369710004,,How many plays his offense runs,"plays per game, seconds per play (neutral), time of possession; the matchup's expected plays"
20261001135732,2026-10-01 13:57:32.918565+00,v2.0,fx1.0,team_style_volume,intermediate.int_player_week_team_style,"ts_off_plays_pg_std,ts_off_plays_pg_l4,ts_off_sec_per_play_std,ts_off_sec_per_play_l4,ts_off_top_min_pg_std,ts_off_top_min_pg_l4,ts_pace_product","2023,2024,2025",2016-2022,cb461af0c56b4811,WR,1389709692405551104,2023,18,2393,0.6253022677758112,0.48379629629629634,4.052138938240677,0.823416026360684,12.554796521678567,0.8793123476962309,0.6246061268487013,0.48379629629629634,4.051944662215899,0.8202839699817535,12.623847439187115,0.8785657701147183,0.0006961409271099006,0,0.00019427602477861683,0.0031320563789305478,-0.06905091750854808,0.0007465775815126419,drop,drop,1294.5206369710004,,How many plays his offense runs,"plays per game, seconds per play (neutral), time of possession; the matchup's expected plays"
20261001135732,2026-10-01 13:57:32.918565+00,v2.0,fx1.0,team_style_volume,intermediate.int_player_week_team_style,"ts_off_plays_pg_std,ts_off_plays_pg_l4,ts_off_sec_per_play_std,ts_off_sec_per_play_l4,ts_off_top_min_pg_std,ts_off_top_min_pg_l4,ts_pace_product","2023,2024,2025",2016-2023,cb461af0c56b4811,WR,1389709692405551104,2024,18,2355,0.6249028466437453,0.46759259259259256,4.123265902248087,0.8021247423227895,12.688560165760146,0.8999606377258286,0.6258058683032384,0.4722222222222222,4.111022234789733,0.8081891862346062,12.567916698188661,0.896932017486602,-0.0009030216594930751,-0.00462962962962965,0.012243667458354146,-0.006064443911816708,0.12064346757148492,0.003028620239226565,drop,drop,1294.5206369710004,,How many plays his offense runs,"plays per game, seconds per play (neutral), time of possession; the matchup's expected plays"
20261001135732,2026-10-01 13:57:32.918565+00,v2.0,fx1.0,team_style_volume,intermediate.int_player_week_team_style,"ts_off_plays_pg_std,ts_off_plays_pg_l4,ts_off_sec_per_play_std,ts_off_sec_per_play_l4,ts_off_top_min_pg_std,ts_off_top_min_pg_l4,ts_pace_product","2023,2024,2025",2016-2024,cb461af0c56b4811,WR,1389709692405551104,2025,18,2366,0.6022705995903798,0.45370370370370366,3.883927388660447,0.8140337402227845,12.026732011821043,0.8210390128279058,0.60107460697586,0.45370370370370366,3.879997485317312,0.805383548509456,12.202734588861226,0.8249504578006683,0.0011959926145197475,0,0.003929903343134811,0.008650191713328481,-0.17600257704018318,-0.003911444972762523,drop,drop,1294.5206369710004,,How many plays his offense runs,"plays per game, seconds per play (neutral), time of possession; the matchup's expected plays"
20261001140548,2026-10-01 14:05:48.49222+00,v2.0,fx1.0,time,intermediate.int_player_week_game_context,"gc_weekday,gc_kickoff_hour_et,gc_primetime,gc_early_window,gc_travel_tz,gc_west_coast_early","2023,2024,2025",2016-2022,cb461af0c56b4811,QB,1321941740235550720,2023,18,680,0.5336080810681753,0.5277777777777778,8.078950297927422,0.7342436986062959,25.154502824635223,1.7002572487781427,0.5224559100126451,0.49074074074074076,8.118371856627013,0.7275863423148562,24.62127940559263,1.695443064960612,0.011152171055530125,0.037037037037037035,-0.03942155869959052,0.006657356291439709,0.5332234190425922,0.004814183817530626,drop,drop,1248.0728060950005,,"Kickoff time, travel","D2 sub-group: weekday, kickoff hour ET, primetime, 1 pm window, time zones crossed, west-coast team at 1 pm ET"
20261001140548,2026-10-01 14:05:48.49222+00,v2.0,fx1.0,time,intermediate.int_player_week_game_context,"gc_weekday,gc_kickoff_hour_et,gc_primetime,gc_early_window,gc_travel_tz,gc_west_coast_early","2023,2024,2025",2016-2023,cb461af0c56b4811,QB,1321941740235550720,2024,18,664,0.5273958529423279,0.5231481481481481,8.267132551400278,0.7889021134140503,27.07363519376598,1.8008550137878199,0.5378203062561171,0.537037037037037,8.229692708393038,0.7832961972794183,26.710818495105404,1.8015736616536242,-0.010424453313789162,-0.01388888888888884,0.037439843007240015,0.005605916134631905,0.362816698660577,-0.0007186478658043338,drop,drop,1248.0728060950005,,"Kickoff time, travel","D2 sub-group: weekday, kickoff hour ET, primetime, 1 pm window, time zones crossed, west-coast team at 1 pm ET"
20261001140548,2026-10-01 14:05:48.49222+00,v2.0,fx1.0,time,intermediate.int_player_week_game_context,"gc_weekday,gc_kickoff_hour_et,gc_primetime,gc_early_window,gc_travel_tz,gc_west_coast_early","2023,2024,2025",2016-2024,cb461af0c56b4811,QB,1321941740235550720,2025,18,677,0.5237702808982752,0.5092592592592592,8.290935033189303,0.7501229450646123,25.36107661395549,1.7756795991839982,0.5234057942815578,0.5,8.278642263988383,0.7411352864589952,24.865893888561384,1.7824104113937187,0.00036448661671739657,0.00925925925925919,0.012292769200920262,0.008987658605617121,0.49518272539410546,-0.006730812209720494,drop,drop,1248.0728060950005,,"Kickoff time, travel","D2 sub-group: weekday, kickoff hour ET, primetime, 1 pm window, time zones crossed, west-coast team at 1 pm ET"
20261001140548,2026-10-01 14:05:48.49222+00,v2.0,fx1.0,time,intermediate.int_player_week_game_context,"gc_weekday,gc_kickoff_hour_et,gc_primetime,gc_early_window,gc_travel_tz,gc_west_coast_early","2023,2024,2025",2016-2022,cb461af0c56b4811,QB,1389709692405551104,2023,18,680,0.5341053393354448,0.5231481481481481,5.82701259969331,0.7461155316173098,17.870276109772377,1.2063731150281924,0.5256801096145087,0.5092592592592592,5.834538085906659,0.7325778275744548,17.728945478610413,1.221190584290215,0.008425229720936067,0.01388888888888895,-0.00752548621334892,0.013537704042855037,0.14133063116196354,-0.014817469262022653,drop,drop,1248.0728060950005,,"Kickoff time, travel","D2 sub-group: weekday, kickoff hour ET, primetime, 1 pm window, time zones crossed, west-coast team at 1 pm ET"
20261001140548,2026-10-01 14:05:48.49222+00,v2.0,fx1.0,time,intermediate.int_player_week_game_context,"gc_weekday,gc_kickoff_hour_et,gc_primetime,gc_early_window,gc_travel_tz,gc_west_coast_early","2023,2024,2025",2016-2023,cb461af0c56b4811,QB,1389709692405551104,2024,18,664,0.5455395380820495,0.5324074074074074,6.0053607851325,0.7762193813339233,18.866940642071345,1.2741510837294823,0.5561325996135695,0.5416666666666666,5.968519084105844,0.7902428660657924,19.21547087231386,1.2754083507094145,-0.010593061531520065,-0.00925925925925919,0.03684170102665618,-0.014023484731869096,-0.3485302302425133,-0.0012572669799322256,drop,drop,1248.0728060950005,,"Kickoff time, travel","D2 sub-group: weekday, kickoff hour ET, primetime, 1 pm window, time zones crossed, west-coast team at 1 pm ET"
20261001140548,2026-10-01 14:05:48.49222+00,v2.0,fx1.0,time,intermediate.int_player_week_game_context,"gc_weekday,gc_kickoff_hour_et,gc_primetime,gc_early_window,gc_travel_tz,gc_west_coast_early","2023,2024,2025",2016-2024,cb461af0c56b4811,QB,1389709692405551104,2025,18,677,0.5291436236988711,0.5092592592592593,6.035498548742222,0.7657001782306189,18.38399581024622,1.2817796541843107,0.5352093003571752,0.5138888888888888,6.035030058329808,0.7561931599873815,18.28492217449843,1.2794175833228147,-0.006065676658304042,-0.004629629629629539,0.00046849041241348033,0.009507018243237408,0.09907363574778927,0.0023620708614959796,drop,drop,1248.0728060950005,,"Kickoff time, travel","D2 sub-group: weekday, kickoff hour ET, primetime, 1 pm window, time zones crossed, west-coast team at 1 pm ET"
20261001140548,2026-10-01 14:05:48.49222+00,v2.0,fx1.0,time,intermediate.int_player_week_game_context,"gc_weekday,gc_kickoff_hour_et,gc_primetime,gc_early_window,gc_travel_tz,gc_west_coast_early","2023,2024,2025",2016-2022,cb461af0c56b4811,RB,1321941740235550720,2023,18,1482,0.6803578285310701,0.6319444444444444,4.558637106598461,0.8143665601948634,13.762701909776268,1.0174948162290693,0.6789541487937356,0.625,4.565048339555861,0.8228197362354811,14.326257632153418,1.0210909471159724,0.0014036797373344623,0.00694444444444442,-0.0064112329573999816,-0.008453176040617683,-0.5635557223771492,-0.003596130886903026,drop,drop,1248.0728060950005,,"Kickoff time, travel","D2 sub-group: weekday, kickoff hour ET, primetime, 1 pm window, time zones crossed, west-coast team at 1 pm ET"
20261001140548,2026-10-01 14:05:48.49222+00,v2.0,fx1.0,time,intermediate.int_player_week_game_context,"gc_weekday,gc_kickoff_hour_et,gc_primetime,gc_early_window,gc_travel_tz,gc_west_coast_early","2023,2024,2025",2016-2023,cb461af0c56b4811,RB,1321941740235550720,2024,18,1495,0.6835664188077781,0.6759259259259259,4.726777412264389,0.7853153247912228,14.871474510948612,1.0171248884594921,0.683982337730687,0.6736111111111112,4.709033406682767,0.7849798036617669,14.778347489149919,1.0140256700401826,-0.00041591892290882004,0.0023148148148147696,0.017744005581621813,0.00033552112945589574,0.09312702179869348,0.0030992184193094907,drop,drop,1248.0728060950005,,"Kickoff time, travel","D2 sub-group: weekday, kickoff hour ET, primetime, 1 pm window, time zones crossed, west-coast team at 1 pm ET"
20261001140548,2026-10-01 14:05:48.49222+00,v2.0,fx1.0,time,intermediate.int_player_week_game_context,"gc_weekday,gc_kickoff_hour_et,gc_primetime,gc_early_window,gc_travel_tz,gc_west_coast_early","2023,2024,2025",2016-2024,cb461af0c56b4811,RB,1321941740235550720,2025,18,1518,0.6934662067976869,0.6342592592592592,4.752207440933883,0.7895733031076382,14.524404896668337,1.043303562282554,0.6950103969394773,0.6365740740740741,4.747744357797661,0.7855412596247372,14.36464541810875,1.046606036495452,-0.0015441901417904136,-0.0023148148148148806,0.00446308313622179,0.004032043482900982,0.15975947855958594,-0.0033024742128979767,drop,drop,1248.0728060950005,,"Kickoff time, travel","D2 sub-group: weekday, kickoff hour ET, primetime, 1 pm window, time zones crossed, west-coast team at 1 pm ET"
20261001140548,2026-10-01 14:05:48.49222+00,v2.0,fx1.0,time,intermediate.int_player_week_game_context,"gc_weekday,gc_kickoff_hour_et,gc_primetime,gc_early_window,gc_travel_tz,gc_west_coast_early","2023,2024,2025",2016-2022,cb461af0c56b4811,RB,1389709692405551104,2023,18,1482,0.6764400298842934,0.6087962962962963,4.109802045236353,0.812325667591474,12.58136690879575,0.9106669566939148,0.6756450176028727,0.6064814814814814,4.117502283433733,0.8174518733456249,12.449043123468384,0.9050705985700918,0.0007950122814207594,0.0023148148148148806,-0.007700238197380749,-0.005126205754150903,0.1323237853273671,0.005596358123823086,drop,drop,1248.0728060950005,,"Kickoff time, travel","D2 sub-group: weekday, kickoff hour ET, primetime, 1 pm window, time zones crossed, west-coast team at 1 pm ET"
20261001140548,2026-10-01 14:05:48.49222+00,v2.0,fx1.0,time,intermediate.int_player_week_game_context,"gc_weekday,gc_kickoff_hour_et,gc_primetime,gc_early_window,gc_travel_tz,gc_west_coast_early","2023,2024,2025",2016-2023,cb461af0c56b4811,RB,1389709692405551104,2024,18,1495,0.6752618890514608,0.6574074074074074,4.238959376497224,0.7995879857736682,13.220173621020713,0.906067737546588,0.6760537172860128,0.6574074074074074,4.228841728668209,0.8025266257202242,13.044841079231357,0.9064258267080072,-0.0007918282345520389,0,0.010117647829014587,-0.0029386399465559654,0.17533254178935564,-0.0003580891614192172,drop,drop,1248.0728060950005,,"Kickoff time, travel","D2 sub-group: weekday, kickoff hour ET, primetime, 1 pm window, time zones crossed, west-coast team at 1 pm ET"
20261001140548,2026-10-01 14:05:48.49222+00,v2.0,fx1.0,time,intermediate.int_player_week_game_context,"gc_weekday,gc_kickoff_hour_et,gc_primetime,gc_early_window,gc_travel_tz,gc_west_coast_early","2023,2024,2025",2016-2024,cb461af0c56b4811,RB,1389709692405551104,2025,18,1518,0.6901628951131389,0.625,4.29501557794997,0.7781538937128006,12.729675086776169,0.9314815313425088,0.6908815711950581,0.6134259259259259,4.282656131176271,0.7755417665473705,12.727053613563863,0.932001735176007,-0.0007186760819192228,0.01157407407407407,0.012359446773698934,0.0026121271654301337,0.0026214732123062134,-0.0005202038334982673,drop,drop,1248.0728060950005,,"Kickoff time, travel","D2 sub-group: weekday, kickoff hour ET, primetime, 1 pm window, time zones crossed, west-coast team at 1 pm ET"
20261001140548,2026-10-01 14:05:48.49222+00,v2.0,fx1.0,time,intermediate.int_player_week_game_context,"gc_weekday,gc_kickoff_hour_et,gc_primetime,gc_early_window,gc_travel_tz,gc_west_coast_early","2023,2024,2025",2016-2022,cb461af0c56b4811,TE,1321941740235550720,2023,18,1177,0.5762606972707824,0.5092592592592593,3.409703805511769,0.8030126971666559,10.619270259168646,0.7553516370860154,0.5731549358489271,0.5138888888888888,3.404402167383241,0.8034886757774902,10.492863184652377,0.7471459897645805,0.0031057614218553686,-0.004629629629629539,0.005301638128528019,-0.0004759786108342601,0.1264070745162691,0.008205647321434917,drop,drop,1248.0728060950005,,"Kickoff time, travel","D2 sub-group: weekday, kickoff hour ET, primetime, 1 pm window, time zones crossed, west-coast team at 1 pm ET"
20261001140548,2026-10-01 14:05:48.49222+00,v2.0,fx1.0,time,intermediate.int_player_week_game_context,"gc_weekday,gc_kickoff_hour_et,gc_primetime,gc_early_window,gc_travel_tz,gc_west_coast_early","2023,2024,2025",2016-2023,cb461af0c56b4811,TE,1321941740235550720,2024,18,1221,0.5687870481350987,0.45370370370370366,3.6207194782970324,0.7927519297230942,10.390670163433665,0.7952084767300028,0.574264077708444,0.4583333333333333,3.59539965470318,0.7743029055589911,10.206185491509853,0.7903953884216951,-0.005477029573345282,-0.00462962962962965,0.02531982359385232,0.0184490241641031,0.18448467192381202,0.004813088308307734,drop,drop,1248.0728060950005,,"Kickoff time, travel","D2 sub-group: weekday, kickoff hour ET, primetime, 1 pm window, time zones crossed, west-coast team at 1 pm ET"
20261001140548,2026-10-01 14:05:48.49222+00,v2.0,fx1.0,time,intermediate.int_player_week_game_context,"gc_weekday,gc_kickoff_hour_et,gc_primetime,gc_early_window,gc_travel_tz,gc_west_coast_early","2023,2024,2025",2016-2024,cb461af0c56b4811,TE,1321941740235550720,2025,18,1268,0.6248415075347169,0.4305555555555556,3.5029156721187698,0.8187639079170328,10.020420403814756,0.8048535234522168,0.6253565710969989,0.4212962962962963,3.5060303412258347,0.8274175947019309,10.087548898832267,0.8008154658194906,-0.0005150635622820365,0.0092592592592593,-0.003114669107064927,-0.008653686784898085,-0.06712849501751172,0.004038057632726244,drop,drop,1248.0728060950005,,"Kickoff time, travel","D2 sub-group: weekday, kickoff hour ET, primetime, 1 pm window, time zones crossed, west-coast team at 1 pm ET"
20261001140548,2026-10-01 14:05:48.49222+00,v2.0,fx1.0,time,intermediate.int_player_week_game_context,"gc_weekday,gc_kickoff_hour_et,gc_primetime,gc_early_window,gc_travel_tz,gc_west_coast_early","2023,2024,2025",2016-2022,cb461af0c56b4811,TE,1389709692405551104,2023,18,1177,0.5548494731673692,0.4861111111111111,2.8575216252166085,0.8168019549569083,8.84623130264859,0.6398178271454042,0.5526674547558043,0.48148148148148145,2.8536294975103322,0.8104562828686124,8.769791614718581,0.6359043614952173,0.0021820184115649566,0.00462962962962965,0.003892127706276227,0.0063456720882959505,0.07643968793000866,0.003913465650186909,drop,drop,1248.0728060950005,,"Kickoff time, travel","D2 sub-group: weekday, kickoff hour ET, primetime, 1 pm window, time zones crossed, west-coast team at 1 pm ET"
20261001140548,2026-10-01 14:05:48.49222+00,v2.0,fx1.0,time,intermediate.int_player_week_game_context,"gc_weekday,gc_kickoff_hour_et,gc_primetime,gc_early_window,gc_travel_tz,gc_west_coast_early","2023,2024,2025",2016-2023,cb461af0c56b4811,TE,1389709692405551104,2024,18,1221,0.5558053083253293,0.4074074074074074,3.01910006750715,0.8029306175221537,8.611683037258157,0.6539534740125307,0.5598785707889994,0.4212962962962963,2.995168113013023,0.8091092743419375,8.61647263454671,0.654603840250283,-0.004073262463670124,-0.013888888888888895,0.023931954494126995,-0.006178656819783801,-0.004789597288553438,-0.0006503662377522756,drop,drop,1248.0728060950005,,"Kickoff time, travel","D2 sub-group: weekday, kickoff hour ET, primetime, 1 pm window, time zones crossed, west-coast team at 1 pm ET"
20261001140548,2026-10-01 14:05:48.49222+00,v2.0,fx1.0,time,intermediate.int_player_week_game_context,"gc_weekday,gc_kickoff_hour_et,gc_primetime,gc_early_window,gc_travel_tz,gc_west_coast_early","2023,2024,2025",2016-2024,cb461af0c56b4811,TE,1389709692405551104,2025,18,1268,0.609703118039256,0.4212962962962963,2.9806205335932985,0.8092378743641903,8.433296684955975,0.6836095779229002,0.6114816218323065,0.39814814814814814,2.9795136555105186,0.8302488484538157,8.566879777547221,0.6825983815690715,-0.0017785037930504455,0.02314814814814814,0.0011068780827798719,-0.02101097408962549,-0.13358309259124646,0.001011196353828736,drop,drop,1248.0728060950005,,"Kickoff time, travel","D2 sub-group: weekday, kickoff hour ET, primetime, 1 pm window, time zones crossed, west-coast team at 1 pm ET"
20261001140548,2026-10-01 14:05:48.49222+00,v2.0,fx1.0,time,intermediate.int_player_week_game_context,"gc_weekday,gc_kickoff_hour_et,gc_primetime,gc_early_window,gc_travel_tz,gc_west_coast_early","2023,2024,2025",2016-2022,cb461af0c56b4811,WR,1321941740235550720,2023,18,2393,0.6391278686635229,0.49768518518518523,4.843145244373083,0.8195555253841362,15.113121643733965,1.059542489172344,0.6392918990013178,0.5,4.844521808613023,0.8276029070508462,15.19898926672618,1.063735644351547,-0.00016403033779488485,-0.0023148148148147696,-0.0013765642399397038,-0.00804738166670993,-0.08586762299221462,-0.004193155179203156,drop,drop,1248.0728060950005,,"Kickoff time, travel","D2 sub-group: weekday, kickoff hour ET, primetime, 1 pm window, time zones crossed, west-coast team at 1 pm ET"
20261001140548,2026-10-01 14:05:48.49222+00,v2.0,fx1.0,time,intermediate.int_player_week_game_context,"gc_weekday,gc_kickoff_hour_et,gc_primetime,gc_early_window,gc_travel_tz,gc_west_coast_early","2023,2024,2025",2016-2023,cb461af0c56b4811,WR,1321941740235550720,2024,18,2355,0.6380266736591198,0.474537037037037,4.914746861574859,0.800577976765616,15.150115498632655,1.0887886361762673,0.6392689713644507,0.46759259259259256,4.915209595301268,0.810699347029401,15.29574342823534,1.0888242050914194,-0.0012422977053309081,0.00694444444444442,-0.000462733726409148,-0.010121370263785012,-0.14562792960268567,-3.5568915152106584e-05,drop,drop,1248.0728060950005,,"Kickoff time, travel","D2 sub-group: weekday, kickoff hour ET, primetime, 1 pm window, time zones crossed, west-coast team at 1 pm ET"
20261001140548,2026-10-01 14:05:48.49222+00,v2.0,fx1.0,time,intermediate.int_player_week_game_context,"gc_weekday,gc_kickoff_hour_et,gc_primetime,gc_early_window,gc_travel_tz,gc_west_coast_early","2023,2024,2025",2016-2024,cb461af0c56b4811,WR,1321941740235550720,2025,18,2366,0.6165571843356851,0.4861111111111111,4.607740265829593,0.8117129109255301,14.513354842357835,0.9909483776687874,0.6152386686159024,0.4791666666666667,4.600664516848402,0.8144156378966352,14.616042607224918,0.9901513399339991,0.001318515719782698,0.00694444444444442,0.007075748981190344,-0.002702726971105074,-0.10268776486708298,0.0007970377347883417,drop,drop,1248.0728060950005,,"Kickoff time, travel","D2 sub-group: weekday, kickoff hour ET, primetime, 1 pm window, time zones crossed, west-coast team at 1 pm ET"
20261001140548,2026-10-01 14:05:48.49222+00,v2.0,fx1.0,time,intermediate.int_player_week_game_context,"gc_weekday,gc_kickoff_hour_et,gc_primetime,gc_early_window,gc_travel_tz,gc_west_coast_early","2023,2024,2025",2016-2022,cb461af0c56b4811,WR,1389709692405551104,2023,18,2393,0.6251571378355726,0.4861111111111111,4.052395835659861,0.8190741501742661,12.559687802626222,0.8782248091322227,0.6246061268487013,0.48379629629629634,4.051944662215899,0.8202839699817535,12.623847439187115,0.8785657701147183,0.0005510109868712698,0.0023148148148147696,0.00045117344396228276,-0.0012098198074873556,-0.06415963656089296,-0.00034096098249558615,drop,drop,1248.0728060950005,,"Kickoff time, travel","D2 sub-group: weekday, kickoff hour ET, primetime, 1 pm window, time zones crossed, west-coast team at 1 pm ET"
20261001140548,2026-10-01 14:05:48.49222+00,v2.0,fx1.0,time,intermediate.int_player_week_game_context,"gc_weekday,gc_kickoff_hour_et,gc_primetime,gc_early_window,gc_travel_tz,gc_west_coast_early","2023,2024,2025",2016-2023,cb461af0c56b4811,WR,1389709692405551104,2024,18,2355,0.6244694017669228,0.46990740740740744,4.114381583954863,0.7947379149067948,12.539872238706957,0.898433755935293,0.6258058683032384,0.4722222222222222,4.111022234789733,0.8081891862346062,12.567916698188661,0.896932017486602,-0.0013364665363155837,-0.0023148148148147696,0.0033593491651302543,-0.013451271327811432,-0.028044459481703754,0.001501738448690948,drop,drop,1248.0728060950005,,"Kickoff time, travel","D2 sub-group: weekday, kickoff hour ET, primetime, 1 pm window, time zones crossed, west-coast team at 1 pm ET"
20261001140548,2026-10-01 14:05:48.49222+00,v2.0,fx1.0,time,intermediate.int_player_week_game_context,"gc_weekday,gc_kickoff_hour_et,gc_primetime,gc_early_window,gc_travel_tz,gc_west_coast_early","2023,2024,2025",2016-2024,cb461af0c56b4811,WR,1389709692405551104,2025,18,2366,0.6023005150429119,0.462962962962963,3.885176243650473,0.8088719414279475,12.106060809491389,0.8221883455891794,0.60107460697586,0.45370370370370366,3.879997485317312,0.805383548509456,12.202734588861226,0.8249504578006683,0.0012259080670519173,0.009259259259259356,0.00517875833316106,0.0034883929184914564,-0.09667377936983712,-0.0027621122114889207,drop,drop,1248.0728060950005,,"Kickoff time, travel","D2 sub-group: weekday, kickoff hour ET, primetime, 1 pm window, time zones crossed, west-coast team at 1 pm ET"
20261001141702,2026-10-01 14:17:02.064037+00,v2.0,fx1.0,team_style_pass_rate,intermediate.int_player_week_team_style,"ts_off_neutral_pass_rate_std,ts_off_neutral_pass_rate_l4,ts_off_proe_std,ts_off_proe_l4,ts_pass_env","2023,2024,2025",2016-2022,cb461af0c56b4811,QB,1321941740235550720,2023,18,680,0.5388462384848944,0.5092592592592592,8.069891819343006,0.7268501132310123,24.92760497626816,1.6927936944239674,0.5224559100126451,0.49074074074074076,8.118371856627013,0.7275863423148562,24.62127940559263,1.695443064960612,0.016390328472249305,0.018518518518518434,-0.04848003728400663,-0.0007362290838438534,0.30632557067552924,-0.002649370536644602,drop,drop,1169.0848887000002,,How often his offense throws,"neutral pass rate, pass rate over expected (nflfastR xpass); the matchup's expected pass rate PO: kept by the 3-season rule, but 2021 (-0.0049) and 2022 (-0.0054) reverse it; 3 of 5 seasons better is a drop (D4 hand-back)."
20261001141702,2026-10-01 14:17:02.064037+00,v2.0,fx1.0,team_style_pass_rate,intermediate.int_player_week_team_style,"ts_off_neutral_pass_rate_std,ts_off_neutral_pass_rate_l4,ts_off_proe_std,ts_off_proe_l4,ts_pass_env","2023,2024,2025",2016-2023,cb461af0c56b4811,QB,1321941740235550720,2024,18,664,0.5381732382608438,0.537037037037037,8.274949485240159,0.7860105458741249,26.425281209121906,1.7808335509472855,0.5378203062561171,0.537037037037037,8.229692708393038,0.7832961972794183,26.710818495105404,1.8015736616536242,0.000352932004726747,0,0.04525677684712015,0.0027143485947065393,-0.2855372859834979,-0.020740110706338744,drop,drop,1169.0848887000002,,How often his offense throws,"neutral pass rate, pass rate over expected (nflfastR xpass); the matchup's expected pass rate PO: kept by the 3-season rule, but 2021 (-0.0049) and 2022 (-0.0054) reverse it; 3 of 5 seasons better is a drop (D4 hand-back)."
20261001141702,2026-10-01 14:17:02.064037+00,v2.0,fx1.0,team_style_pass_rate,intermediate.int_player_week_team_style,"ts_off_neutral_pass_rate_std,ts_off_neutral_pass_rate_l4,ts_off_proe_std,ts_off_proe_l4,ts_pass_env","2023,2024,2025",2016-2024,cb461af0c56b4811,QB,1321941740235550720,2025,18,677,0.5345381238018513,0.5138888888888888,8.233987537388648,0.7391604111095069,25.070571536097106,1.7690828530500615,0.5234057942815578,0.5,8.278642263988383,0.7411352864589952,24.865893888561384,1.7824104113937187,0.011132329520293527,0.01388888888888884,-0.04465472659973457,-0.0019748753494882587,0.20467764753572126,-0.013327558343657175,drop,drop,1169.0848887000002,,How often his offense throws,"neutral pass rate, pass rate over expected (nflfastR xpass); the matchup's expected pass rate PO: kept by the 3-season rule, but 2021 (-0.0049) and 2022 (-0.0054) reverse it; 3 of 5 seasons better is a drop (D4 hand-back)."
20261001141702,2026-10-01 14:17:02.064037+00,v2.0,fx1.0,team_style_pass_rate,intermediate.int_player_week_team_style,"ts_off_neutral_pass_rate_std,ts_off_neutral_pass_rate_l4,ts_off_proe_std,ts_off_proe_l4,ts_pass_env","2023,2024,2025",2016-2022,cb461af0c56b4811,QB,1389709692405551104,2023,18,680,0.5437141664402138,0.5092592592592592,5.790788798368201,0.7445299537323563,17.96222051138522,1.2194011344439817,0.5256801096145087,0.5092592592592592,5.834538085906659,0.7325778275744548,17.728945478610413,1.221190584290215,0.018034056825705025,0,-0.04374928753845797,0.011952126157901533,0.23327503277480588,-0.0017894498462334152,drop,drop,1169.0848887000002,,How often his offense throws,"neutral pass rate, pass rate over expected (nflfastR xpass); the matchup's expected pass rate PO: kept by the 3-season rule, but 2021 (-0.0049) and 2022 (-0.0054) reverse it; 3 of 5 seasons better is a drop (D4 hand-back)."
20261001141702,2026-10-01 14:17:02.064037+00,v2.0,fx1.0,team_style_pass_rate,intermediate.int_player_week_team_style,"ts_off_neutral_pass_rate_std,ts_off_neutral_pass_rate_l4,ts_off_proe_std,ts_off_proe_l4,ts_pass_env","2023,2024,2025",2016-2023,cb461af0c56b4811,QB,1389709692405551104,2024,18,664,0.559555367960826,0.537037037037037,6.0144128304131605,0.7787612586616024,18.447196180680972,1.2593567888754953,0.5561325996135695,0.5416666666666666,5.968519084105844,0.7902428660657924,19.21547087231386,1.2754083507094145,0.0034227683472564108,-0.00462962962962965,0.045893746307316796,-0.01148160740419002,-0.768274691632886,-0.016051561833919203,drop,drop,1169.0848887000002,,How often his offense throws,"neutral pass rate, pass rate over expected (nflfastR xpass); the matchup's expected pass rate PO: kept by the 3-season rule, but 2021 (-0.0049) and 2022 (-0.0054) reverse it; 3 of 5 seasons better is a drop (D4 hand-back)."
20261001141702,2026-10-01 14:17:02.064037+00,v2.0,fx1.0,team_style_pass_rate,intermediate.int_player_week_team_style,"ts_off_neutral_pass_rate_std,ts_off_neutral_pass_rate_l4,ts_off_proe_std,ts_off_proe_l4,ts_pass_env","2023,2024,2025",2016-2024,cb461af0c56b4811,QB,1389709692405551104,2025,18,677,0.5432600828349293,0.5231481481481481,5.996187520130716,0.7453272829450338,18.151595704959263,1.278552885552643,0.5352093003571752,0.5138888888888888,6.035030058329808,0.7561931599873815,18.28492217449843,1.2794175833228147,0.008050782477754148,0.0092592592592593,-0.038842538199092225,-0.01086587704234765,-0.13332646953916694,-0.0008646977701718406,drop,drop,1169.0848887000002,,How often his offense throws,"neutral pass rate, pass rate over expected (nflfastR xpass); the matchup's expected pass rate PO: kept by the 3-season rule, but 2021 (-0.0049) and 2022 (-0.0054) reverse it; 3 of 5 seasons better is a drop (D4 hand-back)."
20261001141702,2026-10-01 14:17:02.064037+00,v2.0,fx1.0,team_style_pass_rate,intermediate.int_player_week_team_style,"ts_off_neutral_pass_rate_std,ts_off_neutral_pass_rate_l4,ts_off_proe_std,ts_off_proe_l4,ts_pass_env","2023,2024,2025",2016-2022,cb461af0c56b4811,RB,1321941740235550720,2023,18,1482,0.6792416282906851,0.6319444444444444,4.574303058797547,0.8315162882428413,14.51755961090864,1.0083848229368082,0.6789541487937356,0.625,4.565048339555861,0.8228197362354811,14.326257632153418,1.0210909471159724,0.00028747949694951647,0.00694444444444442,0.009254719241686082,0.008696552007360192,0.19130197875522192,-0.012706124179164169,drop,drop,1169.0848887000002,,How often his offense throws,"neutral pass rate, pass rate over expected (nflfastR xpass); the matchup's expected pass rate"
20261001141702,2026-10-01 14:17:02.064037+00,v2.0,fx1.0,team_style_pass_rate,intermediate.int_player_week_team_style,"ts_off_neutral_pass_rate_std,ts_off_neutral_pass_rate_l4,ts_off_proe_std,ts_off_proe_l4,ts_pass_env","2023,2024,2025",2016-2023,cb461af0c56b4811,RB,1321941740235550720,2024,18,1495,0.6830208059323942,0.6759259259259259,4.7211354160908225,0.7925860708126966,14.726057868250386,1.0196750984140979,0.683982337730687,0.6736111111111112,4.709033406682767,0.7849798036617669,14.778347489149919,1.0140256700401826,-0.0009615317982927252,0.0023148148148147696,0.012102009408055281,0.007606267150929713,-0.05228962089953271,0.005649428373915244,drop,drop,1169.0848887000002,,How often his offense throws,"neutral pass rate, pass rate over expected (nflfastR xpass); the matchup's expected pass rate"
20261001141702,2026-10-01 14:17:02.064037+00,v2.0,fx1.0,team_style_pass_rate,intermediate.int_player_week_team_style,"ts_off_neutral_pass_rate_std,ts_off_neutral_pass_rate_l4,ts_off_proe_std,ts_off_proe_l4,ts_pass_env","2023,2024,2025",2016-2024,cb461af0c56b4811,RB,1321941740235550720,2025,18,1518,0.6920443844660041,0.6342592592592592,4.735161693176263,0.788118849646418,14.202207095944168,1.0372662510629835,0.6950103969394773,0.6365740740740741,4.747744357797661,0.7855412596247372,14.36464541810875,1.046606036495452,-0.0029660124734731674,-0.0023148148148148806,-0.01258266462139801,0.0025775900216807868,-0.16243832216458287,-0.009339785432468384,drop,drop,1169.0848887000002,,How often his offense throws,"neutral pass rate, pass rate over expected (nflfastR xpass); the matchup's expected pass rate"
20261001141702,2026-10-01 14:17:02.064037+00,v2.0,fx1.0,team_style_pass_rate,intermediate.int_player_week_team_style,"ts_off_neutral_pass_rate_std,ts_off_neutral_pass_rate_l4,ts_off_proe_std,ts_off_proe_l4,ts_pass_env","2023,2024,2025",2016-2022,cb461af0c56b4811,RB,1389709692405551104,2023,18,1482,0.6750688798574526,0.6157407407407408,4.125576650111864,0.8236084843115327,12.723682869254402,0.9046167758947143,0.6756450176028727,0.6064814814814814,4.117502283433733,0.8174518733456249,12.449043123468384,0.9050705985700918,-0.0005761377454200911,0.009259259259259411,0.008074366678130218,0.006156610965907805,0.27463974578601835,-0.0004538226753774133,drop,drop,1169.0848887000002,,How often his offense throws,"neutral pass rate, pass rate over expected (nflfastR xpass); the matchup's expected pass rate"
20261001141702,2026-10-01 14:17:02.064037+00,v2.0,fx1.0,team_style_pass_rate,intermediate.int_player_week_team_style,"ts_off_neutral_pass_rate_std,ts_off_neutral_pass_rate_l4,ts_off_proe_std,ts_off_proe_l4,ts_pass_env","2023,2024,2025",2016-2023,cb461af0c56b4811,RB,1389709692405551104,2024,18,1495,0.6745710014842227,0.650462962962963,4.231762478094764,0.8000453247651798,13.131810757311264,0.907989250691949,0.6760537172860128,0.6574074074074074,4.228841728668209,0.8025266257202242,13.044841079231357,0.9064258267080072,-0.0014827158017901576,-0.00694444444444442,0.002920749426554181,-0.0024813009550443965,0.08696967807990674,0.0015634239839418251,drop,drop,1169.0848887000002,,How often his offense throws,"neutral pass rate, pass rate over expected (nflfastR xpass); the matchup's expected pass rate"
20261001141702,2026-10-01 14:17:02.064037+00,v2.0,fx1.0,team_style_pass_rate,intermediate.int_player_week_team_style,"ts_off_neutral_pass_rate_std,ts_off_neutral_pass_rate_l4,ts_off_proe_std,ts_off_proe_l4,ts_pass_env","2023,2024,2025",2016-2024,cb461af0c56b4811,RB,1389709692405551104,2025,18,1518,0.6893949431981561,0.6203703703703703,4.284798623002927,0.7924514817446076,12.784869742244886,0.9297914465038171,0.6908815711950581,0.6134259259259259,4.282656131176271,0.7755417665473705,12.727053613563863,0.932001735176007,-0.0014866279969020235,0.00694444444444442,0.0021424918266559345,0.016909715197237052,0.057816128681023926,-0.002210288672189975,drop,drop,1169.0848887000002,,How often his offense throws,"neutral pass rate, pass rate over expected (nflfastR xpass); the matchup's expected pass rate"
20261001141702,2026-10-01 14:17:02.064037+00,v2.0,fx1.0,team_style_pass_rate,intermediate.int_player_week_team_style,"ts_off_neutral_pass_rate_std,ts_off_neutral_pass_rate_l4,ts_off_proe_std,ts_off_proe_l4,ts_pass_env","2023,2024,2025",2016-2022,cb461af0c56b4811,TE,1321941740235550720,2023,18,1177,0.5772960427100237,0.5046296296296297,3.4248574005502537,0.8136311213713054,10.520228245366049,0.7548841628920322,0.5731549358489271,0.5138888888888888,3.404402167383241,0.8034886757774902,10.492863184652377,0.7471459897645805,0.004141106861096588,-0.00925925925925919,0.020455233167012477,0.010142445593815275,0.02736506071367195,0.007738173127451731,drop,drop,1169.0848887000002,,How often his offense throws,"neutral pass rate, pass rate over expected (nflfastR xpass); the matchup's expected pass rate"
20261001141702,2026-10-01 14:17:02.064037+00,v2.0,fx1.0,team_style_pass_rate,intermediate.int_player_week_team_style,"ts_off_neutral_pass_rate_std,ts_off_neutral_pass_rate_l4,ts_off_proe_std,ts_off_proe_l4,ts_pass_env","2023,2024,2025",2016-2023,cb461af0c56b4811,TE,1321941740235550720,2024,18,1221,0.567320073890997,0.4583333333333333,3.6222399213423007,0.7914535552662586,10.146406856641018,0.7945328038263693,0.574264077708444,0.4583333333333333,3.59539965470318,0.7743029055589911,10.206185491509853,0.7903953884216951,-0.006944003817446975,0,0.026840266639120536,0.01715064970726754,-0.0597786348688345,0.004137415404674161,drop,drop,1169.0848887000002,,How often his offense throws,"neutral pass rate, pass rate over expected (nflfastR xpass); the matchup's expected pass rate"
20261001141702,2026-10-01 14:17:02.064037+00,v2.0,fx1.0,team_style_pass_rate,intermediate.int_player_week_team_style,"ts_off_neutral_pass_rate_std,ts_off_neutral_pass_rate_l4,ts_off_proe_std,ts_off_proe_l4,ts_pass_env","2023,2024,2025",2016-2024,cb461af0c56b4811,TE,1321941740235550720,2025,18,1268,0.6278095934420996,0.45370370370370366,3.513108362947774,0.8257621030673731,10.04519965544423,0.7971787108410537,0.6253565710969989,0.4212962962962963,3.5060303412258347,0.8274175947019309,10.087548898832267,0.8008154658194906,0.002453022345100697,0.032407407407407385,0.007078021721939276,-0.0016554916345578041,-0.042349243388036584,-0.0036367549784368514,drop,drop,1169.0848887000002,,How often his offense throws,"neutral pass rate, pass rate over expected (nflfastR xpass); the matchup's expected pass rate"
20261001141702,2026-10-01 14:17:02.064037+00,v2.0,fx1.0,team_style_pass_rate,intermediate.int_player_week_team_style,"ts_off_neutral_pass_rate_std,ts_off_neutral_pass_rate_l4,ts_off_proe_std,ts_off_proe_l4,ts_pass_env","2023,2024,2025",2016-2022,cb461af0c56b4811,TE,1389709692405551104,2023,18,1177,0.5536126533274389,0.4861111111111111,2.8668429432122386,0.8259957124908379,8.76467706745074,0.6430512283862466,0.5526674547558043,0.48148148148148145,2.8536294975103322,0.8104562828686124,8.769791614718581,0.6359043614952173,0.0009451985716346645,0.00462962962962965,0.013213445701906412,0.015539429622225542,-0.005114547267840663,0.00714686689102928,drop,drop,1169.0848887000002,,How often his offense throws,"neutral pass rate, pass rate over expected (nflfastR xpass); the matchup's expected pass rate"
20261001141702,2026-10-01 14:17:02.064037+00,v2.0,fx1.0,team_style_pass_rate,intermediate.int_player_week_team_style,"ts_off_neutral_pass_rate_std,ts_off_neutral_pass_rate_l4,ts_off_proe_std,ts_off_proe_l4,ts_pass_env","2023,2024,2025",2016-2023,cb461af0c56b4811,TE,1389709692405551104,2024,18,1221,0.5539403521206803,0.4351851851851852,3.0178584519155134,0.8093583925519275,8.415369418618114,0.653860170475823,0.5598785707889994,0.4212962962962963,2.995168113013023,0.8091092743419375,8.61647263454671,0.654603840250283,-0.005938218668319117,0.013888888888888895,0.022690338902490392,0.0002491182099900735,-0.2011032159285957,-0.000743669774459943,drop,drop,1169.0848887000002,,How often his offense throws,"neutral pass rate, pass rate over expected (nflfastR xpass); the matchup's expected pass rate"
20261001141702,2026-10-01 14:17:02.064037+00,v2.0,fx1.0,team_style_pass_rate,intermediate.int_player_week_team_style,"ts_off_neutral_pass_rate_std,ts_off_neutral_pass_rate_l4,ts_off_proe_std,ts_off_proe_l4,ts_pass_env","2023,2024,2025",2016-2024,cb461af0c56b4811,TE,1389709692405551104,2025,18,1268,0.6116938849152382,0.4212962962962963,2.9819846002280115,0.8163082490285805,8.369291663422494,0.6814424925416812,0.6114816218323065,0.39814814814814814,2.9795136555105186,0.8302488484538157,8.566879777547221,0.6825983815690715,0.00021226308293176288,0.02314814814814814,0.0024709447174928734,-0.01394059942523529,-0.1975881141247271,-0.0011558890273902778,drop,drop,1169.0848887000002,,How often his offense throws,"neutral pass rate, pass rate over expected (nflfastR xpass); the matchup's expected pass rate"
20261001141702,2026-10-01 14:17:02.064037+00,v2.0,fx1.0,team_style_pass_rate,intermediate.int_player_week_team_style,"ts_off_neutral_pass_rate_std,ts_off_neutral_pass_rate_l4,ts_off_proe_std,ts_off_proe_l4,ts_pass_env","2023,2024,2025",2016-2022,cb461af0c56b4811,WR,1321941740235550720,2023,18,2393,0.6390717181217582,0.49537037037037035,4.842746085742444,0.8286768742073926,15.226969135152306,1.0599229542417286,0.6392918990013178,0.5,4.844521808613023,0.8276029070508462,15.19898926672618,1.063735644351547,-0.00022018087955955057,-0.00462962962962965,-0.0017757228705788108,0.001073967156546396,0.027979868426125876,-0.0038126901098185506,drop,drop,1169.0848887000002,,How often his offense throws,"neutral pass rate, pass rate over expected (nflfastR xpass); the matchup's expected pass rate"
20261001141702,2026-10-01 14:17:02.064037+00,v2.0,fx1.0,team_style_pass_rate,intermediate.int_player_week_team_style,"ts_off_neutral_pass_rate_std,ts_off_neutral_pass_rate_l4,ts_off_proe_std,ts_off_proe_l4,ts_pass_env","2023,2024,2025",2016-2023,cb461af0c56b4811,WR,1321941740235550720,2024,18,2355,0.6395200572867137,0.46759259259259256,4.906413414303175,0.8031625065024242,15.203680506926657,1.0878864275749713,0.6392689713644507,0.46759259259259256,4.915209595301268,0.810699347029401,15.29574342823534,1.0888242050914194,0.00025108592226297244,0,-0.008796180998093206,-0.007536840526976896,-0.09206292130868299,-0.0009377775164480795,drop,drop,1169.0848887000002,,How often his offense throws,"neutral pass rate, pass rate over expected (nflfastR xpass); the matchup's expected pass rate"
20261001141702,2026-10-01 14:17:02.064037+00,v2.0,fx1.0,team_style_pass_rate,intermediate.int_player_week_team_style,"ts_off_neutral_pass_rate_std,ts_off_neutral_pass_rate_l4,ts_off_proe_std,ts_off_proe_l4,ts_pass_env","2023,2024,2025",2016-2024,cb461af0c56b4811,WR,1321941740235550720,2025,18,2366,0.6168421248127016,0.4861111111111111,4.597527443226231,0.8094463287356574,14.545370089997038,0.9922107748103524,0.6152386686159024,0.4791666666666667,4.600664516848402,0.8144156378966352,14.616042607224918,0.9901513399339991,0.0016034561967992467,0.00694444444444442,-0.0031370736221711937,-0.0049693091609778195,-0.07067251722788015,0.0020594348763532944,drop,drop,1169.0848887000002,,How often his offense throws,"neutral pass rate, pass rate over expected (nflfastR xpass); the matchup's expected pass rate"
20261001141702,2026-10-01 14:17:02.064037+00,v2.0,fx1.0,team_style_pass_rate,intermediate.int_player_week_team_style,"ts_off_neutral_pass_rate_std,ts_off_neutral_pass_rate_l4,ts_off_proe_std,ts_off_proe_l4,ts_pass_env","2023,2024,2025",2016-2022,cb461af0c56b4811,WR,1389709692405551104,2023,18,2393,0.6247939283270992,0.4884259259259259,4.050411428749707,0.8264242557345316,12.491720400899288,0.8743657691035902,0.6246061268487013,0.48379629629629634,4.051944662215899,0.8202839699817535,12.623847439187115,0.8785657701147183,0.00018780147839791983,0.004629629629629539,-0.001533233466191497,0.006140285752778141,-0.1321270382878268,-0.004200001011128052,drop,drop,1169.0848887000002,,How often his offense throws,"neutral pass rate, pass rate over expected (nflfastR xpass); the matchup's expected pass rate"
20261001141702,2026-10-01 14:17:02.064037+00,v2.0,fx1.0,team_style_pass_rate,intermediate.int_player_week_team_style,"ts_off_neutral_pass_rate_std,ts_off_neutral_pass_rate_l4,ts_off_proe_std,ts_off_proe_l4,ts_pass_env","2023,2024,2025",2016-2023,cb461af0c56b4811,WR,1389709692405551104,2024,18,2355,0.6263217291276351,0.4652777777777778,4.107917841603316,0.8041012871939532,12.57838581008351,0.8994754374994254,0.6258058683032384,0.4722222222222222,4.111022234789733,0.8081891862346062,12.567916698188661,0.896932017486602,0.0005158608243966967,-0.00694444444444442,-0.00310439318641631,-0.004087899040652987,0.010469111894849448,0.002543420012823372,drop,drop,1169.0848887000002,,How often his offense throws,"neutral pass rate, pass rate over expected (nflfastR xpass); the matchup's expected pass rate"
20261001141702,2026-10-01 14:17:02.064037+00,v2.0,fx1.0,team_style_pass_rate,intermediate.int_player_week_team_style,"ts_off_neutral_pass_rate_std,ts_off_neutral_pass_rate_l4,ts_off_proe_std,ts_off_proe_l4,ts_pass_env","2023,2024,2025",2016-2024,cb461af0c56b4811,WR,1389709692405551104,2025,18,2366,0.6020210373169939,0.45370370370370366,3.875746173982521,0.8177387712728685,12.120380788307639,0.8222319799484743,0.60107460697586,0.45370370370370366,3.879997485317312,0.805383548509456,12.202734588861226,0.8249504578006683,0.0009464303411338415,0,-0.0042513113347908416,0.012355222763412499,-0.08235380055358732,-0.0027184778521940345,drop,drop,1169.0848887000002,,How often his offense throws,"neutral pass rate, pass rate over expected (nflfastR xpass); the matchup's expected pass rate"
20261001142149,2026-10-01 14:21:49.389573+00,v2.0,fx1.0,venue,intermediate.int_player_week_game_context,"gc_roof,gc_surface_turf,gc_div_game,gc_neutral_site","2023,2024,2025",2016-2022,cb461af0c56b4811,QB,1321941740235550720,2023,18,680,0.5422195700190323,0.5092592592592592,8.101032379599719,0.74100543574594,24.68119587887284,1.6938129533597395,0.5224559100126451,0.49074074074074076,8.118371856627013,0.7275863423148562,24.62127940559263,1.695443064960612,0.019763660006387185,0.018518518518518434,-0.01733947702729388,0.013419093431083828,0.05991647328020733,-0.0016301116008725636,drop,drop,960.8229952660004,,"Stadium, division","D2 sub-group: fixed dome (retractable unknown), artificial turf, division game, neutral site"
20261001142149,2026-10-01 14:21:49.389573+00,v2.0,fx1.0,venue,intermediate.int_player_week_game_context,"gc_roof,gc_surface_turf,gc_div_game,gc_neutral_site","2023,2024,2025",2016-2023,cb461af0c56b4811,QB,1321941740235550720,2024,18,664,0.5326974947409462,0.5231481481481481,8.282537105833804,0.7800829064308231,26.10681668840983,1.7790510411277687,0.5378203062561171,0.537037037037037,8.229692708393038,0.7832961972794183,26.710818495105404,1.8015736616536242,-0.005122811515170911,-0.01388888888888884,0.05284439744076508,-0.0032132908485952294,-0.6040018066955746,-0.02252262052585552,drop,drop,960.8229952660004,,"Stadium, division","D2 sub-group: fixed dome (retractable unknown), artificial turf, division game, neutral site"
20261001142149,2026-10-01 14:21:49.389573+00,v2.0,fx1.0,venue,intermediate.int_player_week_game_context,"gc_roof,gc_surface_turf,gc_div_game,gc_neutral_site","2023,2024,2025",2016-2024,cb461af0c56b4811,QB,1321941740235550720,2025,18,677,0.5232731090833014,0.5092592592592593,8.286655188355972,0.7325110006434574,24.90946173953857,1.76970875632499,0.5234057942815578,0.5,8.278642263988383,0.7411352864589952,24.865893888561384,1.7824104113937187,-0.00013268519825637703,0.0092592592592593,0.008012924367589491,-0.008624285815537758,0.04356785097718685,-0.012701655068728668,drop,drop,960.8229952660004,,"Stadium, division","D2 sub-group: fixed dome (retractable unknown), artificial turf, division game, neutral site"
20261001142149,2026-10-01 14:21:49.389573+00,v2.0,fx1.0,venue,intermediate.int_player_week_game_context,"gc_roof,gc_surface_turf,gc_div_game,gc_neutral_site","2023,2024,2025",2016-2022,cb461af0c56b4811,QB,1389709692405551104,2023,18,680,0.5396147924687331,0.5,5.820171363964893,0.7361747259054953,17.697568328054338,1.2174367464071654,0.5256801096145087,0.5092592592592592,5.834538085906659,0.7325778275744548,17.728945478610413,1.221190584290215,0.01393468285422439,-0.00925925925925919,-0.014366721941765803,0.003596898331040488,-0.03137715055607515,-0.0037538378830497265,drop,drop,960.8229952660004,,"Stadium, division","D2 sub-group: fixed dome (retractable unknown), artificial turf, division game, neutral site"
20261001142149,2026-10-01 14:21:49.389573+00,v2.0,fx1.0,venue,intermediate.int_player_week_game_context,"gc_roof,gc_surface_turf,gc_div_game,gc_neutral_site","2023,2024,2025",2016-2023,cb461af0c56b4811,QB,1389709692405551104,2024,18,664,0.5540458234628824,0.5462962962962963,6.00692008362078,0.7812327732503146,19.001948364314305,1.2720079832895383,0.5561325996135695,0.5416666666666666,5.968519084105844,0.7902428660657924,19.21547087231386,1.2754083507094145,-0.0020867761506870863,0.00462962962962965,0.03840099951493592,-0.009010092815477821,-0.21352250799955286,-0.003400367419876149,drop,drop,960.8229952660004,,"Stadium, division","D2 sub-group: fixed dome (retractable unknown), artificial turf, division game, neutral site"
20261001142149,2026-10-01 14:21:49.389573+00,v2.0,fx1.0,venue,intermediate.int_player_week_game_context,"gc_roof,gc_surface_turf,gc_div_game,gc_neutral_site","2023,2024,2025",2016-2024,cb461af0c56b4811,QB,1389709692405551104,2025,18,677,0.529866280415724,0.5,6.033362954381106,0.7548419727469509,18.3253715569533,1.2835292253028365,0.5352093003571752,0.5138888888888888,6.035030058329808,0.7561931599873815,18.28492217449843,1.2794175833228147,-0.005343019941451144,-0.01388888888888884,-0.0016671039487023975,-0.0013511872404305958,0.040449382454870175,0.004111641980021785,drop,drop,960.8229952660004,,"Stadium, division","D2 sub-group: fixed dome (retractable unknown), artificial turf, division game, neutral site"
20261001142149,2026-10-01 14:21:49.389573+00,v2.0,fx1.0,venue,intermediate.int_player_week_game_context,"gc_roof,gc_surface_turf,gc_div_game,gc_neutral_site","2023,2024,2025",2016-2022,cb461af0c56b4811,RB,1321941740235550720,2023,18,1482,0.6797194017231362,0.6226851851851852,4.575642322377265,0.8204969310724676,14.26979320533783,1.0226941475824103,0.6789541487937356,0.625,4.565048339555861,0.8228197362354811,14.326257632153418,1.0210909471159724,0.0007652529294005506,-0.0023148148148147696,0.010593982821403891,-0.0023228051630135305,-0.05646442681558739,0.0016032004664379151,drop,drop,960.8229952660004,,"Stadium, division","D2 sub-group: fixed dome (retractable unknown), artificial turf, division game, neutral site"
20261001142149,2026-10-01 14:21:49.389573+00,v2.0,fx1.0,venue,intermediate.int_player_week_game_context,"gc_roof,gc_surface_turf,gc_div_game,gc_neutral_site","2023,2024,2025",2016-2023,cb461af0c56b4811,RB,1321941740235550720,2024,18,1495,0.6837398400219359,0.6736111111111112,4.725705615541688,0.7960037745522637,14.78869930049437,1.021457826165407,0.683982337730687,0.6736111111111112,4.709033406682767,0.7849798036617669,14.778347489149919,1.0140256700401826,-0.00024249770875106602,0,0.016672208858921067,0.011023970890496781,0.010351811344451178,0.0074321561252244095,drop,drop,960.8229952660004,,"Stadium, division","D2 sub-group: fixed dome (retractable unknown), artificial turf, division game, neutral site"
20261001142149,2026-10-01 14:21:49.389573+00,v2.0,fx1.0,venue,intermediate.int_player_week_game_context,"gc_roof,gc_surface_turf,gc_div_game,gc_neutral_site","2023,2024,2025",2016-2024,cb461af0c56b4811,RB,1321941740235550720,2025,18,1518,0.6946037860043998,0.6365740740740741,4.731738214415204,0.7766056134915504,14.375313785394004,1.0439537909587637,0.6950103969394773,0.6365740740740741,4.747744357797661,0.7855412596247372,14.36464541810875,1.046606036495452,-0.00040661093507754487,0,-0.016006143382456983,-0.008935646133186759,0.010668367285253666,-0.0026522455366881914,drop,drop,960.8229952660004,,"Stadium, division","D2 sub-group: fixed dome (retractable unknown), artificial turf, division game, neutral site"
20261001142149,2026-10-01 14:21:49.389573+00,v2.0,fx1.0,venue,intermediate.int_player_week_game_context,"gc_roof,gc_surface_turf,gc_div_game,gc_neutral_site","2023,2024,2025",2016-2022,cb461af0c56b4811,RB,1389709692405551104,2023,18,1482,0.6760946623001612,0.6087962962962963,4.125588093117136,0.8282241346686221,12.607204346805425,0.9107453731019218,0.6756450176028727,0.6064814814814814,4.117502283433733,0.8174518733456249,12.449043123468384,0.9050705985700918,0.000449644697288587,0.0023148148148148806,0.008085809683402445,0.010772261322997245,0.15816122333704108,0.0056747745318300735,drop,drop,960.8229952660004,,"Stadium, division","D2 sub-group: fixed dome (retractable unknown), artificial turf, division game, neutral site"
20261001142149,2026-10-01 14:21:49.389573+00,v2.0,fx1.0,venue,intermediate.int_player_week_game_context,"gc_roof,gc_surface_turf,gc_div_game,gc_neutral_site","2023,2024,2025",2016-2023,cb461af0c56b4811,RB,1389709692405551104,2024,18,1495,0.6763392785978792,0.650462962962963,4.2437937069142855,0.7988048050394378,13.156987538771183,0.9056795570048295,0.6760537172860128,0.6574074074074074,4.228841728668209,0.8025266257202242,13.044841079231357,0.9064258267080072,0.0002855613118664113,-0.00694444444444442,0.01495197824607608,-0.003721820680786303,0.11214645953982583,-0.0007462697031777044,drop,drop,960.8229952660004,,"Stadium, division","D2 sub-group: fixed dome (retractable unknown), artificial turf, division game, neutral site"
20261001142149,2026-10-01 14:21:49.389573+00,v2.0,fx1.0,venue,intermediate.int_player_week_game_context,"gc_roof,gc_surface_turf,gc_div_game,gc_neutral_site","2023,2024,2025",2016-2024,cb461af0c56b4811,RB,1389709692405551104,2025,18,1518,0.6913179942747418,0.6203703703703703,4.27436877726341,0.7742009415774317,12.813541298319267,0.9311980035914255,0.6908815711950581,0.6134259259259259,4.282656131176271,0.7755417665473705,12.727053613563863,0.932001735176007,0.0004364230796837232,0.00694444444444442,-0.00828735391286095,-0.0013408249699388142,0.08648768475540436,-0.0008037315845815796,drop,drop,960.8229952660004,,"Stadium, division","D2 sub-group: fixed dome (retractable unknown), artificial turf, division game, neutral site"
20261001142149,2026-10-01 14:21:49.389573+00,v2.0,fx1.0,venue,intermediate.int_player_week_game_context,"gc_roof,gc_surface_turf,gc_div_game,gc_neutral_site","2023,2024,2025",2016-2022,cb461af0c56b4811,TE,1321941740235550720,2023,18,1177,0.5698652120933315,0.5277777777777778,3.4225721561214595,0.813534309228826,10.676308563135471,0.7613573861357249,0.5731549358489271,0.5138888888888888,3.404402167383241,0.8034886757774902,10.492863184652377,0.7471459897645805,-0.0032897237555955527,0.01388888888888895,0.01816998873821829,0.0100456334513358,0.1834453784830945,0.014211396371144436,drop,drop,960.8229952660004,,"Stadium, division","D2 sub-group: fixed dome (retractable unknown), artificial turf, division game, neutral site"
20261001142149,2026-10-01 14:21:49.389573+00,v2.0,fx1.0,venue,intermediate.int_player_week_game_context,"gc_roof,gc_surface_turf,gc_div_game,gc_neutral_site","2023,2024,2025",2016-2023,cb461af0c56b4811,TE,1321941740235550720,2024,18,1221,0.5701923609034666,0.462962962962963,3.6098479736371925,0.7998326078759995,10.236728793133167,0.7943763436665864,0.574264077708444,0.4583333333333333,3.59539965470318,0.7743029055589911,10.206185491509853,0.7903953884216951,-0.004071716804977421,0.004629629629629706,0.014448318934012327,0.025529702317008462,0.030543301623314534,0.003980955244891282,drop,drop,960.8229952660004,,"Stadium, division","D2 sub-group: fixed dome (retractable unknown), artificial turf, division game, neutral site"
20261001142149,2026-10-01 14:21:49.389573+00,v2.0,fx1.0,venue,intermediate.int_player_week_game_context,"gc_roof,gc_surface_turf,gc_div_game,gc_neutral_site","2023,2024,2025",2016-2024,cb461af0c56b4811,TE,1321941740235550720,2025,18,1268,0.6275154561045568,0.4444444444444444,3.5110729859865497,0.8129429776335647,10.054572702194003,0.7987154980387442,0.6253565710969989,0.4212962962962963,3.5060303412258347,0.8274175947019309,10.087548898832267,0.8008154658194906,0.002158885007557898,0.02314814814814814,0.0050426447607150315,-0.014474617068366169,-0.032976196638264454,-0.0020999677807463923,drop,drop,960.8229952660004,,"Stadium, division","D2 sub-group: fixed dome (retractable unknown), artificial turf, division game, neutral site"
20261001142149,2026-10-01 14:21:49.389573+00,v2.0,fx1.0,venue,intermediate.int_player_week_game_context,"gc_roof,gc_surface_turf,gc_div_game,gc_neutral_site","2023,2024,2025",2016-2022,cb461af0c56b4811,TE,1389709692405551104,2023,18,1177,0.5467406125249883,0.48148148148148145,2.8687890019937594,0.800529163118084,8.79939846358316,0.6420064753817113,0.5526674547558043,0.48148148148148145,2.8536294975103322,0.8104562828686124,8.769791614718581,0.6359043614952173,-0.005926842230815965,0,0.015159504483427177,-0.009927119750528401,0.029606848864577984,0.006102113886493954,drop,drop,960.8229952660004,,"Stadium, division","D2 sub-group: fixed dome (retractable unknown), artificial turf, division game, neutral site"
20261001142149,2026-10-01 14:21:49.389573+00,v2.0,fx1.0,venue,intermediate.int_player_week_game_context,"gc_roof,gc_surface_turf,gc_div_game,gc_neutral_site","2023,2024,2025",2016-2023,cb461af0c56b4811,TE,1389709692405551104,2024,18,1221,0.5572942690239749,0.4212962962962963,3.006198485774478,0.806676820013848,8.59146492760862,0.6544066991396541,0.5598785707889994,0.4212962962962963,2.995168113013023,0.8091092743419375,8.61647263454671,0.654603840250283,-0.0025843017650244438,0,0.01103037276145491,-0.002432454328089473,-0.025007706938090735,-0.0001971411106288512,drop,drop,960.8229952660004,,"Stadium, division","D2 sub-group: fixed dome (retractable unknown), artificial turf, division game, neutral site"
20261001142149,2026-10-01 14:21:49.389573+00,v2.0,fx1.0,venue,intermediate.int_player_week_game_context,"gc_roof,gc_surface_turf,gc_div_game,gc_neutral_site","2023,2024,2025",2016-2024,cb461af0c56b4811,TE,1389709692405551104,2025,18,1268,0.6137100617349911,0.42129629629629634,2.985147192044793,0.8151031411812938,8.407834566393861,0.6816759246668601,0.6114816218323065,0.39814814814814814,2.9795136555105186,0.8302488484538157,8.566879777547221,0.6825983815690715,0.0022284399026846202,0.023148148148148195,0.0056335365342743415,-0.015145707272521958,-0.15904521115336046,-0.0009224569022113771,drop,drop,960.8229952660004,,"Stadium, division","D2 sub-group: fixed dome (retractable unknown), artificial turf, division game, neutral site"
20261001142149,2026-10-01 14:21:49.389573+00,v2.0,fx1.0,venue,intermediate.int_player_week_game_context,"gc_roof,gc_surface_turf,gc_div_game,gc_neutral_site","2023,2024,2025",2016-2022,cb461af0c56b4811,WR,1321941740235550720,2023,18,2393,0.6404352914054776,0.49768518518518523,4.8273849605258725,0.8218606747656494,15.205616937820013,1.0609035728689693,0.6392918990013178,0.5,4.844521808613023,0.8276029070508462,15.19898926672618,1.063735644351547,0.0011433924041598376,-0.0023148148148147696,-0.017136848087150547,-0.005742232285196769,0.0066276710938328875,-0.0028320714825778026,drop,drop,960.8229952660004,,"Stadium, division","D2 sub-group: fixed dome (retractable unknown), artificial turf, division game, neutral site"
20261001142149,2026-10-01 14:21:49.389573+00,v2.0,fx1.0,venue,intermediate.int_player_week_game_context,"gc_roof,gc_surface_turf,gc_div_game,gc_neutral_site","2023,2024,2025",2016-2023,cb461af0c56b4811,WR,1321941740235550720,2024,18,2355,0.6402331417355922,0.474537037037037,4.902853513556224,0.7932107537269025,14.956310190141778,1.0876178879781622,0.6392689713644507,0.46759259259259256,4.915209595301268,0.810699347029401,15.29574342823534,1.0888242050914194,0.0009641703711414928,0.00694444444444442,-0.0123560817450441,-0.017488593302498523,-0.3394332380935623,-0.0012063171132572492,drop,drop,960.8229952660004,,"Stadium, division","D2 sub-group: fixed dome (retractable unknown), artificial turf, division game, neutral site"
20261001142149,2026-10-01 14:21:49.389573+00,v2.0,fx1.0,venue,intermediate.int_player_week_game_context,"gc_roof,gc_surface_turf,gc_div_game,gc_neutral_site","2023,2024,2025",2016-2024,cb461af0c56b4811,WR,1321941740235550720,2025,18,2366,0.6151264749955527,0.4722222222222222,4.605782464411815,0.8141936038417538,14.4700537646126,0.9902893162528866,0.6152386686159024,0.4791666666666667,4.600664516848402,0.8144156378966352,14.616042607224918,0.9901513399339991,-0.0001121936203496432,-0.006944444444444475,0.0051179475634128835,-0.0002220340548814148,-0.14598884261231682,0.00013797631888756712,drop,drop,960.8229952660004,,"Stadium, division","D2 sub-group: fixed dome (retractable unknown), artificial turf, division game, neutral site"
20261001142149,2026-10-01 14:21:49.389573+00,v2.0,fx1.0,venue,intermediate.int_player_week_game_context,"gc_roof,gc_surface_turf,gc_div_game,gc_neutral_site","2023,2024,2025",2016-2022,cb461af0c56b4811,WR,1389709692405551104,2023,18,2393,0.6253489738584598,0.4861111111111111,4.036753363160894,0.8214043176891629,12.546797502677263,0.8770896589178866,0.6246061268487013,0.48379629629629634,4.051944662215899,0.8202839699817535,12.623847439187115,0.8785657701147183,0.0007428470097584627,0.0023148148148147696,-0.015191299055004492,0.0011203477074094303,-0.07704993650985159,-0.0014761111968316643,drop,drop,960.8229952660004,,"Stadium, division","D2 sub-group: fixed dome (retractable unknown), artificial turf, division game, neutral site"
20261001142149,2026-10-01 14:21:49.389573+00,v2.0,fx1.0,venue,intermediate.int_player_week_game_context,"gc_roof,gc_surface_turf,gc_div_game,gc_neutral_site","2023,2024,2025",2016-2023,cb461af0c56b4811,WR,1389709692405551104,2024,18,2355,0.6271193320295796,0.474537037037037,4.102670950958488,0.8030363411017456,12.518842642756496,0.8985290373071102,0.6258058683032384,0.4722222222222222,4.111022234789733,0.8081891862346062,12.567916698188661,0.896932017486602,0.001313463726341224,0.0023148148148147696,-0.008351283831244949,-0.005152845132860628,-0.0490740554321647,0.0015970198205081942,drop,drop,960.8229952660004,,"Stadium, division","D2 sub-group: fixed dome (retractable unknown), artificial turf, division game, neutral site"
20261001142149,2026-10-01 14:21:49.389573+00,v2.0,fx1.0,venue,intermediate.int_player_week_game_context,"gc_roof,gc_surface_turf,gc_div_game,gc_neutral_site","2023,2024,2025",2016-2024,cb461af0c56b4811,WR,1389709692405551104,2025,18,2366,0.6007877633836082,0.4583333333333333,3.886086842576872,0.8076059489712697,12.055060341861626,0.8206689779477279,0.60107460697586,0.45370370370370366,3.879997485317312,0.805383548509456,12.202734588861226,0.8249504578006683,-0.00028684359225183975,0.00462962962962965,0.0060893572595599466,0.002222400461813656,-0.14767424699959975,-0.004281479852940473,drop,drop,960.8229952660004,,"Stadium, division","D2 sub-group: fixed dome (retractable unknown), artificial turf, division game, neutral site"
20261001142923,2026-10-01 14:29:23.570675+00,v2.0,fx1.0,team_style_efficiency,intermediate.int_player_week_team_style,"ts_off_first_downs_pg_std,ts_off_first_downs_pg_l4,ts_off_yards_per_play_std,ts_off_yards_per_play_l4,ts_off_points_per_drive_std,ts_off_points_per_drive_l4,ts_off_scoring_drive_rate_std,ts_off_scoring_drive_rate_l4,ts_off_red_zone_trips_pg_std,ts_off_red_zone_trips_pg_l4,ts_off_sacks_per_dropback_std,ts_off_sacks_per_dropback_l4,ts_off_giveaways_pg_std,ts_off_giveaways_pg_l4","2023,2024,2025",2016-2022,cb461af0c56b4811,QB,1321941740235550720,2023,18,680,0.5349995792322884,0.5092592592592592,8.11007907033521,0.7373096152620179,25.3531904571265,1.7212179219315855,0.5224559100126451,0.49074074074074076,8.118371856627013,0.7275863423148562,24.62127940559263,1.695443064960612,0.012543669219643228,0.018518518518518434,-0.008292786291802301,0.009723272947161687,0.7319110515338707,0.02577485697097348,drop,drop,741.4570238590004,,How well his offense moves the ball,"first downs, yards per play, points per drive, scoring drives, red-zone trips, sacks, giveaways"
20261001142923,2026-10-01 14:29:23.570675+00,v2.0,fx1.0,team_style_efficiency,intermediate.int_player_week_team_style,"ts_off_first_downs_pg_std,ts_off_first_downs_pg_l4,ts_off_yards_per_play_std,ts_off_yards_per_play_l4,ts_off_points_per_drive_std,ts_off_points_per_drive_l4,ts_off_scoring_drive_rate_std,ts_off_scoring_drive_rate_l4,ts_off_red_zone_trips_pg_std,ts_off_red_zone_trips_pg_l4,ts_off_sacks_per_dropback_std,ts_off_sacks_per_dropback_l4,ts_off_giveaways_pg_std,ts_off_giveaways_pg_l4","2023,2024,2025",2016-2023,cb461af0c56b4811,QB,1321941740235550720,2024,18,664,0.530519619911648,0.5231481481481481,8.239488038214116,0.7906173635789128,27.10356592562977,1.7823589959443302,0.5378203062561171,0.537037037037037,8.229692708393038,0.7832961972794183,26.710818495105404,1.8015736616536242,-0.007300686344469121,-0.01388888888888884,0.009795329821077559,0.007321166299494419,0.39274743052436634,-0.019214665709293977,drop,drop,741.4570238590004,,How well his offense moves the ball,"first downs, yards per play, points per drive, scoring drives, red-zone trips, sacks, giveaways"
20261001142923,2026-10-01 14:29:23.570675+00,v2.0,fx1.0,team_style_efficiency,intermediate.int_player_week_team_style,"ts_off_first_downs_pg_std,ts_off_first_downs_pg_l4,ts_off_yards_per_play_std,ts_off_yards_per_play_l4,ts_off_points_per_drive_std,ts_off_points_per_drive_l4,ts_off_scoring_drive_rate_std,ts_off_scoring_drive_rate_l4,ts_off_red_zone_trips_pg_std,ts_off_red_zone_trips_pg_l4,ts_off_sacks_per_dropback_std,ts_off_sacks_per_dropback_l4,ts_off_giveaways_pg_std,ts_off_giveaways_pg_l4","2023,2024,2025",2016-2024,cb461af0c56b4811,QB,1321941740235550720,2025,18,677,0.5251992571459542,0.49537037037037035,8.286585254957128,0.7313137479609861,24.623500224912693,1.7881682855334975,0.5234057942815578,0.5,8.278642263988383,0.7411352864589952,24.865893888561384,1.7824104113937187,0.0017934628643964112,-0.00462962962962965,0.007942990968745178,-0.009821538498009041,-0.24239366364869142,0.005757874139778796,drop,drop,741.4570238590004,,How well his offense moves the ball,"first downs, yards per play, points per drive, scoring drives, red-zone trips, sacks, giveaways"
20261001142923,2026-10-01 14:29:23.570675+00,v2.0,fx1.0,team_style_efficiency,intermediate.int_player_week_team_style,"ts_off_first_downs_pg_std,ts_off_first_downs_pg_l4,ts_off_yards_per_play_std,ts_off_yards_per_play_l4,ts_off_points_per_drive_std,ts_off_points_per_drive_l4,ts_off_scoring_drive_rate_std,ts_off_scoring_drive_rate_l4,ts_off_red_zone_trips_pg_std,ts_off_red_zone_trips_pg_l4,ts_off_sacks_per_dropback_std,ts_off_sacks_per_dropback_l4,ts_off_giveaways_pg_std,ts_off_giveaways_pg_l4","2023,2024,2025",2016-2022,cb461af0c56b4811,QB,1389709692405551104,2023,18,680,0.5393535061629356,0.5277777777777778,5.808691957506827,0.7456228967915997,18.216972911752702,1.2188152587569232,0.5256801096145087,0.5092592592592592,5.834538085906659,0.7325778275744548,17.728945478610413,1.221190584290215,0.01367339654842692,0.0185185185185186,-0.02584612839983169,0.013045069217144878,0.4880274331422889,-0.0023753255332918943,drop,drop,741.4570238590004,,How well his offense moves the ball,"first downs, yards per play, points per drive, scoring drives, red-zone trips, sacks, giveaways"
20261001142923,2026-10-01 14:29:23.570675+00,v2.0,fx1.0,team_style_efficiency,intermediate.int_player_week_team_style,"ts_off_first_downs_pg_std,ts_off_first_downs_pg_l4,ts_off_yards_per_play_std,ts_off_yards_per_play_l4,ts_off_points_per_drive_std,ts_off_points_per_drive_l4,ts_off_scoring_drive_rate_std,ts_off_scoring_drive_rate_l4,ts_off_red_zone_trips_pg_std,ts_off_red_zone_trips_pg_l4,ts_off_sacks_per_dropback_std,ts_off_sacks_per_dropback_l4,ts_off_giveaways_pg_std,ts_off_giveaways_pg_l4","2023,2024,2025",2016-2023,cb461af0c56b4811,QB,1389709692405551104,2024,18,664,0.5533925465065466,0.5416666666666666,5.979620996405105,0.7874936521537372,18.975893646969578,1.2531219824904192,0.5561325996135695,0.5416666666666666,5.968519084105844,0.7902428660657924,19.21547087231386,1.2754083507094145,-0.002740053107022966,0,0.011101912299261052,-0.0027492139120551817,-0.23957722534428072,-0.022286368218995323,drop,drop,741.4570238590004,,How well his offense moves the ball,"first downs, yards per play, points per drive, scoring drives, red-zone trips, sacks, giveaways"
20261001142923,2026-10-01 14:29:23.570675+00,v2.0,fx1.0,team_style_efficiency,intermediate.int_player_week_team_style,"ts_off_first_downs_pg_std,ts_off_first_downs_pg_l4,ts_off_yards_per_play_std,ts_off_yards_per_play_l4,ts_off_points_per_drive_std,ts_off_points_per_drive_l4,ts_off_scoring_drive_rate_std,ts_off_scoring_drive_rate_l4,ts_off_red_zone_trips_pg_std,ts_off_red_zone_trips_pg_l4,ts_off_sacks_per_dropback_std,ts_off_sacks_per_dropback_l4,ts_off_giveaways_pg_std,ts_off_giveaways_pg_l4","2023,2024,2025",2016-2024,cb461af0c56b4811,QB,1389709692405551104,2025,18,677,0.5236721644156745,0.4861111111111111,6.063761763611314,0.7488578590085047,17.958096869047523,1.2869035354023628,0.5352093003571752,0.5138888888888888,6.035030058329808,0.7561931599873815,18.28492217449843,1.2794175833228147,-0.011537135941500631,-0.027777777777777735,0.028731705281505704,-0.007335300978876802,-0.3268253054509067,0.007485952079548053,drop,drop,741.4570238590004,,How well his offense moves the ball,"first downs, yards per play, points per drive, scoring drives, red-zone trips, sacks, giveaways"
20261001142923,2026-10-01 14:29:23.570675+00,v2.0,fx1.0,team_style_efficiency,intermediate.int_player_week_team_style,"ts_off_first_downs_pg_std,ts_off_first_downs_pg_l4,ts_off_yards_per_play_std,ts_off_yards_per_play_l4,ts_off_points_per_drive_std,ts_off_points_per_drive_l4,ts_off_scoring_drive_rate_std,ts_off_scoring_drive_rate_l4,ts_off_red_zone_trips_pg_std,ts_off_red_zone_trips_pg_l4,ts_off_sacks_per_dropback_std,ts_off_sacks_per_dropback_l4,ts_off_giveaways_pg_std,ts_off_giveaways_pg_l4","2023,2024,2025",2016-2022,cb461af0c56b4811,RB,1321941740235550720,2023,18,1482,0.6813995703498992,0.6342592592592592,4.583905119398914,0.8177894561283082,14.382971289459038,1.021112957028992,0.6789541487937356,0.625,4.565048339555861,0.8228197362354811,14.326257632153418,1.0210909471159724,0.002445421556163563,0.00925925925925919,0.018856779843053673,-0.00503028010717288,0.05671365730561995,2.2009913019704896e-05,drop,drop,741.4570238590004,,How well his offense moves the ball,"first downs, yards per play, points per drive, scoring drives, red-zone trips, sacks, giveaways"
20261001142923,2026-10-01 14:29:23.570675+00,v2.0,fx1.0,team_style_efficiency,intermediate.int_player_week_team_style,"ts_off_first_downs_pg_std,ts_off_first_downs_pg_l4,ts_off_yards_per_play_std,ts_off_yards_per_play_l4,ts_off_points_per_drive_std,ts_off_points_per_drive_l4,ts_off_scoring_drive_rate_std,ts_off_scoring_drive_rate_l4,ts_off_red_zone_trips_pg_std,ts_off_red_zone_trips_pg_l4,ts_off_sacks_per_dropback_std,ts_off_sacks_per_dropback_l4,ts_off_giveaways_pg_std,ts_off_giveaways_pg_l4","2023,2024,2025",2016-2023,cb461af0c56b4811,RB,1321941740235550720,2024,18,1495,0.6837538435874686,0.6782407407407408,4.711449100582595,0.7873195118673008,14.904673007490535,1.0188670595688183,0.683982337730687,0.6736111111111112,4.709033406682767,0.7849798036617669,14.778347489149919,1.0140256700401826,-0.0002284941432183496,0.00462962962962965,0.0024156938998274313,0.0023397082055338636,0.12632551834061623,0.0048413895286356645,drop,drop,741.4570238590004,,How well his offense moves the ball,"first downs, yards per play, points per drive, scoring drives, red-zone trips, sacks, giveaways"
20261001142923,2026-10-01 14:29:23.570675+00,v2.0,fx1.0,team_style_efficiency,intermediate.int_player_week_team_style,"ts_off_first_downs_pg_std,ts_off_first_downs_pg_l4,ts_off_yards_per_play_std,ts_off_yards_per_play_l4,ts_off_points_per_drive_std,ts_off_points_per_drive_l4,ts_off_scoring_drive_rate_std,ts_off_scoring_drive_rate_l4,ts_off_red_zone_trips_pg_std,ts_off_red_zone_trips_pg_l4,ts_off_sacks_per_dropback_std,ts_off_sacks_per_dropback_l4,ts_off_giveaways_pg_std,ts_off_giveaways_pg_l4","2023,2024,2025",2016-2024,cb461af0c56b4811,RB,1321941740235550720,2025,18,1518,0.6918388900656745,0.6319444444444444,4.7468012536382265,0.7732954800422164,14.334118933508485,1.043221604318729,0.6950103969394773,0.6365740740740741,4.747744357797661,0.7855412596247372,14.36464541810875,1.046606036495452,-0.003171506873802854,-0.00462962962962965,-0.000943104159434327,-0.012245779582520822,-0.030526484600265746,-0.003384432176722907,drop,drop,741.4570238590004,,How well his offense moves the ball,"first downs, yards per play, points per drive, scoring drives, red-zone trips, sacks, giveaways"
20261001142923,2026-10-01 14:29:23.570675+00,v2.0,fx1.0,team_style_efficiency,intermediate.int_player_week_team_style,"ts_off_first_downs_pg_std,ts_off_first_downs_pg_l4,ts_off_yards_per_play_std,ts_off_yards_per_play_l4,ts_off_points_per_drive_std,ts_off_points_per_drive_l4,ts_off_scoring_drive_rate_std,ts_off_scoring_drive_rate_l4,ts_off_red_zone_trips_pg_std,ts_off_red_zone_trips_pg_l4,ts_off_sacks_per_dropback_std,ts_off_sacks_per_dropback_l4,ts_off_giveaways_pg_std,ts_off_giveaways_pg_l4","2023,2024,2025",2016-2022,cb461af0c56b4811,RB,1389709692405551104,2023,18,1482,0.6779826812122353,0.6180555555555556,4.1374730176452825,0.8215204701510919,13.02374255424305,0.9099220748394313,0.6756450176028727,0.6064814814814814,4.117502283433733,0.8174518733456249,12.449043123468384,0.9050705985700918,0.0023376636093626058,0.011574074074074181,0.019970734211549157,0.004068596805467006,0.5746994307746665,0.004851476269339572,drop,drop,741.4570238590004,,How well his offense moves the ball,"first downs, yards per play, points per drive, scoring drives, red-zone trips, sacks, giveaways"
20261001142923,2026-10-01 14:29:23.570675+00,v2.0,fx1.0,team_style_efficiency,intermediate.int_player_week_team_style,"ts_off_first_downs_pg_std,ts_off_first_downs_pg_l4,ts_off_yards_per_play_std,ts_off_yards_per_play_l4,ts_off_points_per_drive_std,ts_off_points_per_drive_l4,ts_off_scoring_drive_rate_std,ts_off_scoring_drive_rate_l4,ts_off_red_zone_trips_pg_std,ts_off_red_zone_trips_pg_l4,ts_off_sacks_per_dropback_std,ts_off_sacks_per_dropback_l4,ts_off_giveaways_pg_std,ts_off_giveaways_pg_l4","2023,2024,2025",2016-2023,cb461af0c56b4811,RB,1389709692405551104,2024,18,1495,0.6755691016835538,0.6574074074074074,4.2276871574728485,0.797558570767233,13.157329123199379,0.9073269152709766,0.6760537172860128,0.6574074074074074,4.228841728668209,0.8025266257202242,13.044841079231357,0.9064258267080072,-0.00048461560245904867,0,-0.0011545711953608873,-0.00496805495299113,0.11248804396802115,0.0009010885629694432,drop,drop,741.4570238590004,,How well his offense moves the ball,"first downs, yards per play, points per drive, scoring drives, red-zone trips, sacks, giveaways"
20261001142923,2026-10-01 14:29:23.570675+00,v2.0,fx1.0,team_style_efficiency,intermediate.int_player_week_team_style,"ts_off_first_downs_pg_std,ts_off_first_downs_pg_l4,ts_off_yards_per_play_std,ts_off_yards_per_play_l4,ts_off_points_per_drive_std,ts_off_points_per_drive_l4,ts_off_scoring_drive_rate_std,ts_off_scoring_drive_rate_l4,ts_off_red_zone_trips_pg_std,ts_off_red_zone_trips_pg_l4,ts_off_sacks_per_dropback_std,ts_off_sacks_per_dropback_l4,ts_off_giveaways_pg_std,ts_off_giveaways_pg_l4","2023,2024,2025",2016-2024,cb461af0c56b4811,RB,1389709692405551104,2025,18,1518,0.688987556909873,0.6180555555555556,4.28795824281572,0.778239800523509,12.839473730192797,0.937944879884626,0.6908815711950581,0.6134259259259259,4.282656131176271,0.7755417665473705,12.727053613563863,0.932001735176007,-0.0018940142851850972,0.00462962962962965,0.0053021116394491585,0.0026980339761385475,0.11242011662893425,0.005943144708619008,drop,drop,741.4570238590004,,How well his offense moves the ball,"first downs, yards per play, points per drive, scoring drives, red-zone trips, sacks, giveaways"
20261001142923,2026-10-01 14:29:23.570675+00,v2.0,fx1.0,team_style_efficiency,intermediate.int_player_week_team_style,"ts_off_first_downs_pg_std,ts_off_first_downs_pg_l4,ts_off_yards_per_play_std,ts_off_yards_per_play_l4,ts_off_points_per_drive_std,ts_off_points_per_drive_l4,ts_off_scoring_drive_rate_std,ts_off_scoring_drive_rate_l4,ts_off_red_zone_trips_pg_std,ts_off_red_zone_trips_pg_l4,ts_off_sacks_per_dropback_std,ts_off_sacks_per_dropback_l4,ts_off_giveaways_pg_std,ts_off_giveaways_pg_l4","2023,2024,2025",2016-2022,cb461af0c56b4811,TE,1321941740235550720,2023,18,1177,0.5742147158022046,0.5185185185185186,3.4182047090188123,0.8128281489711134,10.547046274063483,0.7614130934126908,0.5731549358489271,0.5138888888888888,3.404402167383241,0.8034886757774902,10.492863184652377,0.7471459897645805,0.001059779953277551,0.004629629629629761,0.013802541635571153,0.009339473193623271,0.05418308941110617,0.014267103648110346,drop,drop,741.4570238590004,,How well his offense moves the ball,"first downs, yards per play, points per drive, scoring drives, red-zone trips, sacks, giveaways"
20261001142923,2026-10-01 14:29:23.570675+00,v2.0,fx1.0,team_style_efficiency,intermediate.int_player_week_team_style,"ts_off_first_downs_pg_std,ts_off_first_downs_pg_l4,ts_off_yards_per_play_std,ts_off_yards_per_play_l4,ts_off_points_per_drive_std,ts_off_points_per_drive_l4,ts_off_scoring_drive_rate_std,ts_off_scoring_drive_rate_l4,ts_off_red_zone_trips_pg_std,ts_off_red_zone_trips_pg_l4,ts_off_sacks_per_dropback_std,ts_off_sacks_per_dropback_l4,ts_off_giveaways_pg_std,ts_off_giveaways_pg_l4","2023,2024,2025",2016-2023,cb461af0c56b4811,TE,1321941740235550720,2024,18,1221,0.565903010034126,0.4490740740740741,3.6103522758851434,0.7994645355086948,10.257650372208712,0.7908091000250859,0.574264077708444,0.4583333333333333,3.59539965470318,0.7743029055589911,10.206185491509853,0.7903953884216951,-0.00836106767431799,-0.00925925925925919,0.014952621181963277,0.025161629949703723,0.051464880698858906,0.00041371160339076507,drop,drop,741.4570238590004,,How well his offense moves the ball,"first downs, yards per play, points per drive, scoring drives, red-zone trips, sacks, giveaways"
20261001142923,2026-10-01 14:29:23.570675+00,v2.0,fx1.0,team_style_efficiency,intermediate.int_player_week_team_style,"ts_off_first_downs_pg_std,ts_off_first_downs_pg_l4,ts_off_yards_per_play_std,ts_off_yards_per_play_l4,ts_off_points_per_drive_std,ts_off_points_per_drive_l4,ts_off_scoring_drive_rate_std,ts_off_scoring_drive_rate_l4,ts_off_red_zone_trips_pg_std,ts_off_red_zone_trips_pg_l4,ts_off_sacks_per_dropback_std,ts_off_sacks_per_dropback_l4,ts_off_giveaways_pg_std,ts_off_giveaways_pg_l4","2023,2024,2025",2016-2024,cb461af0c56b4811,TE,1321941740235550720,2025,18,1268,0.6236577017595789,0.4398148148148148,3.5134955792960714,0.8237073108301526,10.156379809501253,0.813606227531404,0.6253565710969989,0.4212962962962963,3.5060303412258347,0.8274175947019309,10.087548898832267,0.8008154658194906,-0.001698869337420028,0.018518518518518545,0.0074652380702366905,-0.003710283871778297,0.06883091066898572,0.012790761711913401,drop,drop,741.4570238590004,,How well his offense moves the ball,"first downs, yards per play, points per drive, scoring drives, red-zone trips, sacks, giveaways"
20261001142923,2026-10-01 14:29:23.570675+00,v2.0,fx1.0,team_style_efficiency,intermediate.int_player_week_team_style,"ts_off_first_downs_pg_std,ts_off_first_downs_pg_l4,ts_off_yards_per_play_std,ts_off_yards_per_play_l4,ts_off_points_per_drive_std,ts_off_points_per_drive_l4,ts_off_scoring_drive_rate_std,ts_off_scoring_drive_rate_l4,ts_off_red_zone_trips_pg_std,ts_off_red_zone_trips_pg_l4,ts_off_sacks_per_dropback_std,ts_off_sacks_per_dropback_l4,ts_off_giveaways_pg_std,ts_off_giveaways_pg_l4","2023,2024,2025",2016-2022,cb461af0c56b4811,TE,1389709692405551104,2023,18,1177,0.5503653731416467,0.47685185185185186,2.859958262802764,0.8049719284138921,8.8508979238412,0.6396063419128638,0.5526674547558043,0.48148148148148145,2.8536294975103322,0.8104562828686124,8.769791614718581,0.6359043614952173,-0.0023020816141575695,-0.004629629629629595,0.0063287652924319815,-0.005484354454720286,0.08110630912261918,0.0037019804176464666,drop,drop,741.4570238590004,,How well his offense moves the ball,"first downs, yards per play, points per drive, scoring drives, red-zone trips, sacks, giveaways"
20261001142923,2026-10-01 14:29:23.570675+00,v2.0,fx1.0,team_style_efficiency,intermediate.int_player_week_team_style,"ts_off_first_downs_pg_std,ts_off_first_downs_pg_l4,ts_off_yards_per_play_std,ts_off_yards_per_play_l4,ts_off_points_per_drive_std,ts_off_points_per_drive_l4,ts_off_scoring_drive_rate_std,ts_off_scoring_drive_rate_l4,ts_off_red_zone_trips_pg_std,ts_off_red_zone_trips_pg_l4,ts_off_sacks_per_dropback_std,ts_off_sacks_per_dropback_l4,ts_off_giveaways_pg_std,ts_off_giveaways_pg_l4","2023,2024,2025",2016-2023,cb461af0c56b4811,TE,1389709692405551104,2024,18,1221,0.5508905345740712,0.4351851851851852,3.0044375835424995,0.8054557816425122,8.55895007140431,0.6579327155012674,0.5598785707889994,0.4212962962962963,2.995168113013023,0.8091092743419375,8.61647263454671,0.654603840250283,-0.008988036214928163,0.013888888888888895,0.009269470529476465,-0.003653492699425276,-0.057522563142400784,0.0033288752509844644,drop,drop,741.4570238590004,,How well his offense moves the ball,"first downs, yards per play, points per drive, scoring drives, red-zone trips, sacks, giveaways"
20261001142923,2026-10-01 14:29:23.570675+00,v2.0,fx1.0,team_style_efficiency,intermediate.int_player_week_team_style,"ts_off_first_downs_pg_std,ts_off_first_downs_pg_l4,ts_off_yards_per_play_std,ts_off_yards_per_play_l4,ts_off_points_per_drive_std,ts_off_points_per_drive_l4,ts_off_scoring_drive_rate_std,ts_off_scoring_drive_rate_l4,ts_off_red_zone_trips_pg_std,ts_off_red_zone_trips_pg_l4,ts_off_sacks_per_dropback_std,ts_off_sacks_per_dropback_l4,ts_off_giveaways_pg_std,ts_off_giveaways_pg_l4","2023,2024,2025",2016-2024,cb461af0c56b4811,TE,1389709692405551104,2025,18,1268,0.6087843253242274,0.42592592592592593,2.9768954330365585,0.8172657778939776,8.523170461837262,0.6819030534087087,0.6114816218323065,0.39814814814814814,2.9795136555105186,0.8302488484538157,8.566879777547221,0.6825983815690715,-0.002697296508079039,0.02777777777777779,-0.0026182224739601523,-0.012983070559838161,-0.043709315709959284,-0.0006953281603627737,drop,drop,741.4570238590004,,How well his offense moves the ball,"first downs, yards per play, points per drive, scoring drives, red-zone trips, sacks, giveaways"
20261001142923,2026-10-01 14:29:23.570675+00,v2.0,fx1.0,team_style_efficiency,intermediate.int_player_week_team_style,"ts_off_first_downs_pg_std,ts_off_first_downs_pg_l4,ts_off_yards_per_play_std,ts_off_yards_per_play_l4,ts_off_points_per_drive_std,ts_off_points_per_drive_l4,ts_off_scoring_drive_rate_std,ts_off_scoring_drive_rate_l4,ts_off_red_zone_trips_pg_std,ts_off_red_zone_trips_pg_l4,ts_off_sacks_per_dropback_std,ts_off_sacks_per_dropback_l4,ts_off_giveaways_pg_std,ts_off_giveaways_pg_l4","2023,2024,2025",2016-2022,cb461af0c56b4811,WR,1321941740235550720,2023,18,2393,0.6387159261780544,0.49768518518518523,4.844751526143639,0.8150324966899618,15.056186073955493,1.0624180318179723,0.6392918990013178,0.5,4.844521808613023,0.8276029070508462,15.19898926672618,1.063735644351547,-0.0005759728232633821,-0.0023148148148147696,0.0002297175306162913,-0.012570410360884354,-0.1428031927706872,-0.0013176125335747635,drop,drop,741.4570238590004,,How well his offense moves the ball,"first downs, yards per play, points per drive, scoring drives, red-zone trips, sacks, giveaways"
20261001142923,2026-10-01 14:29:23.570675+00,v2.0,fx1.0,team_style_efficiency,intermediate.int_player_week_team_style,"ts_off_first_downs_pg_std,ts_off_first_downs_pg_l4,ts_off_yards_per_play_std,ts_off_yards_per_play_l4,ts_off_points_per_drive_std,ts_off_points_per_drive_l4,ts_off_scoring_drive_rate_std,ts_off_scoring_drive_rate_l4,ts_off_red_zone_trips_pg_std,ts_off_red_zone_trips_pg_l4,ts_off_sacks_per_dropback_std,ts_off_sacks_per_dropback_l4,ts_off_giveaways_pg_std,ts_off_giveaways_pg_l4","2023,2024,2025",2016-2023,cb461af0c56b4811,WR,1321941740235550720,2024,18,2355,0.6393315294283934,0.46759259259259256,4.920320718728071,0.8003153969043356,15.31438521782226,1.086003804158211,0.6392689713644507,0.46759259259259256,4.915209595301268,0.810699347029401,15.29574342823534,1.0888242050914194,6.255806394273034e-05,0,0.00511112342680331,-0.010383950125065433,0.01864178958691909,-0.0028204009332084556,drop,drop,741.4570238590004,,How well his offense moves the ball,"first downs, yards per play, points per drive, scoring drives, red-zone trips, sacks, giveaways"
20261001142923,2026-10-01 14:29:23.570675+00,v2.0,fx1.0,team_style_efficiency,intermediate.int_player_week_team_style,"ts_off_first_downs_pg_std,ts_off_first_downs_pg_l4,ts_off_yards_per_play_std,ts_off_yards_per_play_l4,ts_off_points_per_drive_std,ts_off_points_per_drive_l4,ts_off_scoring_drive_rate_std,ts_off_scoring_drive_rate_l4,ts_off_red_zone_trips_pg_std,ts_off_red_zone_trips_pg_l4,ts_off_sacks_per_dropback_std,ts_off_sacks_per_dropback_l4,ts_off_giveaways_pg_std,ts_off_giveaways_pg_l4","2023,2024,2025",2016-2024,cb461af0c56b4811,WR,1321941740235550720,2025,18,2366,0.613688139529373,0.48379629629629634,4.620669075562032,0.8147514081021529,14.606099817795759,0.9937999896651575,0.6152386686159024,0.4791666666666667,4.600664516848402,0.8144156378966352,14.616042607224918,0.9901513399339991,-0.0015505290865294175,0.00462962962962965,0.020004558713629272,0.00033577020551767145,-0.009942789429159049,0.0036486497311584154,drop,drop,741.4570238590004,,How well his offense moves the ball,"first downs, yards per play, points per drive, scoring drives, red-zone trips, sacks, giveaways"
20261001142923,2026-10-01 14:29:23.570675+00,v2.0,fx1.0,team_style_efficiency,intermediate.int_player_week_team_style,"ts_off_first_downs_pg_std,ts_off_first_downs_pg_l4,ts_off_yards_per_play_std,ts_off_yards_per_play_l4,ts_off_points_per_drive_std,ts_off_points_per_drive_l4,ts_off_scoring_drive_rate_std,ts_off_scoring_drive_rate_l4,ts_off_red_zone_trips_pg_std,ts_off_red_zone_trips_pg_l4,ts_off_sacks_per_dropback_std,ts_off_sacks_per_dropback_l4,ts_off_giveaways_pg_std,ts_off_giveaways_pg_l4","2023,2024,2025",2016-2022,cb461af0c56b4811,WR,1389709692405551104,2023,18,2393,0.6242706566796029,0.4861111111111111,4.046629974328147,0.8158670996023853,12.635949600903038,0.8823241870566415,0.6246061268487013,0.48379629629629634,4.051944662215899,0.8202839699817535,12.623847439187115,0.8785657701147183,-0.0003354701690984063,0.0023148148148147696,-0.005314687887751468,-0.00441687037936811,0.012102161715922932,0.0037584169419232483,drop,drop,741.4570238590004,,How well his offense moves the ball,"first downs, yards per play, points per drive, scoring drives, red-zone trips, sacks, giveaways"
20261001142923,2026-10-01 14:29:23.570675+00,v2.0,fx1.0,team_style_efficiency,intermediate.int_player_week_team_style,"ts_off_first_downs_pg_std,ts_off_first_downs_pg_l4,ts_off_yards_per_play_std,ts_off_yards_per_play_l4,ts_off_points_per_drive_std,ts_off_points_per_drive_l4,ts_off_scoring_drive_rate_std,ts_off_scoring_drive_rate_l4,ts_off_red_zone_trips_pg_std,ts_off_red_zone_trips_pg_l4,ts_off_sacks_per_dropback_std,ts_off_sacks_per_dropback_l4,ts_off_giveaways_pg_std,ts_off_giveaways_pg_l4","2023,2024,2025",2016-2023,cb461af0c56b4811,WR,1389709692405551104,2024,18,2355,0.6262997871960805,0.4652777777777778,4.124151901322235,0.8061605715798036,12.709749588371604,0.9031933163141659,0.6258058683032384,0.4722222222222222,4.111022234789733,0.8081891862346062,12.567916698188661,0.896932017486602,0.0004939188928421157,-0.00694444444444442,0.013129666532502249,-0.0020286146548026407,0.14183289018294332,0.006261298827563877,drop,drop,741.4570238590004,,How well his offense moves the ball,"first downs, yards per play, points per drive, scoring drives, red-zone trips, sacks, giveaways"
20261001142923,2026-10-01 14:29:23.570675+00,v2.0,fx1.0,team_style_efficiency,intermediate.int_player_week_team_style,"ts_off_first_downs_pg_std,ts_off_first_downs_pg_l4,ts_off_yards_per_play_std,ts_off_yards_per_play_l4,ts_off_points_per_drive_std,ts_off_points_per_drive_l4,ts_off_scoring_drive_rate_std,ts_off_scoring_drive_rate_l4,ts_off_red_zone_trips_pg_std,ts_off_red_zone_trips_pg_l4,ts_off_sacks_per_dropback_std,ts_off_sacks_per_dropback_l4,ts_off_giveaways_pg_std,ts_off_giveaways_pg_l4","2023,2024,2025",2016-2024,cb461af0c56b4811,WR,1389709692405551104,2025,18,2366,0.5999004560380972,0.45601851851851855,3.8984713886218523,0.8050866501237023,12.07692891043807,0.8224357467616152,0.60107460697586,0.45370370370370366,3.879997485317312,0.805383548509456,12.202734588861226,0.8249504578006683,-0.0011741509377628523,0.0023148148148148806,0.01847390330454024,-0.00029689838575375216,-0.1258056784231556,-0.002514711039053097,drop,drop,741.4570238590004,,How well his offense moves the ball,"first downs, yards per play, points per drive, scoring drives, red-zone trips, sacks, giveaways"
20261001144032,2026-10-01 14:40:32.681318+00,v2.0,fx1.0,team_style_defense_faced,intermediate.int_player_week_team_style,"ts_def_plays_pg_std,ts_def_plays_pg_l4,ts_def_sec_per_play_std,ts_def_sec_per_play_l4,ts_def_neutral_pass_rate_std,ts_def_neutral_pass_rate_l4,ts_def_proe_std,ts_def_proe_l4,ts_def_first_downs_pg_std,ts_def_first_downs_pg_l4,ts_def_top_min_pg_std,ts_def_top_min_pg_l4,ts_def_red_zone_trips_pg_std,ts_def_red_zone_trips_pg_l4,ts_def_points_per_drive_std,ts_def_points_per_drive_l4,ts_def_scoring_drive_rate_std,ts_def_scoring_drive_rate_l4,ts_def_yards_per_play_std,ts_def_yards_per_play_l4,ts_def_sacks_per_dropback_std,ts_def_sacks_per_dropback_l4,ts_def_giveaways_pg_std,ts_def_giveaways_pg_l4","2023,2024,2025",2016-2022,cb461af0c56b4811,QB,1321941740235550720,2023,18,680,0.5407573470167111,0.5277777777777778,8.014861709983494,0.7542354846432066,25.330846524366663,1.6986674502050347,0.5224559100126451,0.49074074074074076,8.118371856627013,0.7275863423148562,24.62127940559263,1.695443064960612,0.018301437004065946,0.037037037037037035,-0.10351014664351865,0.02664914232835036,0.7095671187740322,0.0032243852444227006,drop,drop,669.0659197580007,,What the opponent's defense allows,"the same twelve numbers for the offenses this week's opponent has faced (plays, pass rate, first downs, sacks, takeaways ...)"
20261001144032,2026-10-01 14:40:32.681318+00,v2.0,fx1.0,team_style_defense_faced,intermediate.int_player_week_team_style,"ts_def_plays_pg_std,ts_def_plays_pg_l4,ts_def_sec_per_play_std,ts_def_sec_per_play_l4,ts_def_neutral_pass_rate_std,ts_def_neutral_pass_rate_l4,ts_def_proe_std,ts_def_proe_l4,ts_def_first_downs_pg_std,ts_def_first_downs_pg_l4,ts_def_top_min_pg_std,ts_def_top_min_pg_l4,ts_def_red_zone_trips_pg_std,ts_def_red_zone_trips_pg_l4,ts_def_points_per_drive_std,ts_def_points_per_drive_l4,ts_def_scoring_drive_rate_std,ts_def_scoring_drive_rate_l4,ts_def_yards_per_play_std,ts_def_yards_per_play_l4,ts_def_sacks_per_dropback_std,ts_def_sacks_per_dropback_l4,ts_def_giveaways_pg_std,ts_def_giveaways_pg_l4","2023,2024,2025",2016-2023,cb461af0c56b4811,QB,1321941740235550720,2024,18,664,0.5251390304554707,0.5277777777777778,8.345940853847805,0.7910797648663825,26.90829373538198,1.7963757536512561,0.5378203062561171,0.537037037037037,8.229692708393038,0.7832961972794183,26.710818495105404,1.8015736616536242,-0.012681275800646374,-0.00925925925925919,0.11624814545476703,0.007783567586964191,0.19747524027657803,-0.005197908002368079,drop,drop,669.0659197580007,,What the opponent's defense allows,"the same twelve numbers for the offenses this week's opponent has faced (plays, pass rate, first downs, sacks, takeaways ...)"
20261001144032,2026-10-01 14:40:32.681318+00,v2.0,fx1.0,team_style_defense_faced,intermediate.int_player_week_team_style,"ts_def_plays_pg_std,ts_def_plays_pg_l4,ts_def_sec_per_play_std,ts_def_sec_per_play_l4,ts_def_neutral_pass_rate_std,ts_def_neutral_pass_rate_l4,ts_def_proe_std,ts_def_proe_l4,ts_def_first_downs_pg_std,ts_def_first_downs_pg_l4,ts_def_top_min_pg_std,ts_def_top_min_pg_l4,ts_def_red_zone_trips_pg_std,ts_def_red_zone_trips_pg_l4,ts_def_points_per_drive_std,ts_def_points_per_drive_l4,ts_def_scoring_drive_rate_std,ts_def_scoring_drive_rate_l4,ts_def_yards_per_play_std,ts_def_yards_per_play_l4,ts_def_sacks_per_dropback_std,ts_def_sacks_per_dropback_l4,ts_def_giveaways_pg_std,ts_def_giveaways_pg_l4","2023,2024,2025",2016-2024,cb461af0c56b4811,QB,1321941740235550720,2025,18,677,0.507237706121965,0.4861111111111111,8.321432273573436,0.732578001431122,25.08253781116305,1.786866439602986,0.5234057942815578,0.5,8.278642263988383,0.7411352864589952,24.865893888561384,1.7824104113937187,-0.01616808815959281,-0.013888888888888895,0.04279000958505286,-0.00855728502787323,0.21664392260166565,0.004456028209267382,drop,drop,669.0659197580007,,What the opponent's defense allows,"the same twelve numbers for the offenses this week's opponent has faced (plays, pass rate, first downs, sacks, takeaways ...)"
20261001144032,2026-10-01 14:40:32.681318+00,v2.0,fx1.0,team_style_defense_faced,intermediate.int_player_week_team_style,"ts_def_plays_pg_std,ts_def_plays_pg_l4,ts_def_sec_per_play_std,ts_def_sec_per_play_l4,ts_def_neutral_pass_rate_std,ts_def_neutral_pass_rate_l4,ts_def_proe_std,ts_def_proe_l4,ts_def_first_downs_pg_std,ts_def_first_downs_pg_l4,ts_def_top_min_pg_std,ts_def_top_min_pg_l4,ts_def_red_zone_trips_pg_std,ts_def_red_zone_trips_pg_l4,ts_def_points_per_drive_std,ts_def_points_per_drive_l4,ts_def_scoring_drive_rate_std,ts_def_scoring_drive_rate_l4,ts_def_yards_per_play_std,ts_def_yards_per_play_l4,ts_def_sacks_per_dropback_std,ts_def_sacks_per_dropback_l4,ts_def_giveaways_pg_std,ts_def_giveaways_pg_l4","2023,2024,2025",2016-2022,cb461af0c56b4811,QB,1389709692405551104,2023,18,680,0.5435115727657089,0.5324074074074074,5.7650075522094575,0.737417031006075,17.919582116360445,1.2160801471866152,0.5256801096145087,0.5092592592592592,5.834538085906659,0.7325778275744548,17.728945478610413,1.221190584290215,0.01783146315120021,0.02314814814814825,-0.06953053369720141,0.004839203431620254,0.19063663775003192,-0.00511043710359993,drop,drop,669.0659197580007,,What the opponent's defense allows,"the same twelve numbers for the offenses this week's opponent has faced (plays, pass rate, first downs, sacks, takeaways ...)"
20261001144032,2026-10-01 14:40:32.681318+00,v2.0,fx1.0,team_style_defense_faced,intermediate.int_player_week_team_style,"ts_def_plays_pg_std,ts_def_plays_pg_l4,ts_def_sec_per_play_std,ts_def_sec_per_play_l4,ts_def_neutral_pass_rate_std,ts_def_neutral_pass_rate_l4,ts_def_proe_std,ts_def_proe_l4,ts_def_first_downs_pg_std,ts_def_first_downs_pg_l4,ts_def_top_min_pg_std,ts_def_top_min_pg_l4,ts_def_red_zone_trips_pg_std,ts_def_red_zone_trips_pg_l4,ts_def_points_per_drive_std,ts_def_points_per_drive_l4,ts_def_scoring_drive_rate_std,ts_def_scoring_drive_rate_l4,ts_def_yards_per_play_std,ts_def_yards_per_play_l4,ts_def_sacks_per_dropback_std,ts_def_sacks_per_dropback_l4,ts_def_giveaways_pg_std,ts_def_giveaways_pg_l4","2023,2024,2025",2016-2023,cb461af0c56b4811,QB,1389709692405551104,2024,18,664,0.545744227983117,0.5555555555555556,6.068815235410468,0.7677501963817752,18.435723245546217,1.2858419212720773,0.5561325996135695,0.5416666666666666,5.968519084105844,0.7902428660657924,19.21547087231386,1.2754083507094145,-0.010388371630452586,0.01388888888888895,0.1002961513046241,-0.022492669684017197,-0.7797476267676409,0.010433570562662808,drop,drop,669.0659197580007,,What the opponent's defense allows,"the same twelve numbers for the offenses this week's opponent has faced (plays, pass rate, first downs, sacks, takeaways ...)"
20261001144032,2026-10-01 14:40:32.681318+00,v2.0,fx1.0,team_style_defense_faced,intermediate.int_player_week_team_style,"ts_def_plays_pg_std,ts_def_plays_pg_l4,ts_def_sec_per_play_std,ts_def_sec_per_play_l4,ts_def_neutral_pass_rate_std,ts_def_neutral_pass_rate_l4,ts_def_proe_std,ts_def_proe_l4,ts_def_first_downs_pg_std,ts_def_first_downs_pg_l4,ts_def_top_min_pg_std,ts_def_top_min_pg_l4,ts_def_red_zone_trips_pg_std,ts_def_red_zone_trips_pg_l4,ts_def_points_per_drive_std,ts_def_points_per_drive_l4,ts_def_scoring_drive_rate_std,ts_def_scoring_drive_rate_l4,ts_def_yards_per_play_std,ts_def_yards_per_play_l4,ts_def_sacks_per_dropback_std,ts_def_sacks_per_dropback_l4,ts_def_giveaways_pg_std,ts_def_giveaways_pg_l4","2023,2024,2025",2016-2024,cb461af0c56b4811,QB,1389709692405551104,2025,18,677,0.5173512912981234,0.5,6.042242072118523,0.7417964925912521,17.64715318961212,1.2980924118985868,0.5352093003571752,0.5138888888888888,6.035030058329808,0.7561931599873815,18.28492217449843,1.2794175833228147,-0.01785800905905177,-0.01388888888888884,0.007212013788714167,-0.014396667396129326,-0.6377689848863106,0.018674828575772073,drop,drop,669.0659197580007,,What the opponent's defense allows,"the same twelve numbers for the offenses this week's opponent has faced (plays, pass rate, first downs, sacks, takeaways ...)"
20261001144032,2026-10-01 14:40:32.681318+00,v2.0,fx1.0,team_style_defense_faced,intermediate.int_player_week_team_style,"ts_def_plays_pg_std,ts_def_plays_pg_l4,ts_def_sec_per_play_std,ts_def_sec_per_play_l4,ts_def_neutral_pass_rate_std,ts_def_neutral_pass_rate_l4,ts_def_proe_std,ts_def_proe_l4,ts_def_first_downs_pg_std,ts_def_first_downs_pg_l4,ts_def_top_min_pg_std,ts_def_top_min_pg_l4,ts_def_red_zone_trips_pg_std,ts_def_red_zone_trips_pg_l4,ts_def_points_per_drive_std,ts_def_points_per_drive_l4,ts_def_scoring_drive_rate_std,ts_def_scoring_drive_rate_l4,ts_def_yards_per_play_std,ts_def_yards_per_play_l4,ts_def_sacks_per_dropback_std,ts_def_sacks_per_dropback_l4,ts_def_giveaways_pg_std,ts_def_giveaways_pg_l4","2023,2024,2025",2016-2022,cb461af0c56b4811,RB,1321941740235550720,2023,18,1482,0.6773311502285314,0.625,4.567000619283094,0.8233105015014783,14.20945526310772,1.0193593483836325,0.6789541487937356,0.625,4.565048339555861,0.8228197362354811,14.326257632153418,1.0210909471159724,-0.0016229985652042034,0,0.0019522797272335524,0.0004907652659972284,-0.11680236904569696,-0.0017315987323398563,drop,drop,669.0659197580007,,What the opponent's defense allows,"the same twelve numbers for the offenses this week's opponent has faced (plays, pass rate, first downs, sacks, takeaways ...)"
20261001144032,2026-10-01 14:40:32.681318+00,v2.0,fx1.0,team_style_defense_faced,intermediate.int_player_week_team_style,"ts_def_plays_pg_std,ts_def_plays_pg_l4,ts_def_sec_per_play_std,ts_def_sec_per_play_l4,ts_def_neutral_pass_rate_std,ts_def_neutral_pass_rate_l4,ts_def_proe_std,ts_def_proe_l4,ts_def_first_downs_pg_std,ts_def_first_downs_pg_l4,ts_def_top_min_pg_std,ts_def_top_min_pg_l4,ts_def_red_zone_trips_pg_std,ts_def_red_zone_trips_pg_l4,ts_def_points_per_drive_std,ts_def_points_per_drive_l4,ts_def_scoring_drive_rate_std,ts_def_scoring_drive_rate_l4,ts_def_yards_per_play_std,ts_def_yards_per_play_l4,ts_def_sacks_per_dropback_std,ts_def_sacks_per_dropback_l4,ts_def_giveaways_pg_std,ts_def_giveaways_pg_l4","2023,2024,2025",2016-2023,cb461af0c56b4811,RB,1321941740235550720,2024,18,1495,0.6802387898915643,0.6736111111111112,4.725757565031624,0.7858460946406939,14.668619110354863,1.0298124992997508,0.683982337730687,0.6736111111111112,4.709033406682767,0.7849798036617669,14.778347489149919,1.0140256700401826,-0.003743547839122674,0,0.016724158348856655,0.0008662909789269868,-0.10972837879505626,0.015786829259568202,drop,drop,669.0659197580007,,What the opponent's defense allows,"the same twelve numbers for the offenses this week's opponent has faced (plays, pass rate, first downs, sacks, takeaways ...)"
20261001144032,2026-10-01 14:40:32.681318+00,v2.0,fx1.0,team_style_defense_faced,intermediate.int_player_week_team_style,"ts_def_plays_pg_std,ts_def_plays_pg_l4,ts_def_sec_per_play_std,ts_def_sec_per_play_l4,ts_def_neutral_pass_rate_std,ts_def_neutral_pass_rate_l4,ts_def_proe_std,ts_def_proe_l4,ts_def_first_downs_pg_std,ts_def_first_downs_pg_l4,ts_def_top_min_pg_std,ts_def_top_min_pg_l4,ts_def_red_zone_trips_pg_std,ts_def_red_zone_trips_pg_l4,ts_def_points_per_drive_std,ts_def_points_per_drive_l4,ts_def_scoring_drive_rate_std,ts_def_scoring_drive_rate_l4,ts_def_yards_per_play_std,ts_def_yards_per_play_l4,ts_def_sacks_per_dropback_std,ts_def_sacks_per_dropback_l4,ts_def_giveaways_pg_std,ts_def_giveaways_pg_l4","2023,2024,2025",2016-2024,cb461af0c56b4811,RB,1321941740235550720,2025,18,1518,0.6921715173979318,0.6365740740740741,4.748728515474281,0.7943412901563415,14.496204988168577,1.0436619670692284,0.6950103969394773,0.6365740740740741,4.747744357797661,0.7855412596247372,14.36464541810875,1.046606036495452,-0.0028388795415454915,0,0.0009841576766200788,0.008800030531604275,0.13155957005982621,-0.0029440694262234945,drop,drop,669.0659197580007,,What the opponent's defense allows,"the same twelve numbers for the offenses this week's opponent has faced (plays, pass rate, first downs, sacks, takeaways ...)"
20261001144032,2026-10-01 14:40:32.681318+00,v2.0,fx1.0,team_style_defense_faced,intermediate.int_player_week_team_style,"ts_def_plays_pg_std,ts_def_plays_pg_l4,ts_def_sec_per_play_std,ts_def_sec_per_play_l4,ts_def_neutral_pass_rate_std,ts_def_neutral_pass_rate_l4,ts_def_proe_std,ts_def_proe_l4,ts_def_first_downs_pg_std,ts_def_first_downs_pg_l4,ts_def_top_min_pg_std,ts_def_top_min_pg_l4,ts_def_red_zone_trips_pg_std,ts_def_red_zone_trips_pg_l4,ts_def_points_per_drive_std,ts_def_points_per_drive_l4,ts_def_scoring_drive_rate_std,ts_def_scoring_drive_rate_l4,ts_def_yards_per_play_std,ts_def_yards_per_play_l4,ts_def_sacks_per_dropback_std,ts_def_sacks_per_dropback_l4,ts_def_giveaways_pg_std,ts_def_giveaways_pg_l4","2023,2024,2025",2016-2022,cb461af0c56b4811,RB,1389709692405551104,2023,18,1482,0.6746533431792248,0.6087962962962963,4.108674978754188,0.8305172090272709,12.852029685124132,0.9139383094555785,0.6756450176028727,0.6064814814814814,4.117502283433733,0.8174518733456249,12.449043123468384,0.9050705985700918,-0.0009916744236478925,0.0023148148148148806,-0.008827304679545733,0.013065335681646029,0.402986561655748,0.008867710885486768,drop,drop,669.0659197580007,,What the opponent's defense allows,"the same twelve numbers for the offenses this week's opponent has faced (plays, pass rate, first downs, sacks, takeaways ...)"
20261001144032,2026-10-01 14:40:32.681318+00,v2.0,fx1.0,team_style_defense_faced,intermediate.int_player_week_team_style,"ts_def_plays_pg_std,ts_def_plays_pg_l4,ts_def_sec_per_play_std,ts_def_sec_per_play_l4,ts_def_neutral_pass_rate_std,ts_def_neutral_pass_rate_l4,ts_def_proe_std,ts_def_proe_l4,ts_def_first_downs_pg_std,ts_def_first_downs_pg_l4,ts_def_top_min_pg_std,ts_def_top_min_pg_l4,ts_def_red_zone_trips_pg_std,ts_def_red_zone_trips_pg_l4,ts_def_points_per_drive_std,ts_def_points_per_drive_l4,ts_def_scoring_drive_rate_std,ts_def_scoring_drive_rate_l4,ts_def_yards_per_play_std,ts_def_yards_per_play_l4,ts_def_sacks_per_dropback_std,ts_def_sacks_per_dropback_l4,ts_def_giveaways_pg_std,ts_def_giveaways_pg_l4","2023,2024,2025",2016-2023,cb461af0c56b4811,RB,1389709692405551104,2024,18,1495,0.6707168689811883,0.650462962962963,4.239720375182564,0.8032635743636228,13.159048278092403,0.9130723919367334,0.6760537172860128,0.6574074074074074,4.228841728668209,0.8025266257202242,13.044841079231357,0.9064258267080072,-0.005336848304824504,-0.00694444444444442,0.010878646514354884,0.0007369486433986827,0.11420719886104536,0.006646565228726198,drop,drop,669.0659197580007,,What the opponent's defense allows,"the same twelve numbers for the offenses this week's opponent has faced (plays, pass rate, first downs, sacks, takeaways ...)"
20261001144032,2026-10-01 14:40:32.681318+00,v2.0,fx1.0,team_style_defense_faced,intermediate.int_player_week_team_style,"ts_def_plays_pg_std,ts_def_plays_pg_l4,ts_def_sec_per_play_std,ts_def_sec_per_play_l4,ts_def_neutral_pass_rate_std,ts_def_neutral_pass_rate_l4,ts_def_proe_std,ts_def_proe_l4,ts_def_first_downs_pg_std,ts_def_first_downs_pg_l4,ts_def_top_min_pg_std,ts_def_top_min_pg_l4,ts_def_red_zone_trips_pg_std,ts_def_red_zone_trips_pg_l4,ts_def_points_per_drive_std,ts_def_points_per_drive_l4,ts_def_scoring_drive_rate_std,ts_def_scoring_drive_rate_l4,ts_def_yards_per_play_std,ts_def_yards_per_play_l4,ts_def_sacks_per_dropback_std,ts_def_sacks_per_dropback_l4,ts_def_giveaways_pg_std,ts_def_giveaways_pg_l4","2023,2024,2025",2016-2024,cb461af0c56b4811,RB,1389709692405551104,2025,18,1518,0.6877270218113068,0.625,4.296836140244474,0.7769394895083312,12.8711590568313,0.9418932793293457,0.6908815711950581,0.6134259259259259,4.282656131176271,0.7755417665473705,12.727053613563863,0.932001735176007,-0.0031545493837512595,0.01157407407407407,0.014180009068202715,0.0013977229609607456,0.14410544326743668,0.009891544153338705,drop,drop,669.0659197580007,,What the opponent's defense allows,"the same twelve numbers for the offenses this week's opponent has faced (plays, pass rate, first downs, sacks, takeaways ...)"
20261001144032,2026-10-01 14:40:32.681318+00,v2.0,fx1.0,team_style_defense_faced,intermediate.int_player_week_team_style,"ts_def_plays_pg_std,ts_def_plays_pg_l4,ts_def_sec_per_play_std,ts_def_sec_per_play_l4,ts_def_neutral_pass_rate_std,ts_def_neutral_pass_rate_l4,ts_def_proe_std,ts_def_proe_l4,ts_def_first_downs_pg_std,ts_def_first_downs_pg_l4,ts_def_top_min_pg_std,ts_def_top_min_pg_l4,ts_def_red_zone_trips_pg_std,ts_def_red_zone_trips_pg_l4,ts_def_points_per_drive_std,ts_def_points_per_drive_l4,ts_def_scoring_drive_rate_std,ts_def_scoring_drive_rate_l4,ts_def_yards_per_play_std,ts_def_yards_per_play_l4,ts_def_sacks_per_dropback_std,ts_def_sacks_per_dropback_l4,ts_def_giveaways_pg_std,ts_def_giveaways_pg_l4","2023,2024,2025",2016-2022,cb461af0c56b4811,TE,1321941740235550720,2023,18,1177,0.5729265076852426,0.5,3.4397448611462726,0.809489675544948,10.636876418060176,0.7652001453694117,0.5731549358489271,0.5138888888888888,3.404402167383241,0.8034886757774902,10.492863184652377,0.7471459897645805,-0.00022842816368451313,-0.01388888888888884,0.03534269376303145,0.006000999767457826,0.14401323340779904,0.018054155604831257,drop,drop,669.0659197580007,,What the opponent's defense allows,"the same twelve numbers for the offenses this week's opponent has faced (plays, pass rate, first downs, sacks, takeaways ...)"
20261001144032,2026-10-01 14:40:32.681318+00,v2.0,fx1.0,team_style_defense_faced,intermediate.int_player_week_team_style,"ts_def_plays_pg_std,ts_def_plays_pg_l4,ts_def_sec_per_play_std,ts_def_sec_per_play_l4,ts_def_neutral_pass_rate_std,ts_def_neutral_pass_rate_l4,ts_def_proe_std,ts_def_proe_l4,ts_def_first_downs_pg_std,ts_def_first_downs_pg_l4,ts_def_top_min_pg_std,ts_def_top_min_pg_l4,ts_def_red_zone_trips_pg_std,ts_def_red_zone_trips_pg_l4,ts_def_points_per_drive_std,ts_def_points_per_drive_l4,ts_def_scoring_drive_rate_std,ts_def_scoring_drive_rate_l4,ts_def_yards_per_play_std,ts_def_yards_per_play_l4,ts_def_sacks_per_dropback_std,ts_def_sacks_per_dropback_l4,ts_def_giveaways_pg_std,ts_def_giveaways_pg_l4","2023,2024,2025",2016-2023,cb461af0c56b4811,TE,1321941740235550720,2024,18,1221,0.5662352508377694,0.46759259259259256,3.583634592191707,0.7959413765463489,9.893220618701255,0.7824630236077917,0.574264077708444,0.4583333333333333,3.59539965470318,0.7743029055589911,10.206185491509853,0.7903953884216951,-0.008028826870674632,0.009259259259259245,-0.011765062511472912,0.021638470987357827,-0.31296487280859786,-0.007932364813903359,drop,drop,669.0659197580007,,What the opponent's defense allows,"the same twelve numbers for the offenses this week's opponent has faced (plays, pass rate, first downs, sacks, takeaways ...)"
20261001144032,2026-10-01 14:40:32.681318+00,v2.0,fx1.0,team_style_defense_faced,intermediate.int_player_week_team_style,"ts_def_plays_pg_std,ts_def_plays_pg_l4,ts_def_sec_per_play_std,ts_def_sec_per_play_l4,ts_def_neutral_pass_rate_std,ts_def_neutral_pass_rate_l4,ts_def_proe_std,ts_def_proe_l4,ts_def_first_downs_pg_std,ts_def_first_downs_pg_l4,ts_def_top_min_pg_std,ts_def_top_min_pg_l4,ts_def_red_zone_trips_pg_std,ts_def_red_zone_trips_pg_l4,ts_def_points_per_drive_std,ts_def_points_per_drive_l4,ts_def_scoring_drive_rate_std,ts_def_scoring_drive_rate_l4,ts_def_yards_per_play_std,ts_def_yards_per_play_l4,ts_def_sacks_per_dropback_std,ts_def_sacks_per_dropback_l4,ts_def_giveaways_pg_std,ts_def_giveaways_pg_l4","2023,2024,2025",2016-2024,cb461af0c56b4811,TE,1321941740235550720,2025,18,1268,0.6265788038100624,0.4398148148148148,3.501453869004262,0.8129351381132571,9.84268602248391,0.8055130349042339,0.6253565710969989,0.4212962962962963,3.5060303412258347,0.8274175947019309,10.087548898832267,0.8008154658194906,0.0012222327130634314,0.018518518518518545,-0.004576472221572647,-0.014482456588673753,-0.2448628763483569,0.0046975690847432805,drop,drop,669.0659197580007,,What the opponent's defense allows,"the same twelve numbers for the offenses this week's opponent has faced (plays, pass rate, first downs, sacks, takeaways ...)"
20261001144032,2026-10-01 14:40:32.681318+00,v2.0,fx1.0,team_style_defense_faced,intermediate.int_player_week_team_style,"ts_def_plays_pg_std,ts_def_plays_pg_l4,ts_def_sec_per_play_std,ts_def_sec_per_play_l4,ts_def_neutral_pass_rate_std,ts_def_neutral_pass_rate_l4,ts_def_proe_std,ts_def_proe_l4,ts_def_first_downs_pg_std,ts_def_first_downs_pg_l4,ts_def_top_min_pg_std,ts_def_top_min_pg_l4,ts_def_red_zone_trips_pg_std,ts_def_red_zone_trips_pg_l4,ts_def_points_per_drive_std,ts_def_points_per_drive_l4,ts_def_scoring_drive_rate_std,ts_def_scoring_drive_rate_l4,ts_def_yards_per_play_std,ts_def_yards_per_play_l4,ts_def_sacks_per_dropback_std,ts_def_sacks_per_dropback_l4,ts_def_giveaways_pg_std,ts_def_giveaways_pg_l4","2023,2024,2025",2016-2022,cb461af0c56b4811,TE,1389709692405551104,2023,18,1177,0.5508025892793685,0.4861111111111111,2.884714516364271,0.7959923806383801,8.775080976596639,0.6447153471066779,0.5526674547558043,0.48148148148148145,2.8536294975103322,0.8104562828686124,8.769791614718581,0.6359043614952173,-0.0018648654764357175,0.00462962962962965,0.031085018853938884,-0.014463902230232306,0.005289361878057619,0.008810985611460542,drop,drop,669.0659197580007,,What the opponent's defense allows,"the same twelve numbers for the offenses this week's opponent has faced (plays, pass rate, first downs, sacks, takeaways ...)"
20261001144032,2026-10-01 14:40:32.681318+00,v2.0,fx1.0,team_style_defense_faced,intermediate.int_player_week_team_style,"ts_def_plays_pg_std,ts_def_plays_pg_l4,ts_def_sec_per_play_std,ts_def_sec_per_play_l4,ts_def_neutral_pass_rate_std,ts_def_neutral_pass_rate_l4,ts_def_proe_std,ts_def_proe_l4,ts_def_first_downs_pg_std,ts_def_first_downs_pg_l4,ts_def_top_min_pg_std,ts_def_top_min_pg_l4,ts_def_red_zone_trips_pg_std,ts_def_red_zone_trips_pg_l4,ts_def_points_per_drive_std,ts_def_points_per_drive_l4,ts_def_scoring_drive_rate_std,ts_def_scoring_drive_rate_l4,ts_def_yards_per_play_std,ts_def_yards_per_play_l4,ts_def_sacks_per_dropback_std,ts_def_sacks_per_dropback_l4,ts_def_giveaways_pg_std,ts_def_giveaways_pg_l4","2023,2024,2025",2016-2023,cb461af0c56b4811,TE,1389709692405551104,2024,18,1221,0.5494181667589912,0.4351851851851852,2.9832547918409444,0.7801239530170406,8.293767381205978,0.6507579602176965,0.5598785707889994,0.4212962962962963,2.995168113013023,0.8091092743419375,8.61647263454671,0.654603840250283,-0.010460404030008141,0.013888888888888895,-0.01191332117207855,-0.02898532132489684,-0.3227052533407324,-0.0038458800325864573,drop,drop,669.0659197580007,,What the opponent's defense allows,"the same twelve numbers for the offenses this week's opponent has faced (plays, pass rate, first downs, sacks, takeaways ...)"
20261001144032,2026-10-01 14:40:32.681318+00,v2.0,fx1.0,team_style_defense_faced,intermediate.int_player_week_team_style,"ts_def_plays_pg_std,ts_def_plays_pg_l4,ts_def_sec_per_play_std,ts_def_sec_per_play_l4,ts_def_neutral_pass_rate_std,ts_def_neutral_pass_rate_l4,ts_def_proe_std,ts_def_proe_l4,ts_def_first_downs_pg_std,ts_def_first_downs_pg_l4,ts_def_top_min_pg_std,ts_def_top_min_pg_l4,ts_def_red_zone_trips_pg_std,ts_def_red_zone_trips_pg_l4,ts_def_points_per_drive_std,ts_def_points_per_drive_l4,ts_def_scoring_drive_rate_std,ts_def_scoring_drive_rate_l4,ts_def_yards_per_play_std,ts_def_yards_per_play_l4,ts_def_sacks_per_dropback_std,ts_def_sacks_per_dropback_l4,ts_def_giveaways_pg_std,ts_def_giveaways_pg_l4","2023,2024,2025",2016-2024,cb461af0c56b4811,TE,1389709692405551104,2025,18,1268,0.612488763073535,0.4212962962962963,2.9766360193898733,0.815796515232743,8.190064726288496,0.6903703890032014,0.6114816218323065,0.39814814814814814,2.9795136555105186,0.8302488484538157,8.566879777547221,0.6825983815690715,0.0010071412412284708,0.02314814814814814,-0.0028776361206452883,-0.014452333221072755,-0.37681505125872583,0.007772007434129868,drop,drop,669.0659197580007,,What the opponent's defense allows,"the same twelve numbers for the offenses this week's opponent has faced (plays, pass rate, first downs, sacks, takeaways ...)"
20261001144032,2026-10-01 14:40:32.681318+00,v2.0,fx1.0,team_style_defense_faced,intermediate.int_player_week_team_style,"ts_def_plays_pg_std,ts_def_plays_pg_l4,ts_def_sec_per_play_std,ts_def_sec_per_play_l4,ts_def_neutral_pass_rate_std,ts_def_neutral_pass_rate_l4,ts_def_proe_std,ts_def_proe_l4,ts_def_first_downs_pg_std,ts_def_first_downs_pg_l4,ts_def_top_min_pg_std,ts_def_top_min_pg_l4,ts_def_red_zone_trips_pg_std,ts_def_red_zone_trips_pg_l4,ts_def_points_per_drive_std,ts_def_points_per_drive_l4,ts_def_scoring_drive_rate_std,ts_def_scoring_drive_rate_l4,ts_def_yards_per_play_std,ts_def_yards_per_play_l4,ts_def_sacks_per_dropback_std,ts_def_sacks_per_dropback_l4,ts_def_giveaways_pg_std,ts_def_giveaways_pg_l4","2023,2024,2025",2016-2022,cb461af0c56b4811,WR,1321941740235550720,2023,18,2393,0.6401026088458724,0.4930555555555556,4.8396638474810345,0.8248394327624273,15.223240445930692,1.0668391298524644,0.6392918990013178,0.5,4.844521808613023,0.8276029070508462,15.19898926672618,1.063735644351547,0.000810709844554669,-0.00694444444444442,-0.004857961131988553,-0.0027634742884188324,0.02425117920451214,0.0031034855009173246,drop,drop,669.0659197580007,,What the opponent's defense allows,"the same twelve numbers for the offenses this week's opponent has faced (plays, pass rate, first downs, sacks, takeaways ...)"
20261001144032,2026-10-01 14:40:32.681318+00,v2.0,fx1.0,team_style_defense_faced,intermediate.int_player_week_team_style,"ts_def_plays_pg_std,ts_def_plays_pg_l4,ts_def_sec_per_play_std,ts_def_sec_per_play_l4,ts_def_neutral_pass_rate_std,ts_def_neutral_pass_rate_l4,ts_def_proe_std,ts_def_proe_l4,ts_def_first_downs_pg_std,ts_def_first_downs_pg_l4,ts_def_top_min_pg_std,ts_def_top_min_pg_l4,ts_def_red_zone_trips_pg_std,ts_def_red_zone_trips_pg_l4,ts_def_points_per_drive_std,ts_def_points_per_drive_l4,ts_def_scoring_drive_rate_std,ts_def_scoring_drive_rate_l4,ts_def_yards_per_play_std,ts_def_yards_per_play_l4,ts_def_sacks_per_dropback_std,ts_def_sacks_per_dropback_l4,ts_def_giveaways_pg_std,ts_def_giveaways_pg_l4","2023,2024,2025",2016-2023,cb461af0c56b4811,WR,1321941740235550720,2024,18,2355,0.6376449280297135,0.462962962962963,4.930806187322235,0.8030624271521325,15.387904295041157,1.0916979758937566,0.6392689713644507,0.46759259259259256,4.915209595301268,0.810699347029401,15.29574342823534,1.0888242050914194,-0.0016240433347372019,-0.004629629629629539,0.01559659202096686,-0.007636919877268555,0.09216086680581626,0.0028737708023371944,drop,drop,669.0659197580007,,What the opponent's defense allows,"the same twelve numbers for the offenses this week's opponent has faced (plays, pass rate, first downs, sacks, takeaways ...)"
20261001144032,2026-10-01 14:40:32.681318+00,v2.0,fx1.0,team_style_defense_faced,intermediate.int_player_week_team_style,"ts_def_plays_pg_std,ts_def_plays_pg_l4,ts_def_sec_per_play_std,ts_def_sec_per_play_l4,ts_def_neutral_pass_rate_std,ts_def_neutral_pass_rate_l4,ts_def_proe_std,ts_def_proe_l4,ts_def_first_downs_pg_std,ts_def_first_downs_pg_l4,ts_def_top_min_pg_std,ts_def_top_min_pg_l4,ts_def_red_zone_trips_pg_std,ts_def_red_zone_trips_pg_l4,ts_def_points_per_drive_std,ts_def_points_per_drive_l4,ts_def_scoring_drive_rate_std,ts_def_scoring_drive_rate_l4,ts_def_yards_per_play_std,ts_def_yards_per_play_l4,ts_def_sacks_per_dropback_std,ts_def_sacks_per_dropback_l4,ts_def_giveaways_pg_std,ts_def_giveaways_pg_l4","2023,2024,2025",2016-2024,cb461af0c56b4811,WR,1321941740235550720,2025,18,2366,0.6154541653855322,0.474537037037037,4.61467500362201,0.8082238299065393,14.584405688793614,0.9935788770020082,0.6152386686159024,0.4791666666666667,4.600664516848402,0.8144156378966352,14.616042607224918,0.9901513399339991,0.00021549676962984154,-0.004629629629629706,0.014010486773607944,-0.006191807990095888,-0.03163691843130323,0.0034275370680091344,drop,drop,669.0659197580007,,What the opponent's defense allows,"the same twelve numbers for the offenses this week's opponent has faced (plays, pass rate, first downs, sacks, takeaways ...)"
20261001144032,2026-10-01 14:40:32.681318+00,v2.0,fx1.0,team_style_defense_faced,intermediate.int_player_week_team_style,"ts_def_plays_pg_std,ts_def_plays_pg_l4,ts_def_sec_per_play_std,ts_def_sec_per_play_l4,ts_def_neutral_pass_rate_std,ts_def_neutral_pass_rate_l4,ts_def_proe_std,ts_def_proe_l4,ts_def_first_downs_pg_std,ts_def_first_downs_pg_l4,ts_def_top_min_pg_std,ts_def_top_min_pg_l4,ts_def_red_zone_trips_pg_std,ts_def_red_zone_trips_pg_l4,ts_def_points_per_drive_std,ts_def_points_per_drive_l4,ts_def_scoring_drive_rate_std,ts_def_scoring_drive_rate_l4,ts_def_yards_per_play_std,ts_def_yards_per_play_l4,ts_def_sacks_per_dropback_std,ts_def_sacks_per_dropback_l4,ts_def_giveaways_pg_std,ts_def_giveaways_pg_l4","2023,2024,2025",2016-2022,cb461af0c56b4811,WR,1389709692405551104,2023,18,2393,0.6254350567153744,0.48148148148148145,4.045710279492705,0.8298396640615034,12.768257300505644,0.8826106270555822,0.6246061268487013,0.48379629629629634,4.051944662215899,0.8202839699817535,12.623847439187115,0.8785657701147183,0.0008289298666730449,-0.0023148148148148806,-0.006234382723193654,0.009555694079749988,0.14440986131852895,0.004044856940863983,drop,drop,669.0659197580007,,What the opponent's defense allows,"the same twelve numbers for the offenses this week's opponent has faced (plays, pass rate, first downs, sacks, takeaways ...)"
20261001144032,2026-10-01 14:40:32.681318+00,v2.0,fx1.0,team_style_defense_faced,intermediate.int_player_week_team_style,"ts_def_plays_pg_std,ts_def_plays_pg_l4,ts_def_sec_per_play_std,ts_def_sec_per_play_l4,ts_def_neutral_pass_rate_std,ts_def_neutral_pass_rate_l4,ts_def_proe_std,ts_def_proe_l4,ts_def_first_downs_pg_std,ts_def_first_downs_pg_l4,ts_def_top_min_pg_std,ts_def_top_min_pg_l4,ts_def_red_zone_trips_pg_std,ts_def_red_zone_trips_pg_l4,ts_def_points_per_drive_std,ts_def_points_per_drive_l4,ts_def_scoring_drive_rate_std,ts_def_scoring_drive_rate_l4,ts_def_yards_per_play_std,ts_def_yards_per_play_l4,ts_def_sacks_per_dropback_std,ts_def_sacks_per_dropback_l4,ts_def_giveaways_pg_std,ts_def_giveaways_pg_l4","2023,2024,2025",2016-2023,cb461af0c56b4811,WR,1389709692405551104,2024,18,2355,0.6247972186834708,0.46990740740740744,4.130767896760724,0.805669938283986,12.590778151619077,0.9025044251913159,0.6258058683032384,0.4722222222222222,4.111022234789733,0.8081891862346062,12.567916698188661,0.896932017486602,-0.0010086496197675432,-0.0023148148148147696,0.019745661970991257,-0.002519247950620196,0.02286145343041568,0.0055724077047139,drop,drop,669.0659197580007,,What the opponent's defense allows,"the same twelve numbers for the offenses this week's opponent has faced (plays, pass rate, first downs, sacks, takeaways ...)"
20261001144032,2026-10-01 14:40:32.681318+00,v2.0,fx1.0,team_style_defense_faced,intermediate.int_player_week_team_style,"ts_def_plays_pg_std,ts_def_plays_pg_l4,ts_def_sec_per_play_std,ts_def_sec_per_play_l4,ts_def_neutral_pass_rate_std,ts_def_neutral_pass_rate_l4,ts_def_proe_std,ts_def_proe_l4,ts_def_first_downs_pg_std,ts_def_first_downs_pg_l4,ts_def_top_min_pg_std,ts_def_top_min_pg_l4,ts_def_red_zone_trips_pg_std,ts_def_red_zone_trips_pg_l4,ts_def_points_per_drive_std,ts_def_points_per_drive_l4,ts_def_scoring_drive_rate_std,ts_def_scoring_drive_rate_l4,ts_def_yards_per_play_std,ts_def_yards_per_play_l4,ts_def_sacks_per_dropback_std,ts_def_sacks_per_dropback_l4,ts_def_giveaways_pg_std,ts_def_giveaways_pg_l4","2023,2024,2025",2016-2024,cb461af0c56b4811,WR,1389709692405551104,2025,18,2366,0.6001105636826517,0.45601851851851855,3.8909505555608,0.811826342526945,12.100274203268917,0.8239515213950402,0.60107460697586,0.45370370370370366,3.879997485317312,0.805383548509456,12.202734588861226,0.8249504578006683,-0.0009640432932083165,0.0023148148148148806,0.010953070243488128,0.006442794017488929,-0.10246038559230897,-0.0009989364056280925,drop,drop,669.0659197580007,,What the opponent's defense allows,"the same twelve numbers for the offenses this week's opponent has faced (plays, pass rate, first downs, sacks, takeaways ...)"
20261001145132,2026-10-01 14:51:32.902233+00,v2.0,fx1.0,team_style_lean,intermediate.int_player_week_team_style,"ts_pace_product,ts_pass_env,ts_off_proe_std","2023,2024,2025",2016-2022,cb461af0c56b4811,QB,1321941740235550720,2023,18,680,0.5389029957556789,0.5138888888888888,8.062394636383129,0.716629842467187,24.659080560221298,1.6864020853423718,0.5224559100126451,0.49074074074074076,8.118371856627013,0.7275863423148562,24.62127940559263,1.695443064960612,0.016447085743033774,0.023148148148148084,-0.05597722024388396,-0.010956499847669221,0.03780115462866718,-0.009040979618240241,drop,drop,554.1676061300004,,Expected plays and pass rate of the matchup,"the matchup's expected plays and neutral pass rate, and the offense's pass rate over expected: what the Vegas lines do not carry"
20261001145132,2026-10-01 14:51:32.902233+00,v2.0,fx1.0,team_style_lean,intermediate.int_player_week_team_style,"ts_pace_product,ts_pass_env,ts_off_proe_std","2023,2024,2025",2016-2023,cb461af0c56b4811,QB,1321941740235550720,2024,18,664,0.534030646930737,0.5231481481481481,8.256905285841432,0.7817643470197024,25.888944182113686,1.7582145394109598,0.5378203062561171,0.537037037037037,8.229692708393038,0.7832961972794183,26.710818495105404,1.8015736616536242,-0.0037896593253801125,-0.01388888888888884,0.02721257744839356,-0.0015318502597159167,-0.8218743129917172,-0.04335912224266436,drop,drop,554.1676061300004,,Expected plays and pass rate of the matchup,"the matchup's expected plays and neutral pass rate, and the offense's pass rate over expected: what the Vegas lines do not carry"
20261001145132,2026-10-01 14:51:32.902233+00,v2.0,fx1.0,team_style_lean,intermediate.int_player_week_team_style,"ts_pace_product,ts_pass_env,ts_off_proe_std","2023,2024,2025",2016-2024,cb461af0c56b4811,QB,1321941740235550720,2025,18,677,0.5178915999873838,0.4722222222222222,8.273838328521915,0.7263473851048419,24.244468136853698,1.7798531977026875,0.5234057942815578,0.5,8.278642263988383,0.7411352864589952,24.865893888561384,1.7824104113937187,-0.005514194294173991,-0.02777777777777779,-0.004803935466467735,-0.01478790135415331,-0.6214257517076867,-0.002557213691031235,drop,drop,554.1676061300004,,Expected plays and pass rate of the matchup,"the matchup's expected plays and neutral pass rate, and the offense's pass rate over expected: what the Vegas lines do not carry"
20261001145132,2026-10-01 14:51:32.902233+00,v2.0,fx1.0,team_style_lean,intermediate.int_player_week_team_style,"ts_pace_product,ts_pass_env,ts_off_proe_std","2023,2024,2025",2016-2022,cb461af0c56b4811,QB,1389709692405551104,2023,18,680,0.5413192970716938,0.5324074074074074,5.80052610019462,0.7190757915194407,17.427709487093964,1.2184880881681348,0.5256801096145087,0.5092592592592592,5.834538085906659,0.7325778275744548,17.728945478610413,1.221190584290215,0.015639187457185066,0.02314814814814825,-0.03401198571203867,-0.0135020360550141,-0.30123599151644953,-0.002702496122080289,drop,drop,554.1676061300004,,Expected plays and pass rate of the matchup,"the matchup's expected plays and neutral pass rate, and the offense's pass rate over expected: what the Vegas lines do not carry"
20261001145132,2026-10-01 14:51:32.902233+00,v2.0,fx1.0,team_style_lean,intermediate.int_player_week_team_style,"ts_pace_product,ts_pass_env,ts_off_proe_std","2023,2024,2025",2016-2023,cb461af0c56b4811,QB,1389709692405551104,2024,18,664,0.5547634207902863,0.537037037037037,5.992224877695695,0.7770549357827989,18.818593316082598,1.2528560640156996,0.5561325996135695,0.5416666666666666,5.968519084105844,0.7902428660657924,19.21547087231386,1.2754083507094145,-0.0013691788232832458,-0.00462962962962965,0.023705793589851254,-0.013187930282993476,-0.3968775562312601,-0.022552286693714896,drop,drop,554.1676061300004,,Expected plays and pass rate of the matchup,"the matchup's expected plays and neutral pass rate, and the offense's pass rate over expected: what the Vegas lines do not carry"
20261001145132,2026-10-01 14:51:32.902233+00,v2.0,fx1.0,team_style_lean,intermediate.int_player_week_team_style,"ts_pace_product,ts_pass_env,ts_off_proe_std","2023,2024,2025",2016-2024,cb461af0c56b4811,QB,1389709692405551104,2025,18,677,0.5284301767305398,0.4861111111111111,6.014538191954273,0.7501381402520212,17.847114346514747,1.2856019017079054,0.5352093003571752,0.5138888888888888,6.035030058329808,0.7561931599873815,18.28492217449843,1.2794175833228147,-0.006779123626635353,-0.027777777777777735,-0.020491866375535572,-0.0060550197353602675,-0.4378078279836828,0.0061843183850907035,drop,drop,554.1676061300004,,Expected plays and pass rate of the matchup,"the matchup's expected plays and neutral pass rate, and the offense's pass rate over expected: what the Vegas lines do not carry"
20261001145132,2026-10-01 14:51:32.902233+00,v2.0,fx1.0,team_style_lean,intermediate.int_player_week_team_style,"ts_pace_product,ts_pass_env,ts_off_proe_std","2023,2024,2025",2016-2022,cb461af0c56b4811,RB,1321941740235550720,2023,18,1482,0.6779398151183673,0.625,4.584959077941301,0.8289109639100366,14.440841552326857,1.0185800800927565,0.6789541487937356,0.625,4.565048339555861,0.8228197362354811,14.326257632153418,1.0210909471159724,-0.0010143336753682952,0,0.01991073838544022,0.006091227674555499,0.11458392017343932,-0.0025108670232159014,drop,drop,554.1676061300004,,Expected plays and pass rate of the matchup,"the matchup's expected plays and neutral pass rate, and the offense's pass rate over expected: what the Vegas lines do not carry"
20261001145132,2026-10-01 14:51:32.902233+00,v2.0,fx1.0,team_style_lean,intermediate.int_player_week_team_style,"ts_pace_product,ts_pass_env,ts_off_proe_std","2023,2024,2025",2016-2023,cb461af0c56b4811,RB,1321941740235550720,2024,18,1495,0.6810264536995096,0.6736111111111112,4.715098539468814,0.7865866708897433,14.735181542983149,1.017957816929422,0.683982337730687,0.6736111111111112,4.709033406682767,0.7849798036617669,14.778347489149919,1.0140256700401826,-0.0029558840311773027,0,0.00606513278604659,0.0016068672279764273,-0.04316594616676994,0.003932146889239485,drop,drop,554.1676061300004,,Expected plays and pass rate of the matchup,"the matchup's expected plays and neutral pass rate, and the offense's pass rate over expected: what the Vegas lines do not carry"
20261001145132,2026-10-01 14:51:32.902233+00,v2.0,fx1.0,team_style_lean,intermediate.int_player_week_team_style,"ts_pace_product,ts_pass_env,ts_off_proe_std","2023,2024,2025",2016-2024,cb461af0c56b4811,RB,1321941740235550720,2025,18,1518,0.6930828232674853,0.6388888888888888,4.737836347064026,0.7952236425388088,14.547991091624233,1.041776396027272,0.6950103969394773,0.6365740740740741,4.747744357797661,0.7855412596247372,14.36464541810875,1.046606036495452,-0.0019275736719920333,0.0023148148148147696,-0.009908010733634676,0.009682382914071641,0.1833456735154826,-0.004829640468180019,drop,drop,554.1676061300004,,Expected plays and pass rate of the matchup,"the matchup's expected plays and neutral pass rate, and the offense's pass rate over expected: what the Vegas lines do not carry"
20261001145132,2026-10-01 14:51:32.902233+00,v2.0,fx1.0,team_style_lean,intermediate.int_player_week_team_style,"ts_pace_product,ts_pass_env,ts_off_proe_std","2023,2024,2025",2016-2022,cb461af0c56b4811,RB,1389709692405551104,2023,18,1482,0.6738135120924797,0.6134259259259259,4.1317027943007725,0.8286010244331147,13.065053576454396,0.911384111957488,0.6756450176028727,0.6064814814814814,4.117502283433733,0.8174518733456249,12.449043123468384,0.9050705985700918,-0.0018315055103929057,0.006944444444444531,0.014200510867039107,0.011149151087489817,0.6160104529860124,0.0063135133873962745,drop,drop,554.1676061300004,,Expected plays and pass rate of the matchup,"the matchup's expected plays and neutral pass rate, and the offense's pass rate over expected: what the Vegas lines do not carry"
20261001145132,2026-10-01 14:51:32.902233+00,v2.0,fx1.0,team_style_lean,intermediate.int_player_week_team_style,"ts_pace_product,ts_pass_env,ts_off_proe_std","2023,2024,2025",2016-2023,cb461af0c56b4811,RB,1389709692405551104,2024,18,1495,0.6745033892115904,0.6527777777777778,4.231326737820985,0.7953786917024622,13.100362870317271,0.9068092084400496,0.6760537172860128,0.6574074074074074,4.228841728668209,0.8025266257202242,13.044841079231357,0.9064258267080072,-0.001550328074422458,-0.00462962962962965,0.002485009152775497,-0.0071479340177619255,0.05552179108591382,0.00038338173204244264,drop,drop,554.1676061300004,,Expected plays and pass rate of the matchup,"the matchup's expected plays and neutral pass rate, and the offense's pass rate over expected: what the Vegas lines do not carry"
20261001145132,2026-10-01 14:51:32.902233+00,v2.0,fx1.0,team_style_lean,intermediate.int_player_week_team_style,"ts_pace_product,ts_pass_env,ts_off_proe_std","2023,2024,2025",2016-2024,cb461af0c56b4811,RB,1389709692405551104,2025,18,1518,0.6899010397869012,0.6226851851851851,4.285748194426103,0.7907323955123983,12.757113048925971,0.9281801877881976,0.6908815711950581,0.6134259259259259,4.282656131176271,0.7755417665473705,12.727053613563863,0.932001735176007,-0.0009805314081569039,0.00925925925925919,0.003092063249831689,0.015190628965027764,0.030059435362108644,-0.0038215473878094874,drop,drop,554.1676061300004,,Expected plays and pass rate of the matchup,"the matchup's expected plays and neutral pass rate, and the offense's pass rate over expected: what the Vegas lines do not carry"
20261001145132,2026-10-01 14:51:32.902233+00,v2.0,fx1.0,team_style_lean,intermediate.int_player_week_team_style,"ts_pace_product,ts_pass_env,ts_off_proe_std","2023,2024,2025",2016-2022,cb461af0c56b4811,TE,1321941740235550720,2023,18,1177,0.5764891353859956,0.5324074074074074,3.4234212343111405,0.8158924245128181,10.519893532330455,0.754424135503355,0.5731549358489271,0.5138888888888888,3.404402167383241,0.8034886757774902,10.492863184652377,0.7471459897645805,0.003334199537068483,0.0185185185185186,0.019019066927899342,0.012403748735327902,0.027030347678078215,0.0072781457387745,drop,drop,554.1676061300004,,Expected plays and pass rate of the matchup,"the matchup's expected plays and neutral pass rate, and the offense's pass rate over expected: what the Vegas lines do not carry"
20261001145132,2026-10-01 14:51:32.902233+00,v2.0,fx1.0,team_style_lean,intermediate.int_player_week_team_style,"ts_pace_product,ts_pass_env,ts_off_proe_std","2023,2024,2025",2016-2023,cb461af0c56b4811,TE,1321941740235550720,2024,18,1221,0.5766361588267999,0.46759259259259256,3.5960856344721472,0.7837020818221708,10.212786452145822,0.782766711108444,0.574264077708444,0.4583333333333333,3.59539965470318,0.7743029055589911,10.206185491509853,0.7903953884216951,0.002372081118355851,0.009259259259259245,0.0006859797689671154,0.009399176263179765,0.006600960635969599,-0.00762867731325112,drop,drop,554.1676061300004,,Expected plays and pass rate of the matchup,"the matchup's expected plays and neutral pass rate, and the offense's pass rate over expected: what the Vegas lines do not carry"
20261001145132,2026-10-01 14:51:32.902233+00,v2.0,fx1.0,team_style_lean,intermediate.int_player_week_team_style,"ts_pace_product,ts_pass_env,ts_off_proe_std","2023,2024,2025",2016-2024,cb461af0c56b4811,TE,1321941740235550720,2025,18,1268,0.6292725995654181,0.43518518518518523,3.504086924504703,0.8155353669541547,10.016570500610015,0.801946277650131,0.6253565710969989,0.4212962962962963,3.5060303412258347,0.8274175947019309,10.087548898832267,0.8008154658194906,0.003916028468419208,0.01388888888888895,-0.00194341672113163,-0.011882227747776142,-0.07097839822225183,0.0011308118306404547,drop,drop,554.1676061300004,,Expected plays and pass rate of the matchup,"the matchup's expected plays and neutral pass rate, and the offense's pass rate over expected: what the Vegas lines do not carry"
20261001145132,2026-10-01 14:51:32.902233+00,v2.0,fx1.0,team_style_lean,intermediate.int_player_week_team_style,"ts_pace_product,ts_pass_env,ts_off_proe_std","2023,2024,2025",2016-2022,cb461af0c56b4811,TE,1389709692405551104,2023,18,1177,0.552458426335194,0.5,2.8690824434572817,0.7974687621720745,8.808205205766884,0.6442394428331482,0.5526674547558043,0.48148148148148145,2.8536294975103322,0.8104562828686124,8.769791614718581,0.6359043614952173,-0.00020902842061021332,0.018518518518518545,0.015452945946949459,-0.012987520696537858,0.03841359104830211,0.008335081337930816,drop,drop,554.1676061300004,,Expected plays and pass rate of the matchup,"the matchup's expected plays and neutral pass rate, and the offense's pass rate over expected: what the Vegas lines do not carry"
20261001145132,2026-10-01 14:51:32.902233+00,v2.0,fx1.0,team_style_lean,intermediate.int_player_week_team_style,"ts_pace_product,ts_pass_env,ts_off_proe_std","2023,2024,2025",2016-2023,cb461af0c56b4811,TE,1389709692405551104,2024,18,1221,0.5626429415264659,0.4583333333333333,2.9954476204118965,0.8156603776164589,8.544255917154786,0.6526677098158625,0.5598785707889994,0.4212962962962963,2.995168113013023,0.8091092743419375,8.61647263454671,0.654603840250283,0.0027643707374664928,0.037037037037037035,0.00027950739887350196,0.006551103274521464,-0.07221671739192459,-0.0019361304344204244,drop,drop,554.1676061300004,,Expected plays and pass rate of the matchup,"the matchup's expected plays and neutral pass rate, and the offense's pass rate over expected: what the Vegas lines do not carry"
20261001145132,2026-10-01 14:51:32.902233+00,v2.0,fx1.0,team_style_lean,intermediate.int_player_week_team_style,"ts_pace_product,ts_pass_env,ts_off_proe_std","2023,2024,2025",2016-2024,cb461af0c56b4811,TE,1389709692405551104,2025,18,1268,0.6139578162814769,0.4027777777777778,2.974152911211168,0.8235773837106607,8.459345449564061,0.6889272115024626,0.6114816218323065,0.39814814814814814,2.9795136555105186,0.8302488484538157,8.566879777547221,0.6825983815690715,0.0024761944491704657,0.00462962962962965,-0.005360744299350628,-0.006671464743155053,-0.10753432798315998,0.006328829933391122,drop,drop,554.1676061300004,,Expected plays and pass rate of the matchup,"the matchup's expected plays and neutral pass rate, and the offense's pass rate over expected: what the Vegas lines do not carry"
20261001145132,2026-10-01 14:51:32.902233+00,v2.0,fx1.0,team_style_lean,intermediate.int_player_week_team_style,"ts_pace_product,ts_pass_env,ts_off_proe_std","2023,2024,2025",2016-2022,cb461af0c56b4811,WR,1321941740235550720,2023,18,2393,0.6392123950728379,0.49768518518518523,4.842894668834735,0.8265162180040639,15.094272524423713,1.0585672722911255,0.6392918990013178,0.5,4.844521808613023,0.8276029070508462,15.19898926672618,1.063735644351547,-7.950392847988486e-05,-0.0023148148148147696,-0.0016271397782876562,-0.0010866890467822188,-0.10471674230246641,-0.005168372060421644,drop,drop,554.1676061300004,,Expected plays and pass rate of the matchup,"the matchup's expected plays and neutral pass rate, and the offense's pass rate over expected: what the Vegas lines do not carry"
20261001145132,2026-10-01 14:51:32.902233+00,v2.0,fx1.0,team_style_lean,intermediate.int_player_week_team_style,"ts_pace_product,ts_pass_env,ts_off_proe_std","2023,2024,2025",2016-2023,cb461af0c56b4811,WR,1321941740235550720,2024,18,2355,0.6384571506915245,0.462962962962963,4.913873463430173,0.8141702502411657,15.174031798575932,1.0893285775758996,0.6392689713644507,0.46759259259259256,4.915209595301268,0.810699347029401,15.29574342823534,1.0888242050914194,-0.0008118206729261779,-0.004629629629629539,-0.0013361318710947145,0.0034709032117646865,-0.12171162965940852,0.0005043724844802089,drop,drop,554.1676061300004,,Expected plays and pass rate of the matchup,"the matchup's expected plays and neutral pass rate, and the offense's pass rate over expected: what the Vegas lines do not carry"
20261001145132,2026-10-01 14:51:32.902233+00,v2.0,fx1.0,team_style_lean,intermediate.int_player_week_team_style,"ts_pace_product,ts_pass_env,ts_off_proe_std","2023,2024,2025",2016-2024,cb461af0c56b4811,WR,1321941740235550720,2025,18,2366,0.6158901143236212,0.47685185185185186,4.60146781461214,0.8059122806189031,14.612409316235787,0.9937849513936958,0.6152386686159024,0.4791666666666667,4.600664516848402,0.8144156378966352,14.616042607224918,0.9901513399339991,0.0006514457077188007,-0.002314814814814825,0.0008032977637375538,-0.008503357277732104,-0.0036332909891303444,0.0036336114596967617,drop,drop,554.1676061300004,,Expected plays and pass rate of the matchup,"the matchup's expected plays and neutral pass rate, and the offense's pass rate over expected: what the Vegas lines do not carry"
20261001145132,2026-10-01 14:51:32.902233+00,v2.0,fx1.0,team_style_lean,intermediate.int_player_week_team_style,"ts_pace_product,ts_pass_env,ts_off_proe_std","2023,2024,2025",2016-2022,cb461af0c56b4811,WR,1389709692405551104,2023,18,2393,0.6243725271965248,0.48379629629629634,4.050886012599107,0.8186644522191059,12.612730875084258,0.8779648653686877,0.6246061268487013,0.48379629629629634,4.051944662215899,0.8202839699817535,12.623847439187115,0.8785657701147183,-0.00023359965217650824,0,-0.001058649616791918,-0.001619517762647571,-0.01111656410285633,-0.0006009047460305839,drop,drop,554.1676061300004,,Expected plays and pass rate of the matchup,"the matchup's expected plays and neutral pass rate, and the offense's pass rate over expected: what the Vegas lines do not carry"
20261001145132,2026-10-01 14:51:32.902233+00,v2.0,fx1.0,team_style_lean,intermediate.int_player_week_team_style,"ts_pace_product,ts_pass_env,ts_off_proe_std","2023,2024,2025",2016-2023,cb461af0c56b4811,WR,1389709692405551104,2024,18,2355,0.6250496915251479,0.46990740740740744,4.119112189297292,0.801608356474579,12.527143989351607,0.898305419992634,0.6258058683032384,0.4722222222222222,4.111022234789733,0.8081891862346062,12.567916698188661,0.896932017486602,-0.0007561767780904782,-0.0023148148148147696,0.008089954507559227,-0.006580829760027274,-0.04077270883705353,0.0013734025060320176,drop,drop,554.1676061300004,,Expected plays and pass rate of the matchup,"the matchup's expected plays and neutral pass rate, and the offense's pass rate over expected: what the Vegas lines do not carry"
20261001145132,2026-10-01 14:51:32.902233+00,v2.0,fx1.0,team_style_lean,intermediate.int_player_week_team_style,"ts_pace_product,ts_pass_env,ts_off_proe_std","2023,2024,2025",2016-2024,cb461af0c56b4811,WR,1389709692405551104,2025,18,2366,0.6014874475695345,0.4513888888888889,3.881254922195003,0.8075255238249444,12.033665918538457,0.8228411709604521,0.60107460697586,0.45370370370370366,3.879997485317312,0.805383548509456,12.202734588861226,0.8249504578006683,0.00041284059367452386,-0.0023148148148147696,0.001257436877690754,0.0021419753154883203,-0.16906867032276907,-0.0021092868402162734,drop,drop,554.1676061300004,,Expected plays and pass rate of the matchup,"the matchup's expected plays and neutral pass rate, and the offense's pass rate over expected: what the Vegas lines do not carry"
20261001152952,2026-10-01 15:29:52.005188+00,v2.0,fx1.0,weather,intermediate.int_player_week_weather,"wx_dome,wx_wind_mph,wx_gust_mph,wx_precip_in,wx_temp_f,wx_cold,wx_windy,wx_snow","2023,2024,2025",2016-2022,cb461af0c56b4811,QB,1321941740235550720,2023,18,680,0.5344050251735785,0.5138888888888888,8.085167135212183,0.732118180376226,24.583804681828948,1.7017903418693823,0.5224559100126451,0.49074074074074076,8.118371856627013,0.7275863423148562,24.62127940559263,1.695443064960612,0.011949115160933332,0.023148148148148084,-0.03320472141482966,0.004531838061369808,-0.037474723763683215,0.0063472769087702385,drop,drop,587.6894728859988,,"Game-day weather: wind, gusts, rain or snow, temperature, dome","Open-Meteo at the stadium, kickoff hour and the two after (forecast for the board, observed for past games)."
20261001152952,2026-10-01 15:29:52.005188+00,v2.0,fx1.0,weather,intermediate.int_player_week_weather,"wx_dome,wx_wind_mph,wx_gust_mph,wx_precip_in,wx_temp_f,wx_cold,wx_windy,wx_snow","2023,2024,2025",2016-2023,cb461af0c56b4811,QB,1321941740235550720,2024,18,664,0.5268240918115642,0.5185185185185186,8.34012001942385,0.7769668180803971,26.406437336026926,1.780148560710616,0.5378203062561171,0.537037037037037,8.229692708393038,0.7832961972794183,26.710818495105404,1.8015736616536242,-0.010996214444552899,-0.01851851851851838,0.11042731103081138,-0.006329379199021212,-0.30438115907847774,-0.021425100943008202,drop,drop,587.6894728859988,,"Game-day weather: wind, gusts, rain or snow, temperature, dome","Open-Meteo at the stadium, kickoff hour and the two after (forecast for the board, observed for past games)."
20261001152952,2026-10-01 15:29:52.005188+00,v2.0,fx1.0,weather,intermediate.int_player_week_weather,"wx_dome,wx_wind_mph,wx_gust_mph,wx_precip_in,wx_temp_f,wx_cold,wx_windy,wx_snow","2023,2024,2025",2016-2024,cb461af0c56b4811,QB,1321941740235550720,2025,18,677,0.5256694233993522,0.5138888888888888,8.215568106896265,0.7490288606500946,25.015125247406925,1.754610220808257,0.5234057942815578,0.5,8.278642263988383,0.7411352864589952,24.865893888561384,1.7824104113937187,0.00226362911779443,0.01388888888888884,-0.06307415709211739,0.007893574191099373,0.14923135884554029,-0.02780019058546168,drop,drop,587.6894728859988,,"Game-day weather: wind, gusts, rain or snow, temperature, dome","Open-Meteo at the stadium, kickoff hour and the two after (forecast for the board, observed for past games)."
20261001152952,2026-10-01 15:29:52.005188+00,v2.0,fx1.0,weather,intermediate.int_player_week_weather,"wx_dome,wx_wind_mph,wx_gust_mph,wx_precip_in,wx_temp_f,wx_cold,wx_windy,wx_snow","2023,2024,2025",2016-2022,cb461af0c56b4811,QB,1389709692405551104,2023,18,680,0.5421919346196558,0.5277777777777778,5.8016879147215095,0.7344667024671622,17.913332698923995,1.2231621314824985,0.5256801096145087,0.5092592592592592,5.834538085906659,0.7325778275744548,17.728945478610413,1.221190584290215,0.01651182500514703,0.0185185185185186,-0.032850171185149435,0.0018888748927073928,0.18438722031358168,0.0019715471922834293,drop,drop,587.6894728859988,,"Game-day weather: wind, gusts, rain or snow, temperature, dome","Open-Meteo at the stadium, kickoff hour and the two after (forecast for the board, observed for past games)."
20261001152952,2026-10-01 15:29:52.005188+00,v2.0,fx1.0,weather,intermediate.int_player_week_weather,"wx_dome,wx_wind_mph,wx_gust_mph,wx_precip_in,wx_temp_f,wx_cold,wx_windy,wx_snow","2023,2024,2025",2016-2023,cb461af0c56b4811,QB,1389709692405551104,2024,18,664,0.546289727596954,0.537037037037037,6.058985216377135,0.7796966547311819,18.880091122956973,1.2715103763741564,0.5561325996135695,0.5416666666666666,5.968519084105844,0.7902428660657924,19.21547087231386,1.2754083507094145,-0.00984287201661549,-0.00462962962962965,0.09046613227129097,-0.010546211334610534,-0.3353797493568855,-0.00389797433525807,drop,drop,587.6894728859988,,"Game-day weather: wind, gusts, rain or snow, temperature, dome","Open-Meteo at the stadium, kickoff hour and the two after (forecast for the board, observed for past games)."
20261001152952,2026-10-01 15:29:52.005188+00,v2.0,fx1.0,weather,intermediate.int_player_week_weather,"wx_dome,wx_wind_mph,wx_gust_mph,wx_precip_in,wx_temp_f,wx_cold,wx_windy,wx_snow","2023,2024,2025",2016-2024,cb461af0c56b4811,QB,1389709692405551104,2025,18,677,0.5371728129468496,0.5,5.983131017761844,0.7424059803913783,18.102046395954357,1.2768957840617428,0.5352093003571752,0.5138888888888888,6.035030058329808,0.7561931599873815,18.28492217449843,1.2794175833228147,0.001963512589674421,-0.01388888888888884,-0.05189904056796468,-0.013787179596003174,-0.1828757785440729,-0.0025217992610719886,drop,drop,587.6894728859988,,"Game-day weather: wind, gusts, rain or snow, temperature, dome","Open-Meteo at the stadium, kickoff hour and the two after (forecast for the board, observed for past games)."
20261001152952,2026-10-01 15:29:52.005188+00,v2.0,fx1.0,weather,intermediate.int_player_week_weather,"wx_dome,wx_wind_mph,wx_gust_mph,wx_precip_in,wx_temp_f,wx_cold,wx_windy,wx_snow","2023,2024,2025",2016-2022,cb461af0c56b4811,RB,1321941740235550720,2023,18,1482,0.6791919544792413,0.6226851851851852,4.582558139888269,0.824038305288238,14.215892758846756,1.020040618990019,0.6789541487937356,0.625,4.565048339555861,0.8228197362354811,14.326257632153418,1.0210909471159724,0.0002378056855056876,-0.0023148148148147696,0.0175098003324079,0.0012185690527568571,-0.11036487330666134,-0.0010503281259532926,drop,drop,587.6894728859988,,"Game-day weather: wind, gusts, rain or snow, temperature, dome","Open-Meteo at the stadium, kickoff hour and the two after (forecast for the board, observed for past games)."
20261001152952,2026-10-01 15:29:52.005188+00,v2.0,fx1.0,weather,intermediate.int_player_week_weather,"wx_dome,wx_wind_mph,wx_gust_mph,wx_precip_in,wx_temp_f,wx_cold,wx_windy,wx_snow","2023,2024,2025",2016-2023,cb461af0c56b4811,RB,1321941740235550720,2024,18,1495,0.6834047538668234,0.6805555555555556,4.720917587693695,0.7905634937471785,14.829849685321996,1.0205810351572013,0.683982337730687,0.6736111111111112,4.709033406682767,0.7849798036617669,14.778347489149919,1.0140256700401826,-0.0005775838638635289,0.00694444444444442,0.011884181010927364,0.005583690085411597,0.051502196172076964,0.006555365117018708,drop,drop,587.6894728859988,,"Game-day weather: wind, gusts, rain or snow, temperature, dome","Open-Meteo at the stadium, kickoff hour and the two after (forecast for the board, observed for past games)."
20261001152952,2026-10-01 15:29:52.005188+00,v2.0,fx1.0,weather,intermediate.int_player_week_weather,"wx_dome,wx_wind_mph,wx_gust_mph,wx_precip_in,wx_temp_f,wx_cold,wx_windy,wx_snow","2023,2024,2025",2016-2024,cb461af0c56b4811,RB,1321941740235550720,2025,18,1518,0.694371818098725,0.6365740740740741,4.732313740477725,0.781824003472697,14.403748062331674,1.0457644997971232,0.6950103969394773,0.6365740740740741,4.747744357797661,0.7855412596247372,14.36464541810875,1.046606036495452,-0.0006385788407523574,0,-0.015430617319935891,-0.003717256152040216,0.039102644222923644,-0.0008415366983287598,drop,drop,587.6894728859988,,"Game-day weather: wind, gusts, rain or snow, temperature, dome","Open-Meteo at the stadium, kickoff hour and the two after (forecast for the board, observed for past games)."
20261001152952,2026-10-01 15:29:52.005188+00,v2.0,fx1.0,weather,intermediate.int_player_week_weather,"wx_dome,wx_wind_mph,wx_gust_mph,wx_precip_in,wx_temp_f,wx_cold,wx_windy,wx_snow","2023,2024,2025",2016-2022,cb461af0c56b4811,RB,1389709692405551104,2023,18,1482,0.6755165635335881,0.6064814814814814,4.1358391031964645,0.8212667826179109,12.834317837150904,0.909546556779574,0.6756450176028727,0.6064814814814814,4.117502283433733,0.8174518733456249,12.449043123468384,0.9050705985700918,-0.00012845406928452263,0,0.01833681976273116,0.0038149092722860045,0.3852747136825201,0.0044759582094822115,drop,drop,587.6894728859988,,"Game-day weather: wind, gusts, rain or snow, temperature, dome","Open-Meteo at the stadium, kickoff hour and the two after (forecast for the board, observed for past games)."
20261001152952,2026-10-01 15:29:52.005188+00,v2.0,fx1.0,weather,intermediate.int_player_week_weather,"wx_dome,wx_wind_mph,wx_gust_mph,wx_precip_in,wx_temp_f,wx_cold,wx_windy,wx_snow","2023,2024,2025",2016-2023,cb461af0c56b4811,RB,1389709692405551104,2024,18,1495,0.6755052359136553,0.6574074074074074,4.237216924817134,0.800772375815201,13.114860676865867,0.904186341557452,0.6760537172860128,0.6574074074074074,4.228841728668209,0.8025266257202242,13.044841079231357,0.9064258267080072,-0.0005484813723575233,0,0.00837519614892468,-0.001754249905023153,0.07001959763450927,-0.002239485150555165,drop,drop,587.6894728859988,,"Game-day weather: wind, gusts, rain or snow, temperature, dome","Open-Meteo at the stadium, kickoff hour and the two after (forecast for the board, observed for past games)."
20261001152952,2026-10-01 15:29:52.005188+00,v2.0,fx1.0,weather,intermediate.int_player_week_weather,"wx_dome,wx_wind_mph,wx_gust_mph,wx_precip_in,wx_temp_f,wx_cold,wx_windy,wx_snow","2023,2024,2025",2016-2024,cb461af0c56b4811,RB,1389709692405551104,2025,18,1518,0.6913663823899704,0.6180555555555556,4.272187179297713,0.7859831011910656,12.771925638907446,0.9354085837249495,0.6908815711950581,0.6134259259259259,4.282656131176271,0.7755417665473705,12.727053613563863,0.932001735176007,0.0004848111949122824,0.00462962962962965,-0.010468951878557675,0.010441334643695122,0.04487202534358303,0.003406848548942465,drop,drop,587.6894728859988,,"Game-day weather: wind, gusts, rain or snow, temperature, dome","Open-Meteo at the stadium, kickoff hour and the two after (forecast for the board, observed for past games)."
20261001152952,2026-10-01 15:29:52.005188+00,v2.0,fx1.0,weather,intermediate.int_player_week_weather,"wx_dome,wx_wind_mph,wx_gust_mph,wx_precip_in,wx_temp_f,wx_cold,wx_windy,wx_snow","2023,2024,2025",2016-2022,cb461af0c56b4811,TE,1321941740235550720,2023,18,1177,0.5784703648676682,0.5231481481481481,3.4102995395998557,0.8178499726550437,10.480231699672075,0.7538378031094141,0.5731549358489271,0.5138888888888888,3.404402167383241,0.8034886757774902,10.492863184652377,0.7471459897645805,0.005315429018741158,0.0092592592592593,0.00589737221661446,0.014361296877553498,-0.012631484980301977,0.006691813344833597,drop,drop,587.6894728859988,,"Game-day weather: wind, gusts, rain or snow, temperature, dome","Open-Meteo at the stadium, kickoff hour and the two after (forecast for the board, observed for past games)."
20261001152952,2026-10-01 15:29:52.005188+00,v2.0,fx1.0,weather,intermediate.int_player_week_weather,"wx_dome,wx_wind_mph,wx_gust_mph,wx_precip_in,wx_temp_f,wx_cold,wx_windy,wx_snow","2023,2024,2025",2016-2023,cb461af0c56b4811,TE,1321941740235550720,2024,18,1221,0.5674453739243179,0.47685185185185186,3.593278127674299,0.791343429468537,10.097139746485315,0.7971133932254925,0.574264077708444,0.4583333333333333,3.59539965470318,0.7743029055589911,10.206185491509853,0.7903953884216951,-0.006818703784126079,0.018518518518518545,-0.0021215270288812427,0.017040523909545913,-0.10904574502453812,0.006718004803797362,drop,drop,587.6894728859988,,"Game-day weather: wind, gusts, rain or snow, temperature, dome","Open-Meteo at the stadium, kickoff hour and the two after (forecast for the board, observed for past games)."
20261001152952,2026-10-01 15:29:52.005188+00,v2.0,fx1.0,weather,intermediate.int_player_week_weather,"wx_dome,wx_wind_mph,wx_gust_mph,wx_precip_in,wx_temp_f,wx_cold,wx_windy,wx_snow","2023,2024,2025",2016-2024,cb461af0c56b4811,TE,1321941740235550720,2025,18,1268,0.624179716301012,0.43518518518518523,3.516558704674977,0.8215172192456911,10.013766825167203,0.8043901923581526,0.6253565710969989,0.4212962962962963,3.5060303412258347,0.8274175947019309,10.087548898832267,0.8008154658194906,-0.001176854795986948,0.01388888888888895,0.010528363449142208,-0.0059003754562397814,-0.07378207366506473,0.0035747265386619764,drop,drop,587.6894728859988,,"Game-day weather: wind, gusts, rain or snow, temperature, dome","Open-Meteo at the stadium, kickoff hour and the two after (forecast for the board, observed for past games)."
20261001152952,2026-10-01 15:29:52.005188+00,v2.0,fx1.0,weather,intermediate.int_player_week_weather,"wx_dome,wx_wind_mph,wx_gust_mph,wx_precip_in,wx_temp_f,wx_cold,wx_windy,wx_snow","2023,2024,2025",2016-2022,cb461af0c56b4811,TE,1389709692405551104,2023,18,1177,0.5559561922393291,0.5,2.8639370901351713,0.8016706414710015,8.723976292556813,0.6377398180822293,0.5526674547558043,0.48148148148148145,2.8536294975103322,0.8104562828686124,8.769791614718581,0.6359043614952173,0.003288737483524873,0.018518518518518545,0.010307592624839046,-0.008785641397610844,-0.045815322161768535,0.0018354565870120076,drop,drop,587.6894728859988,,"Game-day weather: wind, gusts, rain or snow, temperature, dome","Open-Meteo at the stadium, kickoff hour and the two after (forecast for the board, observed for past games)."
20261001152952,2026-10-01 15:29:52.005188+00,v2.0,fx1.0,weather,intermediate.int_player_week_weather,"wx_dome,wx_wind_mph,wx_gust_mph,wx_precip_in,wx_temp_f,wx_cold,wx_windy,wx_snow","2023,2024,2025",2016-2023,cb461af0c56b4811,TE,1389709692405551104,2024,18,1221,0.5532972774093217,0.4351851851851852,2.9968869020053885,0.7946243401282875,8.571231364943237,0.6553285964636612,0.5598785707889994,0.4212962962962963,2.995168113013023,0.8091092743419375,8.61647263454671,0.654603840250283,-0.006581293379677722,0.013888888888888895,0.0017187889923655497,-0.014484934213649936,-0.045241269603472745,0.0007247562133781971,drop,drop,587.6894728859988,,"Game-day weather: wind, gusts, rain or snow, temperature, dome","Open-Meteo at the stadium, kickoff hour and the two after (forecast for the board, observed for past games)."
20261001152952,2026-10-01 15:29:52.005188+00,v2.0,fx1.0,weather,intermediate.int_player_week_weather,"wx_dome,wx_wind_mph,wx_gust_mph,wx_precip_in,wx_temp_f,wx_cold,wx_windy,wx_snow","2023,2024,2025",2016-2024,cb461af0c56b4811,TE,1389709692405551104,2025,18,1268,0.6108790635541287,0.4074074074074074,2.9866567870788274,0.8265330309341832,8.401980613536388,0.6856981401360147,0.6114816218323065,0.39814814814814814,2.9795136555105186,0.8302488484538157,8.566879777547221,0.6825983815690715,-0.0006025582781777894,0.009259259259259245,0.007143131568308814,-0.0037158175196325693,-0.1648991640108335,0.0030997585669432226,drop,drop,587.6894728859988,,"Game-day weather: wind, gusts, rain or snow, temperature, dome","Open-Meteo at the stadium, kickoff hour and the two after (forecast for the board, observed for past games)."
20261001152952,2026-10-01 15:29:52.005188+00,v2.0,fx1.0,weather,intermediate.int_player_week_weather,"wx_dome,wx_wind_mph,wx_gust_mph,wx_precip_in,wx_temp_f,wx_cold,wx_windy,wx_snow","2023,2024,2025",2016-2022,cb461af0c56b4811,WR,1321941740235550720,2023,18,2393,0.6401974491669817,0.49768518518518523,4.831974131406752,0.8266265038622037,15.11295190316483,1.058909478359202,0.6392918990013178,0.5,4.844521808613023,0.8276029070508462,15.19898926672618,1.063735644351547,0.0009055501656639597,-0.0023148148148147696,-0.012547677206271146,-0.0009764031886424496,-0.08603736356134917,-0.004826165992345199,drop,drop,587.6894728859988,,"Game-day weather: wind, gusts, rain or snow, temperature, dome","Open-Meteo at the stadium, kickoff hour and the two after (forecast for the board, observed for past games)."
20261001152952,2026-10-01 15:29:52.005188+00,v2.0,fx1.0,weather,intermediate.int_player_week_weather,"wx_dome,wx_wind_mph,wx_gust_mph,wx_precip_in,wx_temp_f,wx_cold,wx_windy,wx_snow","2023,2024,2025",2016-2023,cb461af0c56b4811,WR,1321941740235550720,2024,18,2355,0.6382394086443534,0.4652777777777778,4.9232207608813985,0.8033762781521488,15.061163527427405,1.08937783546398,0.6392689713644507,0.46759259259259256,4.915209595301268,0.810699347029401,15.29574342823534,1.0888242050914194,-0.0010295627200973545,-0.0023148148148147696,0.008011165580130708,-0.0073230688772522035,-0.234579900807935,0.0005536303725606206,drop,drop,587.6894728859988,,"Game-day weather: wind, gusts, rain or snow, temperature, dome","Open-Meteo at the stadium, kickoff hour and the two after (forecast for the board, observed for past games)."
20261001152952,2026-10-01 15:29:52.005188+00,v2.0,fx1.0,weather,intermediate.int_player_week_weather,"wx_dome,wx_wind_mph,wx_gust_mph,wx_precip_in,wx_temp_f,wx_cold,wx_windy,wx_snow","2023,2024,2025",2016-2024,cb461af0c56b4811,WR,1321941740235550720,2025,18,2366,0.6153242253049584,0.474537037037037,4.604444157617244,0.8214099747516024,14.51959857254425,0.9925297692359246,0.6152386686159024,0.4791666666666667,4.600664516848402,0.8144156378966352,14.616042607224918,0.9901513399339991,8.555668905607661e-05,-0.004629629629629706,0.003779640768841297,0.006994336854967198,-0.0964440346806672,0.0023784293019255554,drop,drop,587.6894728859988,,"Game-day weather: wind, gusts, rain or snow, temperature, dome","Open-Meteo at the stadium, kickoff hour and the two after (forecast for the board, observed for past games)."
20261001152952,2026-10-01 15:29:52.005188+00,v2.0,fx1.0,weather,intermediate.int_player_week_weather,"wx_dome,wx_wind_mph,wx_gust_mph,wx_precip_in,wx_temp_f,wx_cold,wx_windy,wx_snow","2023,2024,2025",2016-2022,cb461af0c56b4811,WR,1389709692405551104,2023,18,2393,0.6257153411350083,0.48379629629629634,4.036402752233225,0.8227374861355057,12.491234083748653,0.8744472887396771,0.6246061268487013,0.48379629629629634,4.051944662215899,0.8202839699817535,12.623847439187115,0.8785657701147183,0.0011092142863069476,0,-0.015541909982673907,0.002453516153752222,-0.13261335543846187,-0.0041184813750411164,drop,drop,587.6894728859988,,"Game-day weather: wind, gusts, rain or snow, temperature, dome","Open-Meteo at the stadium, kickoff hour and the two after (forecast for the board, observed for past games)."
20261001152952,2026-10-01 15:29:52.005188+00,v2.0,fx1.0,weather,intermediate.int_player_week_weather,"wx_dome,wx_wind_mph,wx_gust_mph,wx_precip_in,wx_temp_f,wx_cold,wx_windy,wx_snow","2023,2024,2025",2016-2023,cb461af0c56b4811,WR,1389709692405551104,2024,18,2355,0.6253927760695979,0.46759259259259256,4.126650032924116,0.7987127098717193,12.511409437386577,0.8981144460215713,0.6258058683032384,0.4722222222222222,4.111022234789733,0.8081891862346062,12.567916698188661,0.896932017486602,-0.00041309223364049963,-0.00462962962962965,0.015627798134382864,-0.009476476362886954,-0.05650726080208379,0.0011824285349693042,drop,drop,587.6894728859988,,"Game-day weather: wind, gusts, rain or snow, temperature, dome","Open-Meteo at the stadium, kickoff hour and the two after (forecast for the board, observed for past games)."
20261001152952,2026-10-01 15:29:52.005188+00,v2.0,fx1.0,weather,intermediate.int_player_week_weather,"wx_dome,wx_wind_mph,wx_gust_mph,wx_precip_in,wx_temp_f,wx_cold,wx_windy,wx_snow","2023,2024,2025",2016-2024,cb461af0c56b4811,WR,1389709692405551104,2025,18,2366,0.601435243633432,0.45601851851851855,3.8852468342101107,0.8092193241955655,12.052159988507816,0.8201913154407925,0.60107460697586,0.45370370370370366,3.879997485317312,0.805383548509456,12.202734588861226,0.8249504578006683,0.0003606366575720221,0.0023148148148148806,0.005249348892798711,0.0038357756861094883,-0.1505746003534103,-0.004759142359875845,drop,drop,587.6894728859988,,"Game-day weather: wind, gusts, rain or snow, temperature, dome","Open-Meteo at the stadium, kickoff hour and the two after (forecast for the board, observed for past games)."
20261001154423,2026-10-01 15:44:23.140979+00,v2.0,fx1.0,wind,intermediate.int_player_week_weather,"wx_wind_mph,wx_gust_mph,wx_windy","2023,2024,2025",2016-2022,cb461af0c56b4811,QB,1321941740235550720,2023,18,680,0.5373350506394979,0.5046296296296297,8.11945260397994,0.7209925107019107,24.7818217645576,1.722511129381769,0.5224559100126451,0.49074074074074076,8.118371856627013,0.7275863423148562,24.62127940559263,1.695443064960612,0.014879140626852805,0.013888888888888895,0.0010807473529279576,-0.006593831612945467,0.1605423589649675,0.027068064421156945,drop,drop,871.0735728090003,,Wind at kickoff,Mean wind and max gust (mph) over the game's first three hours; 0 in a dome.
20261001154423,2026-10-01 15:44:23.140979+00,v2.0,fx1.0,wind,intermediate.int_player_week_weather,"wx_wind_mph,wx_gust_mph,wx_windy","2023,2024,2025",2016-2023,cb461af0c56b4811,QB,1321941740235550720,2024,18,664,0.5335706853108645,0.5231481481481481,8.317339163624863,0.7770761208710035,26.826379116877124,1.8043240155213986,0.5378203062561171,0.537037037037037,8.229692708393038,0.7832961972794183,26.710818495105404,1.8015736616536242,-0.004249620945252608,-0.01388888888888884,0.08764645523182502,-0.006220076408414821,0.11556062177172066,0.0027503538677744466,drop,drop,871.0735728090003,,Wind at kickoff,Mean wind and max gust (mph) over the game's first three hours; 0 in a dome.
20261001154423,2026-10-01 15:44:23.140979+00,v2.0,fx1.0,wind,intermediate.int_player_week_weather,"wx_wind_mph,wx_gust_mph,wx_windy","2023,2024,2025",2016-2024,cb461af0c56b4811,QB,1321941740235550720,2025,18,677,0.5205974690851805,0.49074074074074076,8.275363805575461,0.7483365801493774,25.287176669860887,1.7730270118472444,0.5234057942815578,0.5,8.278642263988383,0.7411352864589952,24.865893888561384,1.7824104113937187,-0.0028083251963773037,-0.009259259259259245,-0.0032784584129217365,0.007201293690382249,0.42128278129950303,-0.00938339954647427,drop,drop,871.0735728090003,,Wind at kickoff,Mean wind and max gust (mph) over the game's first three hours; 0 in a dome.
20261001154423,2026-10-01 15:44:23.140979+00,v2.0,fx1.0,wind,intermediate.int_player_week_weather,"wx_wind_mph,wx_gust_mph,wx_windy","2023,2024,2025",2016-2022,cb461af0c56b4811,QB,1389709692405551104,2023,18,680,0.5331346169053012,0.5185185185185186,5.835367460466181,0.7300185913641073,17.848628429497232,1.2254727517075754,0.5256801096145087,0.5092592592592592,5.834538085906659,0.7325778275744548,17.728945478610413,1.221190584290215,0.007454507290792445,0.009259259259259411,0.0008293745595224777,-0.002559236210347482,0.11968295088681913,0.004282167417360316,drop,drop,871.0735728090003,,Wind at kickoff,Mean wind and max gust (mph) over the game's first three hours; 0 in a dome.
20261001154423,2026-10-01 15:44:23.140979+00,v2.0,fx1.0,wind,intermediate.int_player_week_weather,"wx_wind_mph,wx_gust_mph,wx_windy","2023,2024,2025",2016-2023,cb461af0c56b4811,QB,1389709692405551104,2024,18,664,0.5592042774411472,0.5416666666666666,6.025840951889277,0.7831946131866062,19.034861085237957,1.2701519073368714,0.5561325996135695,0.5416666666666666,5.968519084105844,0.7902428660657924,19.21547087231386,1.2754083507094145,0.003071677827577668,0,0.05732186778343351,-0.007048252879186201,-0.1806097870759018,-0.0052564433725430515,drop,drop,871.0735728090003,,Wind at kickoff,Mean wind and max gust (mph) over the game's first three hours; 0 in a dome.
20261001154423,2026-10-01 15:44:23.140979+00,v2.0,fx1.0,wind,intermediate.int_player_week_weather,"wx_wind_mph,wx_gust_mph,wx_windy","2023,2024,2025",2016-2024,cb461af0c56b4811,QB,1389709692405551104,2025,18,677,0.5278140279547292,0.48148148148148145,6.037221106455695,0.7585848223829139,18.184183394219975,1.2826990121796944,0.5352093003571752,0.5138888888888888,6.035030058329808,0.7561931599873815,18.28492217449843,1.2794175833228147,-0.007395272402445974,-0.032407407407407385,0.002191048125886219,0.0023916623955324567,-0.10073878027845495,0.0032814288568796535,drop,drop,871.0735728090003,,Wind at kickoff,Mean wind and max gust (mph) over the game's first three hours; 0 in a dome.
20261001154423,2026-10-01 15:44:23.140979+00,v2.0,fx1.0,wind,intermediate.int_player_week_weather,"wx_wind_mph,wx_gust_mph,wx_windy","2023,2024,2025",2016-2022,cb461af0c56b4811,RB,1321941740235550720,2023,18,1482,0.6791221829023341,0.6296296296296297,4.569613372772478,0.8246236600909201,14.288951730881848,1.02731720545848,0.6789541487937356,0.625,4.565048339555861,0.8228197362354811,14.326257632153418,1.0210909471159724,0.00016803410859844714,0.00462962962962965,0.004565033216617387,0.001803923855439038,-0.0373059012715693,0.006226258342507673,drop,drop,871.0735728090003,,Wind at kickoff,Mean wind and max gust (mph) over the game's first three hours; 0 in a dome.
20261001154423,2026-10-01 15:44:23.140979+00,v2.0,fx1.0,wind,intermediate.int_player_week_weather,"wx_wind_mph,wx_gust_mph,wx_windy","2023,2024,2025",2016-2023,cb461af0c56b4811,RB,1321941740235550720,2024,18,1495,0.6836469243251437,0.6759259259259259,4.707784238686156,0.7880470784798742,14.79856985620525,1.019025619039196,0.683982337730687,0.6736111111111112,4.709033406682767,0.7849798036617669,14.778347489149919,1.0140256700401826,-0.00033541340554321675,0.0023148148148147696,-0.0012491679966109004,0.003067274818107313,0.020222367055330537,0.004999948999013348,drop,drop,871.0735728090003,,Wind at kickoff,Mean wind and max gust (mph) over the game's first three hours; 0 in a dome.
20261001154423,2026-10-01 15:44:23.140979+00,v2.0,fx1.0,wind,intermediate.int_player_week_weather,"wx_wind_mph,wx_gust_mph,wx_windy","2023,2024,2025",2016-2024,cb461af0c56b4811,RB,1321941740235550720,2025,18,1518,0.6943582419911025,0.6342592592592592,4.747510231448036,0.780970090210646,14.365592957343024,1.0477099184254364,0.6950103969394773,0.6365740740740741,4.747744357797661,0.7855412596247372,14.36464541810875,1.046606036495452,-0.0006521549483747835,-0.0023148148148148806,-0.00023412634962483025,-0.004571169414091192,0.0009475392342732647,0.0011038819299844516,drop,drop,871.0735728090003,,Wind at kickoff,Mean wind and max gust (mph) over the game's first three hours; 0 in a dome.
20261001154423,2026-10-01 15:44:23.140979+00,v2.0,fx1.0,wind,intermediate.int_player_week_weather,"wx_wind_mph,wx_gust_mph,wx_windy","2023,2024,2025",2016-2022,cb461af0c56b4811,RB,1389709692405551104,2023,18,1482,0.6758429946534922,0.6111111111111112,4.122366512506445,0.815854142386053,12.267763199280045,0.9081425335858635,0.6756450176028727,0.6064814814814814,4.117502283433733,0.8174518733456249,12.449043123468384,0.9050705985700918,0.00019797705061952442,0.004629629629629761,0.004864229072711446,-0.0015977309595718303,-0.18127992418833827,0.003071935015771743,drop,drop,871.0735728090003,,Wind at kickoff,Mean wind and max gust (mph) over the game's first three hours; 0 in a dome.
20261001154423,2026-10-01 15:44:23.140979+00,v2.0,fx1.0,wind,intermediate.int_player_week_weather,"wx_wind_mph,wx_gust_mph,wx_windy","2023,2024,2025",2016-2023,cb461af0c56b4811,RB,1389709692405551104,2024,18,1495,0.6768534549064599,0.6550925925925926,4.2256556647550125,0.795224464226197,13.107003650280415,0.906462491152841,0.6760537172860128,0.6574074074074074,4.228841728668209,0.8025266257202242,13.044841079231357,0.9064258267080072,0.0007997376204470497,-0.0023148148148148806,-0.003186063913196868,-0.007302161494027182,0.06216257104905765,3.6664444833856e-05,drop,drop,871.0735728090003,,Wind at kickoff,Mean wind and max gust (mph) over the game's first three hours; 0 in a dome.
20261001154423,2026-10-01 15:44:23.140979+00,v2.0,fx1.0,wind,intermediate.int_player_week_weather,"wx_wind_mph,wx_gust_mph,wx_windy","2023,2024,2025",2016-2024,cb461af0c56b4811,RB,1389709692405551104,2025,18,1518,0.6909409067149784,0.6226851851851852,4.290388188692165,0.776638237070168,12.658470294527971,0.9350098793646782,0.6908815711950581,0.6134259259259259,4.282656131176271,0.7755417665473705,12.727053613563863,0.932001735176007,5.933551992032271e-05,0.0092592592592593,0.00773205751589412,0.001096470522797488,-0.06858331903589132,0.0030081441886711247,drop,drop,871.0735728090003,,Wind at kickoff,Mean wind and max gust (mph) over the game's first three hours; 0 in a dome.
20261001154423,2026-10-01 15:44:23.140979+00,v2.0,fx1.0,wind,intermediate.int_player_week_weather,"wx_wind_mph,wx_gust_mph,wx_windy","2023,2024,2025",2016-2022,cb461af0c56b4811,TE,1321941740235550720,2023,18,1177,0.5746483912326469,0.5185185185185186,3.4104131674045304,0.8156702690537738,10.593299664456605,0.7580231301035174,0.5731549358489271,0.5138888888888888,3.404402167383241,0.8034886757774902,10.492863184652377,0.7471459897645805,0.0014934553837198106,0.004629629629629761,0.006011000021289181,0.012181593276283653,0.10043647980422854,0.010877140338936941,drop,drop,871.0735728090003,,Wind at kickoff,Mean wind and max gust (mph) over the game's first three hours; 0 in a dome.
20261001154423,2026-10-01 15:44:23.140979+00,v2.0,fx1.0,wind,intermediate.int_player_week_weather,"wx_wind_mph,wx_gust_mph,wx_windy","2023,2024,2025",2016-2023,cb461af0c56b4811,TE,1321941740235550720,2024,18,1221,0.5703270388743888,0.46759259259259256,3.6051455388157927,0.7933605891783526,10.398301334589428,0.7977204616551232,0.574264077708444,0.4583333333333333,3.59539965470318,0.7743029055589911,10.206185491509853,0.7903953884216951,-0.003937038834055162,0.009259259259259245,0.009745884112612568,0.019057683619361554,0.1921158430795753,0.0073250732334281254,drop,drop,871.0735728090003,,Wind at kickoff,Mean wind and max gust (mph) over the game's first three hours; 0 in a dome.
20261001154423,2026-10-01 15:44:23.140979+00,v2.0,fx1.0,wind,intermediate.int_player_week_weather,"wx_wind_mph,wx_gust_mph,wx_windy","2023,2024,2025",2016-2024,cb461af0c56b4811,TE,1321941740235550720,2025,18,1268,0.6282846773364124,0.4351851851851852,3.5083886145836285,0.8236146039092928,10.155669149301612,0.7975425834936148,0.6253565710969989,0.4212962962962963,3.5060303412258347,0.8274175947019309,10.087548898832267,0.8008154658194906,0.0029281062394134194,0.013888888888888895,0.0023582733577938164,-0.003802990792638128,0.06812025046934522,-0.003272882325875748,drop,drop,871.0735728090003,,Wind at kickoff,Mean wind and max gust (mph) over the game's first three hours; 0 in a dome.
20261001154423,2026-10-01 15:44:23.140979+00,v2.0,fx1.0,wind,intermediate.int_player_week_weather,"wx_wind_mph,wx_gust_mph,wx_windy","2023,2024,2025",2016-2022,cb461af0c56b4811,TE,1389709692405551104,2023,18,1177,0.5512516536134354,0.48148148148148145,2.8619639271537434,0.8174795858885519,8.878032083269975,0.6376118117473737,0.5526674547558043,0.48148148148148145,2.8536294975103322,0.8104562828686124,8.769791614718581,0.6359043614952173,-0.0014158011423688333,0,0.008334429643411134,0.007023303019939475,0.10824046855139358,0.0017074502521563506,drop,drop,871.0735728090003,,Wind at kickoff,Mean wind and max gust (mph) over the game's first three hours; 0 in a dome.
20261001154423,2026-10-01 15:44:23.140979+00,v2.0,fx1.0,wind,intermediate.int_player_week_weather,"wx_wind_mph,wx_gust_mph,wx_windy","2023,2024,2025",2016-2023,cb461af0c56b4811,TE,1389709692405551104,2024,18,1221,0.5572809381476027,0.41203703703703703,3.0033104366825865,0.8035075987915232,8.6259468694688,0.6571476799501391,0.5598785707889994,0.4212962962962963,2.995168113013023,0.8091092743419375,8.61647263454671,0.654603840250283,-0.0025976326413966744,-0.009259259259259245,0.008142323669563467,-0.005601675550414242,0.009474234922089764,0.002543839699856165,drop,drop,871.0735728090003,,Wind at kickoff,Mean wind and max gust (mph) over the game's first three hours; 0 in a dome.
20261001154423,2026-10-01 15:44:23.140979+00,v2.0,fx1.0,wind,intermediate.int_player_week_weather,"wx_wind_mph,wx_gust_mph,wx_windy","2023,2024,2025",2016-2024,cb461af0c56b4811,TE,1389709692405551104,2025,18,1268,0.6136785150619356,0.41203703703703703,2.984632122678461,0.8238261503451937,8.388550765396012,0.6844610063017375,0.6114816218323065,0.39814814814814814,2.9795136555105186,0.8302488484538157,8.566879777547221,0.6825983815690715,0.0021968932296291266,0.013888888888888895,0.005118467167942509,-0.00642269810862206,-0.17832901215120955,0.0018626247326659628,drop,drop,871.0735728090003,,Wind at kickoff,Mean wind and max gust (mph) over the game's first three hours; 0 in a dome.
20261001154423,2026-10-01 15:44:23.140979+00,v2.0,fx1.0,wind,intermediate.int_player_week_weather,"wx_wind_mph,wx_gust_mph,wx_windy","2023,2024,2025",2016-2022,cb461af0c56b4811,WR,1321941740235550720,2023,18,2393,0.6398892973578091,0.4930555555555556,4.81710924102743,0.8194362254483013,14.954428024658178,1.0577524412620296,0.6392918990013178,0.5,4.844521808613023,0.8276029070508462,15.19898926672618,1.063735644351547,0.0005973983564913077,-0.00694444444444442,-0.02741256758559274,-0.008166681602544856,-0.24456124206800212,-0.005983203089517497,drop,drop,871.0735728090003,,Wind at kickoff,Mean wind and max gust (mph) over the game's first three hours; 0 in a dome.
20261001154423,2026-10-01 15:44:23.140979+00,v2.0,fx1.0,wind,intermediate.int_player_week_weather,"wx_wind_mph,wx_gust_mph,wx_windy","2023,2024,2025",2016-2023,cb461af0c56b4811,WR,1321941740235550720,2024,18,2355,0.6386082558345005,0.462962962962963,4.919306243473964,0.7897621964594869,15.009940456844825,1.089988072463624,0.6392689713644507,0.46759259259259256,4.915209595301268,0.810699347029401,15.29574342823534,1.0888242050914194,-0.0006607155299501732,-0.004629629629629539,0.004096648172696504,-0.020937150569914187,-0.285802971390515,0.00116386737220453,drop,drop,871.0735728090003,,Wind at kickoff,Mean wind and max gust (mph) over the game's first three hours; 0 in a dome.
20261001154423,2026-10-01 15:44:23.140979+00,v2.0,fx1.0,wind,intermediate.int_player_week_weather,"wx_wind_mph,wx_gust_mph,wx_windy","2023,2024,2025",2016-2024,cb461af0c56b4811,WR,1321941740235550720,2025,18,2366,0.6151054419485165,0.4722222222222222,4.611977981945355,0.8049661732188422,14.573572083690001,0.9904051115978435,0.6152386686159024,0.4791666666666667,4.600664516848402,0.8144156378966352,14.616042607224918,0.9901513399339991,-0.0001332266673859106,-0.006944444444444475,0.011313465096952413,-0.009449464677792951,-0.04247052353491654,0.0002537716638444376,drop,drop,871.0735728090003,,Wind at kickoff,Mean wind and max gust (mph) over the game's first three hours; 0 in a dome.
20261001154423,2026-10-01 15:44:23.140979+00,v2.0,fx1.0,wind,intermediate.int_player_week_weather,"wx_wind_mph,wx_gust_mph,wx_windy","2023,2024,2025",2016-2022,cb461af0c56b4811,WR,1389709692405551104,2023,18,2393,0.6254886939632465,0.48148148148148145,4.027314235391267,0.8144780320116357,12.584666546622415,0.8768917088823868,0.6246061268487013,0.48379629629629634,4.051944662215899,0.8202839699817535,12.623847439187115,0.8785657701147183,0.0008825671145451519,-0.0023148148148148806,-0.02463042682463179,-0.005805937970117747,-0.03918089256469948,-0.0016740612323314918,drop,drop,871.0735728090003,,Wind at kickoff,Mean wind and max gust (mph) over the game's first three hours; 0 in a dome.
20261001154423,2026-10-01 15:44:23.140979+00,v2.0,fx1.0,wind,intermediate.int_player_week_weather,"wx_wind_mph,wx_gust_mph,wx_windy","2023,2024,2025",2016-2023,cb461af0c56b4811,WR,1389709692405551104,2024,18,2355,0.6259866534537623,0.474537037037037,4.11881545210776,0.7968843602216948,12.438920507870032,0.8979603292492109,0.6258058683032384,0.4722222222222222,4.111022234789733,0.8081891862346062,12.567916698188661,0.896932017486602,0.00018078515052388777,0.0023148148148147696,0.007793217318027068,-0.011304826012911384,-0.1289961903186292,0.001028311762608869,drop,drop,871.0735728090003,,Wind at kickoff,Mean wind and max gust (mph) over the game's first three hours; 0 in a dome.
20261001154423,2026-10-01 15:44:23.140979+00,v2.0,fx1.0,wind,intermediate.int_player_week_weather,"wx_wind_mph,wx_gust_mph,wx_windy","2023,2024,2025",2016-2024,cb461af0c56b4811,WR,1389709692405551104,2025,18,2366,0.6009625546757028,0.44675925925925924,3.8888318253038463,0.8069535931317575,12.10902809644403,0.8206143173601201,0.60107460697586,0.45370370370370366,3.879997485317312,0.805383548509456,12.202734588861226,0.8249504578006683,-0.00011205230015720602,-0.00694444444444442,0.008834339986534268,0.0015700446223014808,-0.09370649241719597,-0.004336140440548197,drop,drop,871.0735728090003,,Wind at kickoff,Mean wind and max gust (mph) over the game's first three hours; 0 in a dome.
20261001155819,2026-10-01 15:58:19.378986+00,v2.0,fx1.0,temp,intermediate.int_player_week_weather,"wx_temp_f,wx_cold","2023,2024,2025",2016-2022,cb461af0c56b4811,QB,1321941740235550720,2023,18,680,0.538898237859081,0.5324074074074074,8.090924793898573,0.7405089013192161,24.963304174968993,1.6998117418328629,0.5224559100126451,0.49074074074074076,8.118371856627013,0.7275863423148562,24.62127940559263,1.695443064960612,0.016442327846435845,0.041666666666666685,-0.027447062728439775,0.012922559004359901,0.34202476937636206,0.004368676872250843,drop,drop,836.1905421189986,,Temperature at kickoff,Mean temperature (°F) over the game's first three hours and a below-freezing flag; 0 in a dome.
20261001155819,2026-10-01 15:58:19.378986+00,v2.0,fx1.0,temp,intermediate.int_player_week_weather,"wx_temp_f,wx_cold","2023,2024,2025",2016-2023,cb461af0c56b4811,QB,1321941740235550720,2024,18,664,0.5274290691672241,0.5,8.305864943939664,0.7919714896410608,26.894001346312816,1.7996061063851494,0.5378203062561171,0.537037037037037,8.229692708393038,0.7832961972794183,26.710818495105404,1.8015736616536242,-0.010391237088893002,-0.03703703703703698,0.07617223554662544,0.00867529236164244,0.1831828512074125,-0.0019675552684748077,drop,drop,836.1905421189986,,Temperature at kickoff,Mean temperature (°F) over the game's first three hours and a below-freezing flag; 0 in a dome.
20261001155819,2026-10-01 15:58:19.378986+00,v2.0,fx1.0,temp,intermediate.int_player_week_weather,"wx_temp_f,wx_cold","2023,2024,2025",2016-2024,cb461af0c56b4811,QB,1321941740235550720,2025,18,677,0.5287975296207812,0.5092592592592592,8.27125332531584,0.7336743990785277,24.639152288889452,1.7716162621629152,0.5234057942815578,0.5,8.278642263988383,0.7411352864589952,24.865893888561384,1.7824104113937187,0.005391735339223436,0.00925925925925919,-0.007388938672542977,-0.0074608873804674625,-0.2267415996719322,-0.010794149230803463,drop,drop,836.1905421189986,,Temperature at kickoff,Mean temperature (°F) over the game's first three hours and a below-freezing flag; 0 in a dome.
20261001155819,2026-10-01 15:58:19.378986+00,v2.0,fx1.0,temp,intermediate.int_player_week_weather,"wx_temp_f,wx_cold","2023,2024,2025",2016-2022,cb461af0c56b4811,QB,1389709692405551104,2023,18,680,0.5375916815730475,0.5138888888888888,5.82753448824604,0.7227719696332484,17.67861157381398,1.2297563782900323,0.5256801096145087,0.5092592592592592,5.834538085906659,0.7325778275744548,17.728945478610413,1.221190584290215,0.011911571958538758,0.00462962962962965,-0.0070035976606188655,-0.009805857941206364,-0.05033390479643174,0.008565793999817162,drop,drop,836.1905421189986,,Temperature at kickoff,Mean temperature (°F) over the game's first three hours and a below-freezing flag; 0 in a dome.
20261001155819,2026-10-01 15:58:19.378986+00,v2.0,fx1.0,temp,intermediate.int_player_week_weather,"wx_temp_f,wx_cold","2023,2024,2025",2016-2023,cb461af0c56b4811,QB,1389709692405551104,2024,18,664,0.5494500621721631,0.537037037037037,6.022144893595492,0.7849042668442887,19.005171798199214,1.2781166267039683,0.5561325996135695,0.5416666666666666,5.968519084105844,0.7902428660657924,19.21547087231386,1.2754083507094145,-0.006682537441406455,-0.00462962962962965,0.05362580948964801,-0.005338599221503704,-0.2102990741146442,0.0027082759945538104,drop,drop,836.1905421189986,,Temperature at kickoff,Mean temperature (°F) over the game's first three hours and a below-freezing flag; 0 in a dome.
20261001155819,2026-10-01 15:58:19.378986+00,v2.0,fx1.0,temp,intermediate.int_player_week_weather,"wx_temp_f,wx_cold","2023,2024,2025",2016-2024,cb461af0c56b4811,QB,1389709692405551104,2025,18,677,0.5347447425775385,0.5092592592592592,6.02431825307651,0.7547121626279012,18.25427757823292,1.2824433977704213,0.5352093003571752,0.5138888888888888,6.035030058329808,0.7561931599873815,18.28492217449843,1.2794175833228147,-0.0004645577796367206,-0.00462962962962965,-0.010711805253298401,-0.0014809973594802628,-0.030644596265510415,0.003025814447606523,drop,drop,836.1905421189986,,Temperature at kickoff,Mean temperature (°F) over the game's first three hours and a below-freezing flag; 0 in a dome.
20261001155819,2026-10-01 15:58:19.378986+00,v2.0,fx1.0,temp,intermediate.int_player_week_weather,"wx_temp_f,wx_cold","2023,2024,2025",2016-2022,cb461af0c56b4811,RB,1321941740235550720,2023,18,1482,0.6785482069672772,0.6180555555555556,4.589768372648866,0.8295866684433998,14.319359391306465,1.0216781092097713,0.6789541487937356,0.625,4.565048339555861,0.8228197362354811,14.326257632153418,1.0210909471159724,-0.00040594182645836696,-0.00694444444444442,0.024720033093005078,0.0067669322079186855,-0.006898240846952675,0.000587162093798943,drop,drop,836.1905421189986,,Temperature at kickoff,Mean temperature (°F) over the game's first three hours and a below-freezing flag; 0 in a dome.
20261001155819,2026-10-01 15:58:19.378986+00,v2.0,fx1.0,temp,intermediate.int_player_week_weather,"wx_temp_f,wx_cold","2023,2024,2025",2016-2023,cb461af0c56b4811,RB,1321941740235550720,2024,18,1495,0.6845389096274279,0.6736111111111112,4.714430788966442,0.8093740974393542,14.858770442298098,1.0150466536061982,0.683982337730687,0.6736111111111112,4.709033406682767,0.7849798036617669,14.778347489149919,1.0140256700401826,0.000556571896740965,0,0.005397382283674368,0.024394293777587284,0.08042295314817949,0.001020983566015543,drop,drop,836.1905421189986,,Temperature at kickoff,Mean temperature (°F) over the game's first three hours and a below-freezing flag; 0 in a dome.
20261001155819,2026-10-01 15:58:19.378986+00,v2.0,fx1.0,temp,intermediate.int_player_week_weather,"wx_temp_f,wx_cold","2023,2024,2025",2016-2024,cb461af0c56b4811,RB,1321941740235550720,2025,18,1518,0.6926008563377002,0.6365740740740741,4.733459030882863,0.7885725699550284,14.258408100748381,1.0429976251191975,0.6950103969394773,0.6365740740740741,4.747744357797661,0.7855412596247372,14.36464541810875,1.046606036495452,-0.002409540601777116,0,-0.014285326914797558,0.003031310330291248,-0.10623731736036923,-0.00360841137625445,drop,drop,836.1905421189986,,Temperature at kickoff,Mean temperature (°F) over the game's first three hours and a below-freezing flag; 0 in a dome.
20261001155819,2026-10-01 15:58:19.378986+00,v2.0,fx1.0,temp,intermediate.int_player_week_weather,"wx_temp_f,wx_cold","2023,2024,2025",2016-2022,cb461af0c56b4811,RB,1389709692405551104,2023,18,1482,0.6746068363051076,0.6064814814814814,4.144739674124224,0.8226460897008708,12.909099758324864,0.9098191170835224,0.6756450176028727,0.6064814814814814,4.117502283433733,0.8174518733456249,12.449043123468384,0.9050705985700918,-0.0010381812977650062,0,0.027237390690491026,0.005194216355245973,0.4600566348564801,0.004748518513430611,drop,drop,836.1905421189986,,Temperature at kickoff,Mean temperature (°F) over the game's first three hours and a below-freezing flag; 0 in a dome.
20261001155819,2026-10-01 15:58:19.378986+00,v2.0,fx1.0,temp,intermediate.int_player_week_weather,"wx_temp_f,wx_cold","2023,2024,2025",2016-2023,cb461af0c56b4811,RB,1389709692405551104,2024,18,1495,0.6767519927323379,0.6597222222222222,4.2285001289970285,0.7876707403093268,13.123394313760423,0.9040838878261892,0.6760537172860128,0.6574074074074074,4.228841728668209,0.8025266257202242,13.044841079231357,0.9064258267080072,0.0006982754463250584,0.0023148148148147696,-0.0003415996711808589,-0.01485588541089733,0.07855323452906582,-0.0023419388818179954,drop,drop,836.1905421189986,,Temperature at kickoff,Mean temperature (°F) over the game's first three hours and a below-freezing flag; 0 in a dome.
20261001155819,2026-10-01 15:58:19.378986+00,v2.0,fx1.0,temp,intermediate.int_player_week_weather,"wx_temp_f,wx_cold","2023,2024,2025",2016-2024,cb461af0c56b4811,RB,1389709692405551104,2025,18,1518,0.6896522836961065,0.6226851851851852,4.276505574799845,0.7859948480098633,12.874868401378016,0.935069346327185,0.6908815711950581,0.6134259259259259,4.282656131176271,0.7755417665473705,12.727053613563863,0.932001735176007,-0.00122928749895157,0.0092592592592593,-0.006150556376425698,0.010453081462492797,0.1478147878141538,0.003067611151177929,drop,drop,836.1905421189986,,Temperature at kickoff,Mean temperature (°F) over the game's first three hours and a below-freezing flag; 0 in a dome.
20261001155819,2026-10-01 15:58:19.378986+00,v2.0,fx1.0,temp,intermediate.int_player_week_weather,"wx_temp_f,wx_cold","2023,2024,2025",2016-2022,cb461af0c56b4811,TE,1321941740235550720,2023,18,1177,0.5748246906391301,0.5231481481481481,3.4163317134612643,0.8207250032969685,10.472619943767972,0.755929797157521,0.5731549358489271,0.5138888888888888,3.404402167383241,0.8034886757774902,10.492863184652377,0.7471459897645805,0.0016697547902030374,0.0092592592592593,0.011929546078023101,0.017236327519478345,-0.020243240884404656,0.00878380739294049,drop,drop,836.1905421189986,,Temperature at kickoff,Mean temperature (°F) over the game's first three hours and a below-freezing flag; 0 in a dome.
20261001155819,2026-10-01 15:58:19.378986+00,v2.0,fx1.0,temp,intermediate.int_player_week_weather,"wx_temp_f,wx_cold","2023,2024,2025",2016-2023,cb461af0c56b4811,TE,1321941740235550720,2024,18,1221,0.5689566406805953,0.462962962962963,3.6140499461518334,0.7992142321207414,10.484873849938198,0.7930562383663662,0.574264077708444,0.4583333333333333,3.59539965470318,0.7743029055589911,10.206185491509853,0.7903953884216951,-0.005307437027848749,0.004629629629629706,0.018650291448653267,0.024911326561750324,0.2786883584283455,0.0026608499446710843,drop,drop,836.1905421189986,,Temperature at kickoff,Mean temperature (°F) over the game's first three hours and a below-freezing flag; 0 in a dome.
20261001155819,2026-10-01 15:58:19.378986+00,v2.0,fx1.0,temp,intermediate.int_player_week_weather,"wx_temp_f,wx_cold","2023,2024,2025",2016-2024,cb461af0c56b4811,TE,1321941740235550720,2025,18,1268,0.625906682906225,0.4305555555555556,3.5132817209083407,0.8283731588413787,10.14628723267671,0.8063359268305488,0.6253565710969989,0.4212962962962963,3.5060303412258347,0.8274175947019309,10.087548898832267,0.8008154658194906,0.0005501118092260393,0.0092592592592593,0.007251379682505998,0.000955564139447862,0.0587383338444436,0.005520461011058186,drop,drop,836.1905421189986,,Temperature at kickoff,Mean temperature (°F) over the game's first three hours and a below-freezing flag; 0 in a dome.
20261001155819,2026-10-01 15:58:19.378986+00,v2.0,fx1.0,temp,intermediate.int_player_week_weather,"wx_temp_f,wx_cold","2023,2024,2025",2016-2022,cb461af0c56b4811,TE,1389709692405551104,2023,18,1177,0.551698267081973,0.4861111111111111,2.868368474468758,0.8179799347813685,8.827916746321685,0.6419296445740298,0.5526674547558043,0.48148148148148145,2.8536294975103322,0.8104562828686124,8.769791614718581,0.6359043614952173,-0.000969187673831251,0.00462962962962965,0.014738976958425631,0.0075236519127561685,0.05812513160310395,0.006025283078812449,drop,drop,836.1905421189986,,Temperature at kickoff,Mean temperature (°F) over the game's first three hours and a below-freezing flag; 0 in a dome.
20261001155819,2026-10-01 15:58:19.378986+00,v2.0,fx1.0,temp,intermediate.int_player_week_weather,"wx_temp_f,wx_cold","2023,2024,2025",2016-2023,cb461af0c56b4811,TE,1389709692405551104,2024,18,1221,0.5532314763052999,0.4305555555555556,3.014389765265114,0.8113953683422512,8.702578291784034,0.6545455572442566,0.5598785707889994,0.4212962962962963,2.995168113013023,0.8091092743419375,8.61647263454671,0.654603840250283,-0.006647094483699489,0.0092592592592593,0.019221652252090937,0.0022860940003137653,0.086105657237324,-5.828300602639391e-05,drop,drop,836.1905421189986,,Temperature at kickoff,Mean temperature (°F) over the game's first three hours and a below-freezing flag; 0 in a dome.
20261001155819,2026-10-01 15:58:19.378986+00,v2.0,fx1.0,temp,intermediate.int_player_week_weather,"wx_temp_f,wx_cold","2023,2024,2025",2016-2024,cb461af0c56b4811,TE,1389709692405551104,2025,18,1268,0.610859963966743,0.3935185185185185,2.986063193657624,0.8245964683907298,8.461865008070234,0.6821152424992777,0.6114816218323065,0.39814814814814814,2.9795136555105186,0.8302488484538157,8.566879777547221,0.6825983815690715,-0.0006216578655634519,-0.00462962962962965,0.006549538147105238,-0.005652380063085993,-0.10501476947698762,-0.00048313906979380317,drop,drop,836.1905421189986,,Temperature at kickoff,Mean temperature (°F) over the game's first three hours and a below-freezing flag; 0 in a dome.
20261001155819,2026-10-01 15:58:19.378986+00,v2.0,fx1.0,temp,intermediate.int_player_week_weather,"wx_temp_f,wx_cold","2023,2024,2025",2016-2022,cb461af0c56b4811,WR,1321941740235550720,2023,18,2393,0.6390679672089071,0.5046296296296297,4.831499112497118,0.8299493901767067,15.070767847634139,1.0609422343902992,0.6392918990013178,0.5,4.844521808613023,0.8276029070508462,15.19898926672618,1.063735644351547,-0.00022393179241064765,0.00462962962962965,-0.013022696115904786,0.002346483125860499,-0.128221419092041,-0.0027934099612478835,drop,drop,836.1905421189986,,Temperature at kickoff,Mean temperature (°F) over the game's first three hours and a below-freezing flag; 0 in a dome.
20261001155819,2026-10-01 15:58:19.378986+00,v2.0,fx1.0,temp,intermediate.int_player_week_weather,"wx_temp_f,wx_cold","2023,2024,2025",2016-2023,cb461af0c56b4811,WR,1321941740235550720,2024,18,2355,0.6386100344516802,0.4652777777777778,4.908759103145752,0.8030099241024686,15.134826271648352,1.0842193003893428,0.6392689713644507,0.46759259259259256,4.915209595301268,0.810699347029401,15.29574342823534,1.0888242050914194,-0.0006589369127705247,-0.0023148148148147696,-0.006450492155515519,-0.007689422926932421,-0.16091715658698824,-0.00460490470207664,drop,drop,836.1905421189986,,Temperature at kickoff,Mean temperature (°F) over the game's first three hours and a below-freezing flag; 0 in a dome.
20261001155819,2026-10-01 15:58:19.378986+00,v2.0,fx1.0,temp,intermediate.int_player_week_weather,"wx_temp_f,wx_cold","2023,2024,2025",2016-2024,cb461af0c56b4811,WR,1321941740235550720,2025,18,2366,0.6164268494965072,0.48148148148148145,4.609285846337217,0.8102440117854358,14.552632027285492,0.9932621450171654,0.6152386686159024,0.4791666666666667,4.600664516848402,0.8144156378966352,14.616042607224918,0.9901513399339991,0.0011881808806047944,0.0023148148148147696,0.008621329488814666,-0.004171626111199367,-0.06341057993942556,0.0031108050831663014,drop,drop,836.1905421189986,,Temperature at kickoff,Mean temperature (°F) over the game's first three hours and a below-freezing flag; 0 in a dome.
20261001155819,2026-10-01 15:58:19.378986+00,v2.0,fx1.0,temp,intermediate.int_player_week_weather,"wx_temp_f,wx_cold","2023,2024,2025",2016-2022,cb461af0c56b4811,WR,1389709692405551104,2023,18,2393,0.6236320418275954,0.4861111111111111,4.04319936022724,0.823332603535224,12.543766589080892,0.8772892847525262,0.6246061268487013,0.48379629629629634,4.051944662215899,0.8202839699817535,12.623847439187115,0.8785657701147183,-0.0009740850211059637,0.0023148148148147696,-0.008745301988659193,0.0030486335534705145,-0.08008085010622246,-0.001276485362192048,drop,drop,836.1905421189986,,Temperature at kickoff,Mean temperature (°F) over the game's first three hours and a below-freezing flag; 0 in a dome.
20261001155819,2026-10-01 15:58:19.378986+00,v2.0,fx1.0,temp,intermediate.int_player_week_weather,"wx_temp_f,wx_cold","2023,2024,2025",2016-2023,cb461af0c56b4811,WR,1389709692405551104,2024,18,2355,0.6249990882629173,0.46759259259259256,4.106178730150416,0.798638585787052,12.525038149329237,0.8981704838659103,0.6258058683032384,0.4722222222222222,4.111022234789733,0.8081891862346062,12.567916698188661,0.896932017486602,-0.0008067800403210867,-0.00462962962962965,-0.004843504639317153,-0.00955060044755418,-0.04287854885942366,0.001238466379308245,drop,drop,836.1905421189986,,Temperature at kickoff,Mean temperature (°F) over the game's first three hours and a below-freezing flag; 0 in a dome.
20261001155819,2026-10-01 15:58:19.378986+00,v2.0,fx1.0,temp,intermediate.int_player_week_weather,"wx_temp_f,wx_cold","2023,2024,2025",2016-2024,cb461af0c56b4811,WR,1389709692405551104,2025,18,2366,0.6016152319147174,0.45370370370370366,3.8901512573535624,0.8193371119025683,12.089558894403119,0.8233627703439284,0.60107460697586,0.45370370370370366,3.879997485317312,0.805383548509456,12.202734588861226,0.8249504578006683,0.0005406249388574258,0,0.010153772036250341,0.013953563393112267,-0.11317569445810705,-0.0015876874567399835,drop,drop,836.1905421189986,,Temperature at kickoff,Mean temperature (°F) over the game's first three hours and a below-freezing flag; 0 in a dome.
20261001161346,2026-10-01 16:13:46.775654+00,v2.0,fx1.0,dome,intermediate.int_player_week_weather,wx_dome,"2023,2024,2025",2016-2022,cb461af0c56b4811,QB,1321941740235550720,2023,18,680,0.5246702270197828,0.5092592592592592,8.099822799408372,0.7289683769726997,24.715172793223516,1.717058969870835,0.5224559100126451,0.49074074074074076,8.118371856627013,0.7275863423148562,24.62127940559263,1.695443064960612,0.0022143170071377005,0.018518518518518434,-0.01854905721864064,0.0013820346578434783,0.09389338763088517,0.021615904910222916,drop,drop,927.339600284,,Dome or closed roof,"Fixed dome, or a retractable roof that is closed (undecided counts as closed)."
20261001161346,2026-10-01 16:13:46.775654+00,v2.0,fx1.0,dome,intermediate.int_player_week_weather,wx_dome,"2023,2024,2025",2016-2023,cb461af0c56b4811,QB,1321941740235550720,2024,18,664,0.5325135047715327,0.5277777777777778,8.28102535078104,0.7833191590219363,26.536190661720426,1.7987094237085435,0.5378203062561171,0.537037037037037,8.229692708393038,0.7832961972794183,26.710818495105404,1.8015736616536242,-0.0053068014845844,-0.00925925925925919,0.05133264238800095,2.2961742517924044e-05,-0.174627833384978,-0.0028642379450807276,drop,drop,927.339600284,,Dome or closed roof,"Fixed dome, or a retractable roof that is closed (undecided counts as closed)."
20261001161346,2026-10-01 16:13:46.775654+00,v2.0,fx1.0,dome,intermediate.int_player_week_weather,wx_dome,"2023,2024,2025",2016-2024,cb461af0c56b4811,QB,1321941740235550720,2025,18,677,0.5320180778815812,0.5046296296296297,8.269207555009213,0.7415111197201264,24.951235994908522,1.7661026200239194,0.5234057942815578,0.5,8.278642263988383,0.7411352864589952,24.865893888561384,1.7824104113937187,0.008612283600023418,0.00462962962962965,-0.009434708979169315,0.00037583326113121984,0.08534210634713801,-0.016307791369799318,drop,drop,927.339600284,,Dome or closed roof,"Fixed dome, or a retractable roof that is closed (undecided counts as closed)."
20261001161346,2026-10-01 16:13:46.775654+00,v2.0,fx1.0,dome,intermediate.int_player_week_weather,wx_dome,"2023,2024,2025",2016-2022,cb461af0c56b4811,QB,1389709692405551104,2023,18,680,0.525647477243794,0.5092592592592592,5.822363798759938,0.7367074022930258,18.04220350985018,1.2204777026564722,0.5256801096145087,0.5092592592592592,5.834538085906659,0.7325778275744548,17.728945478610413,1.221190584290215,-3.263237071471359e-05,0,-0.01217428714672053,0.004129574718571005,0.3132580312397657,-0.0007128816337429456,drop,drop,927.339600284,,Dome or closed roof,"Fixed dome, or a retractable roof that is closed (undecided counts as closed)."
20261001161346,2026-10-01 16:13:46.775654+00,v2.0,fx1.0,dome,intermediate.int_player_week_weather,wx_dome,"2023,2024,2025",2016-2023,cb461af0c56b4811,QB,1389709692405551104,2024,18,664,0.5512351654273837,0.537037037037037,6.024057222497867,0.7854791169859424,19.144332275489187,1.2760915736944487,0.5561325996135695,0.5416666666666666,5.968519084105844,0.7902428660657924,19.21547087231386,1.2754083507094145,-0.004897434186185823,-0.00462962962962965,0.055538138392023484,-0.004763749079849999,-0.07113859682467094,0.0006832229850342042,drop,drop,927.339600284,,Dome or closed roof,"Fixed dome, or a retractable roof that is closed (undecided counts as closed)."
20261001161346,2026-10-01 16:13:46.775654+00,v2.0,fx1.0,dome,intermediate.int_player_week_weather,wx_dome,"2023,2024,2025",2016-2024,cb461af0c56b4811,QB,1389709692405551104,2025,18,677,0.5371533004306525,0.5092592592592592,6.03194177404573,0.7557036417443803,18.44222765545303,1.2773674426586041,0.5352093003571752,0.5138888888888888,6.035030058329808,0.7561931599873815,18.28492217449843,1.2794175833228147,0.001944000073477281,-0.00462962962962965,-0.0030882842840780356,-0.0004895182430011413,0.1573054809546015,-0.002050140664210609,drop,drop,927.339600284,,Dome or closed roof,"Fixed dome, or a retractable roof that is closed (undecided counts as closed)."
20261001161346,2026-10-01 16:13:46.775654+00,v2.0,fx1.0,dome,intermediate.int_player_week_weather,wx_dome,"2023,2024,2025",2016-2022,cb461af0c56b4811,RB,1321941740235550720,2023,18,1482,0.6783931566823413,0.6203703703703703,4.57310506260676,0.8297040362605341,14.362140030581312,1.0173442793128897,0.6789541487937356,0.625,4.565048339555861,0.8228197362354811,14.326257632153418,1.0210909471159724,-0.0005609921113942651,-0.00462962962962965,0.008056723050898995,0.006884300025053025,0.0358823984278942,-0.0037466678030826372,drop,drop,927.339600284,,Dome or closed roof,"Fixed dome, or a retractable roof that is closed (undecided counts as closed)."
20261001161346,2026-10-01 16:13:46.775654+00,v2.0,fx1.0,dome,intermediate.int_player_week_weather,wx_dome,"2023,2024,2025",2016-2023,cb461af0c56b4811,RB,1321941740235550720,2024,18,1495,0.6828558002634573,0.6782407407407408,4.721287303546658,0.7987969843963456,14.840461298680005,1.0146297956756904,0.683982337730687,0.6736111111111112,4.709033406682767,0.7849798036617669,14.778347489149919,1.0140256700401826,-0.0011265374672296824,0.00462962962962965,0.012253896863891,0.013817180734578716,0.06211380953008572,0.0006041256355078239,drop,drop,927.339600284,,Dome or closed roof,"Fixed dome, or a retractable roof that is closed (undecided counts as closed)."
20261001161346,2026-10-01 16:13:46.775654+00,v2.0,fx1.0,dome,intermediate.int_player_week_weather,wx_dome,"2023,2024,2025",2016-2024,cb461af0c56b4811,RB,1321941740235550720,2025,18,1518,0.6940690977374409,0.6342592592592592,4.73981726925705,0.7863887926873485,14.289192228582465,1.0438306980360843,0.6950103969394773,0.6365740740740741,4.747744357797661,0.7855412596247372,14.36464541810875,1.046606036495452,-0.0009412992020364497,-0.0023148148148148806,-0.00792708854061086,0.0008475330626113164,-0.07545318952628577,-0.0027753384593676156,drop,drop,927.339600284,,Dome or closed roof,"Fixed dome, or a retractable roof that is closed (undecided counts as closed)."
20261001161346,2026-10-01 16:13:46.775654+00,v2.0,fx1.0,dome,intermediate.int_player_week_weather,wx_dome,"2023,2024,2025",2016-2022,cb461af0c56b4811,RB,1389709692405551104,2023,18,1482,0.6755316293758639,0.6041666666666666,4.122940224162753,0.821188252119263,12.551798001717561,0.9087972001508364,0.6756450176028727,0.6064814814814814,4.117502283433733,0.8174518733456249,12.449043123468384,0.9050705985700918,-0.0001133882270087927,-0.0023148148148147696,0.005437940729019708,0.0037363787736381937,0.1027548782491774,0.0037266015807446706,drop,drop,927.339600284,,Dome or closed roof,"Fixed dome, or a retractable roof that is closed (undecided counts as closed)."
20261001161346,2026-10-01 16:13:46.775654+00,v2.0,fx1.0,dome,intermediate.int_player_week_weather,wx_dome,"2023,2024,2025",2016-2023,cb461af0c56b4811,RB,1389709692405551104,2024,18,1495,0.6753674605014425,0.6550925925925926,4.239868025897952,0.7950617497724571,13.072495397228032,0.9008128658728641,0.6760537172860128,0.6574074074074074,4.228841728668209,0.8025266257202242,13.044841079231357,0.9064258267080072,-0.0006862567845703493,-0.0023148148148148806,0.011026297229742354,-0.0074648759477670135,0.027654317996674393,-0.005612960835143066,drop,drop,927.339600284,,Dome or closed roof,"Fixed dome, or a retractable roof that is closed (undecided counts as closed)."
20261001161346,2026-10-01 16:13:46.775654+00,v2.0,fx1.0,dome,intermediate.int_player_week_weather,wx_dome,"2023,2024,2025",2016-2024,cb461af0c56b4811,RB,1389709692405551104,2025,18,1518,0.6897220238893647,0.6180555555555556,4.279241961012922,0.7743240071636452,12.805133223709346,0.9310201846495472,0.6908815711950581,0.6134259259259259,4.282656131176271,0.7755417665473705,12.727053613563863,0.932001735176007,-0.0011595473056934535,0.00462962962962965,-0.003414170163348551,-0.0012177593837252587,0.07807961014548326,-0.0009815505264598734,drop,drop,927.339600284,,Dome or closed roof,"Fixed dome, or a retractable roof that is closed (undecided counts as closed)."
20261001161346,2026-10-01 16:13:46.775654+00,v2.0,fx1.0,dome,intermediate.int_player_week_weather,wx_dome,"2023,2024,2025",2016-2022,cb461af0c56b4811,TE,1321941740235550720,2023,18,1177,0.5716530985555178,0.5092592592592592,3.417521137687963,0.8119859530593916,10.66548167248181,0.7601865571657253,0.5731549358489271,0.5138888888888888,3.404402167383241,0.8034886757774902,10.492863184652377,0.7471459897645805,-0.0015018372934092472,-0.00462962962962965,0.013118970304721866,0.008497277281901416,0.17261848782943368,0.013040567401144787,drop,drop,927.339600284,,Dome or closed roof,"Fixed dome, or a retractable roof that is closed (undecided counts as closed)."
20261001161346,2026-10-01 16:13:46.775654+00,v2.0,fx1.0,dome,intermediate.int_player_week_weather,wx_dome,"2023,2024,2025",2016-2023,cb461af0c56b4811,TE,1321941740235550720,2024,18,1221,0.5680205202250812,0.46759259259259256,3.6056866940306764,0.7875699782498967,10.373504988884989,0.7910019806898378,0.574264077708444,0.4583333333333333,3.59539965470318,0.7743029055589911,10.206185491509853,0.7903953884216951,-0.006243557483362805,0.009259259259259245,0.010287039327496306,0.013267072690905657,0.16731949737513574,0.0006065922681427471,drop,drop,927.339600284,,Dome or closed roof,"Fixed dome, or a retractable roof that is closed (undecided counts as closed)."
20261001161346,2026-10-01 16:13:46.775654+00,v2.0,fx1.0,dome,intermediate.int_player_week_weather,wx_dome,"2023,2024,2025",2016-2024,cb461af0c56b4811,TE,1321941740235550720,2025,18,1268,0.6241526016989378,0.4398148148148148,3.5062000992853894,0.8243783349810017,9.991143603570643,0.8007635071760331,0.6253565710969989,0.4212962962962963,3.5060303412258347,0.8274175947019309,10.087548898832267,0.8008154658194906,-0.001203969398061111,0.018518518518518545,0.00016975805955476986,-0.0030392597209292216,-0.09640529526162389,-5.19586434575281e-05,drop,drop,927.339600284,,Dome or closed roof,"Fixed dome, or a retractable roof that is closed (undecided counts as closed)."
20261001161346,2026-10-01 16:13:46.775654+00,v2.0,fx1.0,dome,intermediate.int_player_week_weather,wx_dome,"2023,2024,2025",2016-2022,cb461af0c56b4811,TE,1389709692405551104,2023,18,1177,0.550799253503076,0.47685185185185186,2.864676563232005,0.8118419049475607,8.751327016139033,0.6396523833536154,0.5526674547558043,0.48148148148148145,2.8536294975103322,0.8104562828686124,8.769791614718581,0.6359043614952173,-0.001868201252728241,-0.004629629629629595,0.011047065721672578,0.0013856220789483231,-0.018464598579548408,0.003748021858398065,drop,drop,927.339600284,,Dome or closed roof,"Fixed dome, or a retractable roof that is closed (undecided counts as closed)."
20261001161346,2026-10-01 16:13:46.775654+00,v2.0,fx1.0,dome,intermediate.int_player_week_weather,wx_dome,"2023,2024,2025",2016-2023,cb461af0c56b4811,TE,1389709692405551104,2024,18,1221,0.5527983502751539,0.4166666666666667,3.002884759817365,0.8093839963698124,8.639183506201261,0.657483789114329,0.5598785707889994,0.4212962962962963,2.995168113013023,0.8091092743419375,8.61647263454671,0.654603840250283,-0.007080220513845492,-0.004629629629629595,0.00771664680434192,0.0002747220278749296,0.022710871654551212,0.002879948864046078,drop,drop,927.339600284,,Dome or closed roof,"Fixed dome, or a retractable roof that is closed (undecided counts as closed)."
20261001161346,2026-10-01 16:13:46.775654+00,v2.0,fx1.0,dome,intermediate.int_player_week_weather,wx_dome,"2023,2024,2025",2016-2024,cb461af0c56b4811,TE,1389709692405551104,2025,18,1268,0.6097010325973348,0.42592592592592593,2.981688914054852,0.8128907603261504,8.381808926671816,0.683640631220537,0.6114816218323065,0.39814814814814814,2.9795136555105186,0.8302488484538157,8.566879777547221,0.6825983815690715,-0.0017805892349717078,0.02777777777777779,0.002175258544333314,-0.017358088127665372,-0.1850708508754053,0.0010422496514654878,drop,drop,927.339600284,,Dome or closed roof,"Fixed dome, or a retractable roof that is closed (undecided counts as closed)."
20261001161346,2026-10-01 16:13:46.775654+00,v2.0,fx1.0,dome,intermediate.int_player_week_weather,wx_dome,"2023,2024,2025",2016-2022,cb461af0c56b4811,WR,1321941740235550720,2023,18,2393,0.6385546762922769,0.49537037037037035,4.854605208475153,0.8222620396966228,15.147521188158358,1.0639242043097445,0.6392918990013178,0.5,4.844521808613023,0.8276029070508462,15.19898926672618,1.063735644351547,-0.0007372227090408634,-0.00462962962962965,0.010083399862129916,-0.005340867354223344,-0.05146807856782232,0.00018855995819744287,drop,drop,927.339600284,,Dome or closed roof,"Fixed dome, or a retractable roof that is closed (undecided counts as closed)."
20261001161346,2026-10-01 16:13:46.775654+00,v2.0,fx1.0,dome,intermediate.int_player_week_weather,wx_dome,"2023,2024,2025",2016-2023,cb461af0c56b4811,WR,1321941740235550720,2024,18,2355,0.6392347171155394,0.46990740740740744,4.911306502783189,0.7852340150357275,15.218095323166462,1.087664490380351,0.6392689713644507,0.46759259259259256,4.915209595301268,0.810699347029401,15.29574342823534,1.0888242050914194,-3.425424891134732e-05,0.0023148148148148806,-0.0039030925180787435,-0.025465331993673512,-0.07764810506887798,-0.0011597147110684602,drop,drop,927.339600284,,Dome or closed roof,"Fixed dome, or a retractable roof that is closed (undecided counts as closed)."
20261001161346,2026-10-01 16:13:46.775654+00,v2.0,fx1.0,dome,intermediate.int_player_week_weather,wx_dome,"2023,2024,2025",2016-2024,cb461af0c56b4811,WR,1321941740235550720,2025,18,2366,0.6161442464790903,0.474537037037037,4.60008984888692,0.8152872224255903,14.727983112158771,0.9922530725133772,0.6152386686159024,0.4791666666666667,4.600664516848402,0.8144156378966352,14.616042607224918,0.9901513399339991,0.0009055778631879008,-0.004629629629629706,-0.0005746679614819783,0.0008715845289550828,0.11194050493385355,0.0021017325793781794,drop,drop,927.339600284,,Dome or closed roof,"Fixed dome, or a retractable roof that is closed (undecided counts as closed)."
20261001161346,2026-10-01 16:13:46.775654+00,v2.0,fx1.0,dome,intermediate.int_player_week_weather,wx_dome,"2023,2024,2025",2016-2022,cb461af0c56b4811,WR,1389709692405551104,2023,18,2393,0.6238392105136934,0.48148148148148145,4.06504775755192,0.8214310607469294,12.614328506320653,0.878260582628799,0.6246061268487013,0.48379629629629634,4.051944662215899,0.8202839699817535,12.623847439187115,0.8785657701147183,-0.0007669163350079167,-0.0023148148148148806,0.013103095336020942,0.0011470907651759399,-0.009518932866461327,-0.00030518748591923384,drop,drop,927.339600284,,Dome or closed roof,"Fixed dome, or a retractable roof that is closed (undecided counts as closed)."
20261001161346,2026-10-01 16:13:46.775654+00,v2.0,fx1.0,dome,intermediate.int_player_week_weather,wx_dome,"2023,2024,2025",2016-2023,cb461af0c56b4811,WR,1389709692405551104,2024,18,2355,0.6259487532975477,0.46990740740740744,4.105880121685506,0.7985305294632657,12.531713011254148,0.899210714636625,0.6258058683032384,0.4722222222222222,4.111022234789733,0.8081891862346062,12.567916698188661,0.896932017486602,0.00014288499430936685,-0.0023148148148147696,-0.005142113104226631,-0.00965865677134048,-0.03620368693451326,0.0022786971500230457,drop,drop,927.339600284,,Dome or closed roof,"Fixed dome, or a retractable roof that is closed (undecided counts as closed)."
20261001161346,2026-10-01 16:13:46.775654+00,v2.0,fx1.0,dome,intermediate.int_player_week_weather,wx_dome,"2023,2024,2025",2016-2024,cb461af0c56b4811,WR,1389709692405551104,2025,18,2366,0.6011579223908292,0.45370370370370366,3.8807428859037802,0.816365574236818,12.03200301230284,0.8205422526563386,0.60107460697586,0.45370370370370366,3.879997485317312,0.805383548509456,12.202734588861226,0.8249504578006683,8.331541496919836e-05,0,0.0007454005864682145,0.010982025727361955,-0.17073157655838678,-0.004408205144329713,drop,drop,927.339600284,,Dome or closed roof,"Fixed dome, or a retractable roof that is closed (undecided counts as closed)."
20261001162831,2026-10-01 16:28:31.711357+00,v2.0,fx1.0,personnel,intermediate.int_player_week_personnel,"pn_qb_changed,pn_qb_games_together,pn_qb_prev_ppg_diff,pn_qb_is_rookie_or_backup,pn_qb_starting,pn_ol_starters_out,pn_ol_snap_share_out,pn_ol_games_since_change,pn_top_target_out,pn_top_rusher_out,pn_teammate_share_out,pn_absence_beneficiary,pn_games_missed_season,pn_games_missed_prev,pn_q_streak,pn_returning,pn_report_status_ord,pn_practice_ord","2023,2024,2025",2016-2022,cb461af0c56b4811,QB,1321941740235550720,2023,18,680,0.5885995746889859,0.5138888888888888,7.424878329787729,0.7515541946716314,23.30644760342061,1.5940796516250786,0.5224559100126451,0.49074074074074076,8.118371856627013,0.7275863423148562,24.62127940559263,1.695443064960612,0.06614366467634081,0.023148148148148084,-0.6934935268392834,0.023967852356775232,-1.3148318021720193,-0.10136341333553345,keep,keep,1573.4374985470004,serve gap: pn_ol_starters_out is known on 52% of 2026's played rows but on none of week 4's (not played yet): known only after the game; serve gap: pn_ol_snap_share_out is known on 52% of 2026's played rows but on none of week 4's (not played yet): known only after the game; serve gap: pn_top_target_out is known on 52% of 2026's played rows but on none of week 4's (not played yet): known only after the game; serve gap: pn_top_rusher_out is known on 52% of 2026's played rows but on none of week 4's (not played yet): known only after the game; serve gap: pn_teammate_share_out is known on 52% of 2026's played rows but on none of week 4's (not played yet): known only after the game; serve gap: pn_practice_ord is known on 100% of 2026's played rows but on none of week 4's (not played yet): known only after the game,Personnel: all of it,"D5: starting QB change and quality, offensive-line starters out, top teammate out, own injury history"
20261001162831,2026-10-01 16:28:31.711357+00,v2.0,fx1.0,personnel,intermediate.int_player_week_personnel,"pn_qb_changed,pn_qb_games_together,pn_qb_prev_ppg_diff,pn_qb_is_rookie_or_backup,pn_qb_starting,pn_ol_starters_out,pn_ol_snap_share_out,pn_ol_games_since_change,pn_top_target_out,pn_top_rusher_out,pn_teammate_share_out,pn_absence_beneficiary,pn_games_missed_season,pn_games_missed_prev,pn_q_streak,pn_returning,pn_report_status_ord,pn_practice_ord","2023,2024,2025",2016-2023,cb461af0c56b4811,QB,1321941740235550720,2024,18,664,0.5535876585698905,0.5416666666666666,7.968675059656097,0.7548172151616044,24.015285000633405,1.7614802038269837,0.5378203062561171,0.537037037037037,8.229692708393038,0.7832961972794183,26.710818495105404,1.8015736616536242,0.015767352313773353,0.00462962962962965,-0.26101764873694133,-0.028478982117813967,-2.6955334944719986,-0.04009345782664053,keep,keep,1573.4374985470004,serve gap: pn_ol_starters_out is known on 52% of 2026's played rows but on none of week 4's (not played yet): known only after the game; serve gap: pn_ol_snap_share_out is known on 52% of 2026's played rows but on none of week 4's (not played yet): known only after the game; serve gap: pn_top_target_out is known on 52% of 2026's played rows but on none of week 4's (not played yet): known only after the game; serve gap: pn_top_rusher_out is known on 52% of 2026's played rows but on none of week 4's (not played yet): known only after the game; serve gap: pn_teammate_share_out is known on 52% of 2026's played rows but on none of week 4's (not played yet): known only after the game; serve gap: pn_practice_ord is known on 100% of 2026's played rows but on none of week 4's (not played yet): known only after the game,Personnel: all of it,"D5: starting QB change and quality, offensive-line starters out, top teammate out, own injury history"
20261001162831,2026-10-01 16:28:31.711357+00,v2.0,fx1.0,personnel,intermediate.int_player_week_personnel,"pn_qb_changed,pn_qb_games_together,pn_qb_prev_ppg_diff,pn_qb_is_rookie_or_backup,pn_qb_starting,pn_ol_starters_out,pn_ol_snap_share_out,pn_ol_games_since_change,pn_top_target_out,pn_top_rusher_out,pn_teammate_share_out,pn_absence_beneficiary,pn_games_missed_season,pn_games_missed_prev,pn_q_streak,pn_returning,pn_report_status_ord,pn_practice_ord","2023,2024,2025",2016-2024,cb461af0c56b4811,QB,1321941740235550720,2025,18,677,0.5863571723624585,0.5138888888888888,7.472642511167688,0.7579217650585544,24.637332607333853,1.6437915765428186,0.5234057942815578,0.5,8.278642263988383,0.7411352864589952,24.865893888561384,1.7824104113937187,0.06295137808090079,0.01388888888888884,-0.8059997528206946,0.016786478599559174,-0.22856128122753105,-0.1386188348509001,keep,keep,1573.4374985470004,serve gap: pn_ol_starters_out is known on 52% of 2026's played rows but on none of week 4's (not played yet): known only after the game; serve gap: pn_ol_snap_share_out is known on 52% of 2026's played rows but on none of week 4's (not played yet): known only after the game; serve gap: pn_top_target_out is known on 52% of 2026's played rows but on none of week 4's (not played yet): known only after the game; serve gap: pn_top_rusher_out is known on 52% of 2026's played rows but on none of week 4's (not played yet): known only after the game; serve gap: pn_teammate_share_out is known on 52% of 2026's played rows but on none of week 4's (not played yet): known only after the game; serve gap: pn_practice_ord is known on 100% of 2026's played rows but on none of week 4's (not played yet): known only after the game,Personnel: all of it,"D5: starting QB change and quality, offensive-line starters out, top teammate out, own injury history"
20261001162831,2026-10-01 16:28:31.711357+00,v2.0,fx1.0,personnel,intermediate.int_player_week_personnel,"pn_qb_changed,pn_qb_games_together,pn_qb_prev_ppg_diff,pn_qb_is_rookie_or_backup,pn_qb_starting,pn_ol_starters_out,pn_ol_snap_share_out,pn_ol_games_since_change,pn_top_target_out,pn_top_rusher_out,pn_teammate_share_out,pn_absence_beneficiary,pn_games_missed_season,pn_games_missed_prev,pn_q_streak,pn_returning,pn_report_status_ord,pn_practice_ord","2023,2024,2025",2016-2022,cb461af0c56b4811,QB,1389709692405551104,2023,18,680,0.5995266263640928,0.5324074074074074,5.273655699909859,0.7375731741719156,16.069301994658733,1.1355125637971577,0.5256801096145087,0.5092592592592592,5.834538085906659,0.7325778275744548,17.728945478610413,1.221190584290215,0.07384651674958409,0.02314814814814825,-0.5608823859968002,0.004995346597460815,-1.6596434839516796,-0.0856780204930574,keep,keep,1573.4374985470004,serve gap: pn_ol_starters_out is known on 52% of 2026's played rows but on none of week 4's (not played yet): known only after the game; serve gap: pn_ol_snap_share_out is known on 52% of 2026's played rows but on none of week 4's (not played yet): known only after the game; serve gap: pn_top_target_out is known on 52% of 2026's played rows but on none of week 4's (not played yet): known only after the game; serve gap: pn_top_rusher_out is known on 52% of 2026's played rows but on none of week 4's (not played yet): known only after the game; serve gap: pn_teammate_share_out is known on 52% of 2026's played rows but on none of week 4's (not played yet): known only after the game; serve gap: pn_practice_ord is known on 100% of 2026's played rows but on none of week 4's (not played yet): known only after the game,Personnel: all of it,"D5: starting QB change and quality, offensive-line starters out, top teammate out, own injury history"
20261001162831,2026-10-01 16:28:31.711357+00,v2.0,fx1.0,personnel,intermediate.int_player_week_personnel,"pn_qb_changed,pn_qb_games_together,pn_qb_prev_ppg_diff,pn_qb_is_rookie_or_backup,pn_qb_starting,pn_ol_starters_out,pn_ol_snap_share_out,pn_ol_games_since_change,pn_top_target_out,pn_top_rusher_out,pn_teammate_share_out,pn_absence_beneficiary,pn_games_missed_season,pn_games_missed_prev,pn_q_streak,pn_returning,pn_report_status_ord,pn_practice_ord","2023,2024,2025",2016-2023,cb461af0c56b4811,QB,1389709692405551104,2024,18,664,0.5699100912446143,0.5694444444444444,5.737231798705535,0.7455132096062242,17.16159479368611,1.2494767724315012,0.5561325996135695,0.5416666666666666,5.968519084105844,0.7902428660657924,19.21547087231386,1.2754083507094145,0.013777491631044803,0.02777777777777779,-0.23128728540030874,-0.04472965645956817,-2.0538760786277486,-0.02593157827791326,keep,keep,1573.4374985470004,serve gap: pn_ol_starters_out is known on 52% of 2026's played rows but on none of week 4's (not played yet): known only after the game; serve gap: pn_ol_snap_share_out is known on 52% of 2026's played rows but on none of week 4's (not played yet): known only after the game; serve gap: pn_top_target_out is known on 52% of 2026's played rows but on none of week 4's (not played yet): known only after the game; serve gap: pn_top_rusher_out is known on 52% of 2026's played rows but on none of week 4's (not played yet): known only after the game; serve gap: pn_teammate_share_out is known on 52% of 2026's played rows but on none of week 4's (not played yet): known only after the game; serve gap: pn_practice_ord is known on 100% of 2026's played rows but on none of week 4's (not played yet): known only after the game,Personnel: all of it,"D5: starting QB change and quality, offensive-line starters out, top teammate out, own injury history"
20261001162831,2026-10-01 16:28:31.711357+00,v2.0,fx1.0,personnel,intermediate.int_player_week_personnel,"pn_qb_changed,pn_qb_games_together,pn_qb_prev_ppg_diff,pn_qb_is_rookie_or_backup,pn_qb_starting,pn_ol_starters_out,pn_ol_snap_share_out,pn_ol_games_since_change,pn_top_target_out,pn_top_rusher_out,pn_teammate_share_out,pn_absence_beneficiary,pn_games_missed_season,pn_games_missed_prev,pn_q_streak,pn_returning,pn_report_status_ord,pn_practice_ord","2023,2024,2025",2016-2024,cb461af0c56b4811,QB,1389709692405551104,2025,18,677,0.5931597561715497,0.49074074074074076,5.393916700722763,0.7700541099933704,17.662602995976343,1.1766343336534024,0.5352093003571752,0.5138888888888888,6.035030058329808,0.7561931599873815,18.28492217449843,1.2794175833228147,0.057950455814374524,-0.023148148148148084,-0.6411133576070451,0.01386095000598897,-0.622319178522087,-0.10278324966941232,keep,keep,1573.4374985470004,serve gap: pn_ol_starters_out is known on 52% of 2026's played rows but on none of week 4's (not played yet): known only after the game; serve gap: pn_ol_snap_share_out is known on 52% of 2026's played rows but on none of week 4's (not played yet): known only after the game; serve gap: pn_top_target_out is known on 52% of 2026's played rows but on none of week 4's (not played yet): known only after the game; serve gap: pn_top_rusher_out is known on 52% of 2026's played rows but on none of week 4's (not played yet): known only after the game; serve gap: pn_teammate_share_out is known on 52% of 2026's played rows but on none of week 4's (not played yet): known only after the game; serve gap: pn_practice_ord is known on 100% of 2026's played rows but on none of week 4's (not played yet): known only after the game,Personnel: all of it,"D5: starting QB change and quality, offensive-line starters out, top teammate out, own injury history"
20261001162831,2026-10-01 16:28:31.711357+00,v2.0,fx1.0,personnel,intermediate.int_player_week_personnel,"pn_qb_changed,pn_qb_games_together,pn_qb_prev_ppg_diff,pn_qb_is_rookie_or_backup,pn_qb_starting,pn_ol_starters_out,pn_ol_snap_share_out,pn_ol_games_since_change,pn_top_target_out,pn_top_rusher_out,pn_teammate_share_out,pn_absence_beneficiary,pn_games_missed_season,pn_games_missed_prev,pn_q_streak,pn_returning,pn_report_status_ord,pn_practice_ord","2023,2024,2025",2016-2022,cb461af0c56b4811,RB,1321941740235550720,2023,18,1482,0.6828142612962703,0.6296296296296297,4.5539188364130965,0.8242087678300655,14.306550529095993,1.0109032669822806,0.6789541487937356,0.625,4.565048339555861,0.8228197362354811,14.326257632153418,1.0210909471159724,0.003860112502534707,0.00462962962962965,-0.011129503142764285,0.0013890315945843668,-0.01970710305742429,-0.010187680133691757,keep,keep,1573.4374985470004,serve gap: pn_ol_starters_out is known on 52% of 2026's played rows but on none of week 4's (not played yet): known only after the game; serve gap: pn_ol_snap_share_out is known on 52% of 2026's played rows but on none of week 4's (not played yet): known only after the game; serve gap: pn_top_target_out is known on 52% of 2026's played rows but on none of week 4's (not played yet): known only after the game; serve gap: pn_top_rusher_out is known on 52% of 2026's played rows but on none of week 4's (not played yet): known only after the game; serve gap: pn_teammate_share_out is known on 52% of 2026's played rows but on none of week 4's (not played yet): known only after the game; serve gap: pn_practice_ord is known on 100% of 2026's played rows but on none of week 4's (not played yet): known only after the game,Personnel: all of it,"D5: starting QB change and quality, offensive-line starters out, top teammate out, own injury history"
20261001162831,2026-10-01 16:28:31.711357+00,v2.0,fx1.0,personnel,intermediate.int_player_week_personnel,"pn_qb_changed,pn_qb_games_together,pn_qb_prev_ppg_diff,pn_qb_is_rookie_or_backup,pn_qb_starting,pn_ol_starters_out,pn_ol_snap_share_out,pn_ol_games_since_change,pn_top_target_out,pn_top_rusher_out,pn_teammate_share_out,pn_absence_beneficiary,pn_games_missed_season,pn_games_missed_prev,pn_q_streak,pn_returning,pn_report_status_ord,pn_practice_ord","2023,2024,2025",2016-2023,cb461af0c56b4811,RB,1321941740235550720,2024,18,1495,0.6914912910534956,0.6805555555555556,4.684255083984318,0.8033539390602011,14.485926698661006,0.9998019712604658,0.683982337730687,0.6736111111111112,4.709033406682767,0.7849798036617669,14.778347489149919,1.0140256700401826,0.007508953322808654,0.00694444444444442,-0.024778322698449706,0.018374135398434244,-0.29242079048891334,-0.014223698779716853,keep,keep,1573.4374985470004,serve gap: pn_ol_starters_out is known on 52% of 2026's played rows but on none of week 4's (not played yet): known only after the game; serve gap: pn_ol_snap_share_out is known on 52% of 2026's played rows but on none of week 4's (not played yet): known only after the game; serve gap: pn_top_target_out is known on 52% of 2026's played rows but on none of week 4's (not played yet): known only after the game; serve gap: pn_top_rusher_out is known on 52% of 2026's played rows but on none of week 4's (not played yet): known only after the game; serve gap: pn_teammate_share_out is known on 52% of 2026's played rows but on none of week 4's (not played yet): known only after the game; serve gap: pn_practice_ord is known on 100% of 2026's played rows but on none of week 4's (not played yet): known only after the game,Personnel: all of it,"D5: starting QB change and quality, offensive-line starters out, top teammate out, own injury history"
20261001162831,2026-10-01 16:28:31.711357+00,v2.0,fx1.0,personnel,intermediate.int_player_week_personnel,"pn_qb_changed,pn_qb_games_together,pn_qb_prev_ppg_diff,pn_qb_is_rookie_or_backup,pn_qb_starting,pn_ol_starters_out,pn_ol_snap_share_out,pn_ol_games_since_change,pn_top_target_out,pn_top_rusher_out,pn_teammate_share_out,pn_absence_beneficiary,pn_games_missed_season,pn_games_missed_prev,pn_q_streak,pn_returning,pn_report_status_ord,pn_practice_ord","2023,2024,2025",2016-2024,cb461af0c56b4811,RB,1321941740235550720,2025,18,1518,0.7034718349963416,0.6412037037037037,4.664133203965269,0.7854273567361495,14.05604128413053,1.0327956655154953,0.6950103969394773,0.6365740740740741,4.747744357797661,0.7855412596247372,14.36464541810875,1.046606036495452,0.008461438056864279,0.00462962962962965,-0.0836111538323916,-0.00011390288858770248,-0.3086041339782213,-0.013810370979956632,keep,keep,1573.4374985470004,serve gap: pn_ol_starters_out is known on 52% of 2026's played rows but on none of week 4's (not played yet): known only after the game; serve gap: pn_ol_snap_share_out is known on 52% of 2026's played rows but on none of week 4's (not played yet): known only after the game; serve gap: pn_top_target_out is known on 52% of 2026's played rows but on none of week 4's (not played yet): known only after the game; serve gap: pn_top_rusher_out is known on 52% of 2026's played rows but on none of week 4's (not played yet): known only after the game; serve gap: pn_teammate_share_out is known on 52% of 2026's played rows but on none of week 4's (not played yet): known only after the game; serve gap: pn_practice_ord is known on 100% of 2026's played rows but on none of week 4's (not played yet): known only after the game,Personnel: all of it,"D5: starting QB change and quality, offensive-line starters out, top teammate out, own injury history"
20261001162831,2026-10-01 16:28:31.711357+00,v2.0,fx1.0,personnel,intermediate.int_player_week_personnel,"pn_qb_changed,pn_qb_games_together,pn_qb_prev_ppg_diff,pn_qb_is_rookie_or_backup,pn_qb_starting,pn_ol_starters_out,pn_ol_snap_share_out,pn_ol_games_since_change,pn_top_target_out,pn_top_rusher_out,pn_teammate_share_out,pn_absence_beneficiary,pn_games_missed_season,pn_games_missed_prev,pn_q_streak,pn_returning,pn_report_status_ord,pn_practice_ord","2023,2024,2025",2016-2022,cb461af0c56b4811,RB,1389709692405551104,2023,18,1482,0.6794373347481706,0.6157407407407408,4.103248927927947,0.8174453174438959,12.901520951391221,0.9030085423981252,0.6756450176028727,0.6064814814814814,4.117502283433733,0.8174518733456249,12.449043123468384,0.9050705985700918,0.00379231714529793,0.009259259259259411,-0.014253355505786658,-6.555901728932945e-06,0.45247782792283786,-0.002062056171966531,keep,keep,1573.4374985470004,serve gap: pn_ol_starters_out is known on 52% of 2026's played rows but on none of week 4's (not played yet): known only after the game; serve gap: pn_ol_snap_share_out is known on 52% of 2026's played rows but on none of week 4's (not played yet): known only after the game; serve gap: pn_top_target_out is known on 52% of 2026's played rows but on none of week 4's (not played yet): known only after the game; serve gap: pn_top_rusher_out is known on 52% of 2026's played rows but on none of week 4's (not played yet): known only after the game; serve gap: pn_teammate_share_out is known on 52% of 2026's played rows but on none of week 4's (not played yet): known only after the game; serve gap: pn_practice_ord is known on 100% of 2026's played rows but on none of week 4's (not played yet): known only after the game,Personnel: all of it,"D5: starting QB change and quality, offensive-line starters out, top teammate out, own injury history"
20261001162831,2026-10-01 16:28:31.711357+00,v2.0,fx1.0,personnel,intermediate.int_player_week_personnel,"pn_qb_changed,pn_qb_games_together,pn_qb_prev_ppg_diff,pn_qb_is_rookie_or_backup,pn_qb_starting,pn_ol_starters_out,pn_ol_snap_share_out,pn_ol_games_since_change,pn_top_target_out,pn_top_rusher_out,pn_teammate_share_out,pn_absence_beneficiary,pn_games_missed_season,pn_games_missed_prev,pn_q_streak,pn_returning,pn_report_status_ord,pn_practice_ord","2023,2024,2025",2016-2023,cb461af0c56b4811,RB,1389709692405551104,2024,18,1495,0.6829962013210757,0.6597222222222222,4.19958986962065,0.7934779403808379,12.912457728818618,0.8944392229811802,0.6760537172860128,0.6574074074074074,4.228841728668209,0.8025266257202242,13.044841079231357,0.9064258267080072,0.0069424840350629236,0.0023148148148147696,-0.02925185904755967,-0.009048685339386298,-0.13238335041273963,-0.011986603726827028,keep,keep,1573.4374985470004,serve gap: pn_ol_starters_out is known on 52% of 2026's played rows but on none of week 4's (not played yet): known only after the game; serve gap: pn_ol_snap_share_out is known on 52% of 2026's played rows but on none of week 4's (not played yet): known only after the game; serve gap: pn_top_target_out is known on 52% of 2026's played rows but on none of week 4's (not played yet): known only after the game; serve gap: pn_top_rusher_out is known on 52% of 2026's played rows but on none of week 4's (not played yet): known only after the game; serve gap: pn_teammate_share_out is known on 52% of 2026's played rows but on none of week 4's (not played yet): known only after the game; serve gap: pn_practice_ord is known on 100% of 2026's played rows but on none of week 4's (not played yet): known only after the game,Personnel: all of it,"D5: starting QB change and quality, offensive-line starters out, top teammate out, own injury history"
20261001162831,2026-10-01 16:28:31.711357+00,v2.0,fx1.0,personnel,intermediate.int_player_week_personnel,"pn_qb_changed,pn_qb_games_together,pn_qb_prev_ppg_diff,pn_qb_is_rookie_or_backup,pn_qb_starting,pn_ol_starters_out,pn_ol_snap_share_out,pn_ol_games_since_change,pn_top_target_out,pn_top_rusher_out,pn_teammate_share_out,pn_absence_beneficiary,pn_games_missed_season,pn_games_missed_prev,pn_q_streak,pn_returning,pn_report_status_ord,pn_practice_ord","2023,2024,2025",2016-2024,cb461af0c56b4811,RB,1389709692405551104,2025,18,1518,0.699788330956559,0.6226851851851852,4.221515601993868,0.7851030813605445,12.654551634891167,0.9208980280206814,0.6908815711950581,0.6134259259259259,4.282656131176271,0.7755417665473705,12.727053613563863,0.932001735176007,0.008906759761500904,0.0092592592592593,-0.06114052918240276,0.009561314813174016,-0.0725019786726957,-0.011103707155325604,keep,keep,1573.4374985470004,serve gap: pn_ol_starters_out is known on 52% of 2026's played rows but on none of week 4's (not played yet): known only after the game; serve gap: pn_ol_snap_share_out is known on 52% of 2026's played rows but on none of week 4's (not played yet): known only after the game; serve gap: pn_top_target_out is known on 52% of 2026's played rows but on none of week 4's (not played yet): known only after the game; serve gap: pn_top_rusher_out is known on 52% of 2026's played rows but on none of week 4's (not played yet): known only after the game; serve gap: pn_teammate_share_out is known on 52% of 2026's played rows but on none of week 4's (not played yet): known only after the game; serve gap: pn_practice_ord is known on 100% of 2026's played rows but on none of week 4's (not played yet): known only after the game,Personnel: all of it,"D5: starting QB change and quality, offensive-line starters out, top teammate out, own injury history"
20261001162831,2026-10-01 16:28:31.711357+00,v2.0,fx1.0,personnel,intermediate.int_player_week_personnel,"pn_qb_changed,pn_qb_games_together,pn_qb_prev_ppg_diff,pn_qb_is_rookie_or_backup,pn_qb_starting,pn_ol_starters_out,pn_ol_snap_share_out,pn_ol_games_since_change,pn_top_target_out,pn_top_rusher_out,pn_teammate_share_out,pn_absence_beneficiary,pn_games_missed_season,pn_games_missed_prev,pn_q_streak,pn_returning,pn_report_status_ord,pn_practice_ord","2023,2024,2025",2016-2022,cb461af0c56b4811,TE,1321941740235550720,2023,18,1177,0.576334886743247,0.5185185185185186,3.421556484041478,0.8052584496918108,10.747555055721955,0.757589307642112,0.5731549358489271,0.5138888888888888,3.404402167383241,0.8034886757774902,10.492863184652377,0.7471459897645805,0.003179950894319883,0.004629629629629761,0.017154316658236635,0.0017697739143206492,0.25469187106957847,0.0104433178775315,drop,keep,1573.4374985470004,serve gap: pn_ol_starters_out is known on 52% of 2026's played rows but on none of week 4's (not played yet): known only after the game; serve gap: pn_ol_snap_share_out is known on 52% of 2026's played rows but on none of week 4's (not played yet): known only after the game; serve gap: pn_top_target_out is known on 52% of 2026's played rows but on none of week 4's (not played yet): known only after the game; serve gap: pn_top_rusher_out is known on 52% of 2026's played rows but on none of week 4's (not played yet): known only after the game; serve gap: pn_teammate_share_out is known on 52% of 2026's played rows but on none of week 4's (not played yet): known only after the game; serve gap: pn_practice_ord is known on 100% of 2026's played rows but on none of week 4's (not played yet): known only after the game,Personnel: all of it,"D5: starting QB change and quality, offensive-line starters out, top teammate out, own injury history"
20261001162831,2026-10-01 16:28:31.711357+00,v2.0,fx1.0,personnel,intermediate.int_player_week_personnel,"pn_qb_changed,pn_qb_games_together,pn_qb_prev_ppg_diff,pn_qb_is_rookie_or_backup,pn_qb_starting,pn_ol_starters_out,pn_ol_snap_share_out,pn_ol_games_since_change,pn_top_target_out,pn_top_rusher_out,pn_teammate_share_out,pn_absence_beneficiary,pn_games_missed_season,pn_games_missed_prev,pn_q_streak,pn_returning,pn_report_status_ord,pn_practice_ord","2023,2024,2025",2016-2023,cb461af0c56b4811,TE,1321941740235550720,2024,18,1221,0.5749183816712765,0.4722222222222222,3.605968567364433,0.8069647139189378,10.203976653247805,0.7921524430049411,0.574264077708444,0.4583333333333333,3.59539965470318,0.7743029055589911,10.206185491509853,0.7903953884216951,0.0006543039628325031,0.013888888888888895,0.010568912661252927,0.0326618083599467,-0.002208838262047763,0.0017570545832460427,drop,keep,1573.4374985470004,serve gap: pn_ol_starters_out is known on 52% of 2026's played rows but on none of week 4's (not played yet): known only after the game; serve gap: pn_ol_snap_share_out is known on 52% of 2026's played rows but on none of week 4's (not played yet): known only after the game; serve gap: pn_top_target_out is known on 52% of 2026's played rows but on none of week 4's (not played yet): known only after the game; serve gap: pn_top_rusher_out is known on 52% of 2026's played rows but on none of week 4's (not played yet): known only after the game; serve gap: pn_teammate_share_out is known on 52% of 2026's played rows but on none of week 4's (not played yet): known only after the game; serve gap: pn_practice_ord is known on 100% of 2026's played rows but on none of week 4's (not played yet): known only after the game,Personnel: all of it,"D5: starting QB change and quality, offensive-line starters out, top teammate out, own injury history"
20261001162831,2026-10-01 16:28:31.711357+00,v2.0,fx1.0,personnel,intermediate.int_player_week_personnel,"pn_qb_changed,pn_qb_games_together,pn_qb_prev_ppg_diff,pn_qb_is_rookie_or_backup,pn_qb_starting,pn_ol_starters_out,pn_ol_snap_share_out,pn_ol_games_since_change,pn_top_target_out,pn_top_rusher_out,pn_teammate_share_out,pn_absence_beneficiary,pn_games_missed_season,pn_games_missed_prev,pn_q_streak,pn_returning,pn_report_status_ord,pn_practice_ord","2023,2024,2025",2016-2024,cb461af0c56b4811,TE,1321941740235550720,2025,18,1268,0.6285075374341416,0.45370370370370366,3.5020263840637664,0.8158684162408258,9.969895999848749,0.8027827696615188,0.6253565710969989,0.4212962962962963,3.5060303412258347,0.8274175947019309,10.087548898832267,0.8008154658194906,0.0031509663371426244,0.032407407407407385,-0.00400395716206825,-0.011549178461105036,-0.11765289898351838,0.0019673038420282563,drop,keep,1573.4374985470004,serve gap: pn_ol_starters_out is known on 52% of 2026's played rows but on none of week 4's (not played yet): known only after the game; serve gap: pn_ol_snap_share_out is known on 52% of 2026's played rows but on none of week 4's (not played yet): known only after the game; serve gap: pn_top_target_out is known on 52% of 2026's played rows but on none of week 4's (not played yet): known only after the game; serve gap: pn_top_rusher_out is known on 52% of 2026's played rows but on none of week 4's (not played yet): known only after the game; serve gap: pn_teammate_share_out is known on 52% of 2026's played rows but on none of week 4's (not played yet): known only after the game; serve gap: pn_practice_ord is known on 100% of 2026's played rows but on none of week 4's (not played yet): known only after the game,Personnel: all of it,"D5: starting QB change and quality, offensive-line starters out, top teammate out, own injury history"
20261001162831,2026-10-01 16:28:31.711357+00,v2.0,fx1.0,personnel,intermediate.int_player_week_personnel,"pn_qb_changed,pn_qb_games_together,pn_qb_prev_ppg_diff,pn_qb_is_rookie_or_backup,pn_qb_starting,pn_ol_starters_out,pn_ol_snap_share_out,pn_ol_games_since_change,pn_top_target_out,pn_top_rusher_out,pn_teammate_share_out,pn_absence_beneficiary,pn_games_missed_season,pn_games_missed_prev,pn_q_streak,pn_returning,pn_report_status_ord,pn_practice_ord","2023,2024,2025",2016-2022,cb461af0c56b4811,TE,1389709692405551104,2023,18,1177,0.5548031850088231,0.48148148148148157,2.8668961420617554,0.8123573315557648,8.971494380433615,0.6424850326792064,0.5526674547558043,0.48148148148148145,2.8536294975103322,0.8104562828686124,8.769791614718581,0.6359043614952173,0.0021357302530188305,1.1102230246251565e-16,0.013266644551423123,0.0019010486871524623,0.20170276571503365,0.006580671183989084,drop,keep,1573.4374985470004,serve gap: pn_ol_starters_out is known on 52% of 2026's played rows but on none of week 4's (not played yet): known only after the game; serve gap: pn_ol_snap_share_out is known on 52% of 2026's played rows but on none of week 4's (not played yet): known only after the game; serve gap: pn_top_target_out is known on 52% of 2026's played rows but on none of week 4's (not played yet): known only after the game; serve gap: pn_top_rusher_out is known on 52% of 2026's played rows but on none of week 4's (not played yet): known only after the game; serve gap: pn_teammate_share_out is known on 52% of 2026's played rows but on none of week 4's (not played yet): known only after the game; serve gap: pn_practice_ord is known on 100% of 2026's played rows but on none of week 4's (not played yet): known only after the game,Personnel: all of it,"D5: starting QB change and quality, offensive-line starters out, top teammate out, own injury history"
20261001162831,2026-10-01 16:28:31.711357+00,v2.0,fx1.0,personnel,intermediate.int_player_week_personnel,"pn_qb_changed,pn_qb_games_together,pn_qb_prev_ppg_diff,pn_qb_is_rookie_or_backup,pn_qb_starting,pn_ol_starters_out,pn_ol_snap_share_out,pn_ol_games_since_change,pn_top_target_out,pn_top_rusher_out,pn_teammate_share_out,pn_absence_beneficiary,pn_games_missed_season,pn_games_missed_prev,pn_q_streak,pn_returning,pn_report_status_ord,pn_practice_ord","2023,2024,2025",2016-2023,cb461af0c56b4811,TE,1389709692405551104,2024,18,1221,0.5632081909710023,0.4398148148148148,3.0141846955479807,0.7873262547991993,8.636760306817775,0.6551046586080749,0.5598785707889994,0.4212962962962963,2.995168113013023,0.8091092743419375,8.61647263454671,0.654603840250283,0.0033296201820028903,0.018518518518518545,0.01901658253495775,-0.021783019542738202,0.020287672271065205,0.0005008183577919212,drop,keep,1573.4374985470004,serve gap: pn_ol_starters_out is known on 52% of 2026's played rows but on none of week 4's (not played yet): known only after the game; serve gap: pn_ol_snap_share_out is known on 52% of 2026's played rows but on none of week 4's (not played yet): known only after the game; serve gap: pn_top_target_out is known on 52% of 2026's played rows but on none of week 4's (not played yet): known only after the game; serve gap: pn_top_rusher_out is known on 52% of 2026's played rows but on none of week 4's (not played yet): known only after the game; serve gap: pn_teammate_share_out is known on 52% of 2026's played rows but on none of week 4's (not played yet): known only after the game; serve gap: pn_practice_ord is known on 100% of 2026's played rows but on none of week 4's (not played yet): known only after the game,Personnel: all of it,"D5: starting QB change and quality, offensive-line starters out, top teammate out, own injury history"
20261001162831,2026-10-01 16:28:31.711357+00,v2.0,fx1.0,personnel,intermediate.int_player_week_personnel,"pn_qb_changed,pn_qb_games_together,pn_qb_prev_ppg_diff,pn_qb_is_rookie_or_backup,pn_qb_starting,pn_ol_starters_out,pn_ol_snap_share_out,pn_ol_games_since_change,pn_top_target_out,pn_top_rusher_out,pn_teammate_share_out,pn_absence_beneficiary,pn_games_missed_season,pn_games_missed_prev,pn_q_streak,pn_returning,pn_report_status_ord,pn_practice_ord","2023,2024,2025",2016-2024,cb461af0c56b4811,TE,1389709692405551104,2025,18,1268,0.615277351010605,0.43518518518518523,2.9781153813582075,0.8307905503372193,8.491054495917863,0.6800227625735169,0.6114816218323065,0.39814814814814814,2.9795136555105186,0.8302488484538157,8.566879777547221,0.6825983815690715,0.0037957291782985125,0.03703703703703709,-0.0013982741523110853,0.0005417018834035225,-0.07582528162935809,-0.002575618995554585,drop,keep,1573.4374985470004,serve gap: pn_ol_starters_out is known on 52% of 2026's played rows but on none of week 4's (not played yet): known only after the game; serve gap: pn_ol_snap_share_out is known on 52% of 2026's played rows but on none of week 4's (not played yet): known only after the game; serve gap: pn_top_target_out is known on 52% of 2026's played rows but on none of week 4's (not played yet): known only after the game; serve gap: pn_top_rusher_out is known on 52% of 2026's played rows but on none of week 4's (not played yet): known only after the game; serve gap: pn_teammate_share_out is known on 52% of 2026's played rows but on none of week 4's (not played yet): known only after the game; serve gap: pn_practice_ord is known on 100% of 2026's played rows but on none of week 4's (not played yet): known only after the game,Personnel: all of it,"D5: starting QB change and quality, offensive-line starters out, top teammate out, own injury history"
20261001162831,2026-10-01 16:28:31.711357+00,v2.0,fx1.0,personnel,intermediate.int_player_week_personnel,"pn_qb_changed,pn_qb_games_together,pn_qb_prev_ppg_diff,pn_qb_is_rookie_or_backup,pn_qb_starting,pn_ol_starters_out,pn_ol_snap_share_out,pn_ol_games_since_change,pn_top_target_out,pn_top_rusher_out,pn_teammate_share_out,pn_absence_beneficiary,pn_games_missed_season,pn_games_missed_prev,pn_q_streak,pn_returning,pn_report_status_ord,pn_practice_ord","2023,2024,2025",2016-2022,cb461af0c56b4811,WR,1321941740235550720,2023,18,2393,0.6423605313564497,0.49768518518518523,4.789816297130227,0.8225581466160281,14.86141873917472,1.0582397269435972,0.6392918990013178,0.5,4.844521808613023,0.8276029070508462,15.19898926672618,1.063735644351547,0.003068632355131884,-0.0023148148148147696,-0.0547055114827959,-0.005044760434818052,-0.3375705275514598,-0.005495917407949857,keep,keep,1573.4374985470004,serve gap: pn_ol_starters_out is known on 52% of 2026's played rows but on none of week 4's (not played yet): known only after the game; serve gap: pn_ol_snap_share_out is known on 52% of 2026's played rows but on none of week 4's (not played yet): known only after the game; serve gap: pn_top_target_out is known on 52% of 2026's played rows but on none of week 4's (not played yet): known only after the game; serve gap: pn_top_rusher_out is known on 52% of 2026's played rows but on none of week 4's (not played yet): known only after the game; serve gap: pn_teammate_share_out is known on 52% of 2026's played rows but on none of week 4's (not played yet): known only after the game; serve gap: pn_practice_ord is known on 100% of 2026's played rows but on none of week 4's (not played yet): known only after the game,Personnel: all of it,"D5: starting QB change and quality, offensive-line starters out, top teammate out, own injury history"
20261001162831,2026-10-01 16:28:31.711357+00,v2.0,fx1.0,personnel,intermediate.int_player_week_personnel,"pn_qb_changed,pn_qb_games_together,pn_qb_prev_ppg_diff,pn_qb_is_rookie_or_backup,pn_qb_starting,pn_ol_starters_out,pn_ol_snap_share_out,pn_ol_games_since_change,pn_top_target_out,pn_top_rusher_out,pn_teammate_share_out,pn_absence_beneficiary,pn_games_missed_season,pn_games_missed_prev,pn_q_streak,pn_returning,pn_report_status_ord,pn_practice_ord","2023,2024,2025",2016-2023,cb461af0c56b4811,WR,1321941740235550720,2024,18,2355,0.6465129900433281,0.4652777777777778,4.901178447188672,0.7903539578690107,15.195362866058828,1.0787087696105413,0.6392689713644507,0.46759259259259256,4.915209595301268,0.810699347029401,15.29574342823534,1.0888242050914194,0.007244018678877362,-0.0023148148148147696,-0.014031148112596092,-0.020345389160390304,-0.10038056217651281,-0.010115435480878121,keep,keep,1573.4374985470004,serve gap: pn_ol_starters_out is known on 52% of 2026's played rows but on none of week 4's (not played yet): known only after the game; serve gap: pn_ol_snap_share_out is known on 52% of 2026's played rows but on none of week 4's (not played yet): known only after the game; serve gap: pn_top_target_out is known on 52% of 2026's played rows but on none of week 4's (not played yet): known only after the game; serve gap: pn_top_rusher_out is known on 52% of 2026's played rows but on none of week 4's (not played yet): known only after the game; serve gap: pn_teammate_share_out is known on 52% of 2026's played rows but on none of week 4's (not played yet): known only after the game; serve gap: pn_practice_ord is known on 100% of 2026's played rows but on none of week 4's (not played yet): known only after the game,Personnel: all of it,"D5: starting QB change and quality, offensive-line starters out, top teammate out, own injury history"
20261001162831,2026-10-01 16:28:31.711357+00,v2.0,fx1.0,personnel,intermediate.int_player_week_personnel,"pn_qb_changed,pn_qb_games_together,pn_qb_prev_ppg_diff,pn_qb_is_rookie_or_backup,pn_qb_starting,pn_ol_starters_out,pn_ol_snap_share_out,pn_ol_games_since_change,pn_top_target_out,pn_top_rusher_out,pn_teammate_share_out,pn_absence_beneficiary,pn_games_missed_season,pn_games_missed_prev,pn_q_streak,pn_returning,pn_report_status_ord,pn_practice_ord","2023,2024,2025",2016-2024,cb461af0c56b4811,WR,1321941740235550720,2025,18,2366,0.6228835297600699,0.4861111111111111,4.584194420305555,0.8140471538818649,14.565002167218037,0.9911664208828006,0.6152386686159024,0.4791666666666667,4.600664516848402,0.8144156378966352,14.616042607224918,0.9901513399339991,0.007644861144167514,0.00694444444444442,-0.01647009654284748,-0.00036848401477029835,-0.05104044000688113,0.0010150809488015389,keep,keep,1573.4374985470004,serve gap: pn_ol_starters_out is known on 52% of 2026's played rows but on none of week 4's (not played yet): known only after the game; serve gap: pn_ol_snap_share_out is known on 52% of 2026's played rows but on none of week 4's (not played yet): known only after the game; serve gap: pn_top_target_out is known on 52% of 2026's played rows but on none of week 4's (not played yet): known only after the game; serve gap: pn_top_rusher_out is known on 52% of 2026's played rows but on none of week 4's (not played yet): known only after the game; serve gap: pn_teammate_share_out is known on 52% of 2026's played rows but on none of week 4's (not played yet): known only after the game; serve gap: pn_practice_ord is known on 100% of 2026's played rows but on none of week 4's (not played yet): known only after the game,Personnel: all of it,"D5: starting QB change and quality, offensive-line starters out, top teammate out, own injury history"
20261001162831,2026-10-01 16:28:31.711357+00,v2.0,fx1.0,personnel,intermediate.int_player_week_personnel,"pn_qb_changed,pn_qb_games_together,pn_qb_prev_ppg_diff,pn_qb_is_rookie_or_backup,pn_qb_starting,pn_ol_starters_out,pn_ol_snap_share_out,pn_ol_games_since_change,pn_top_target_out,pn_top_rusher_out,pn_teammate_share_out,pn_absence_beneficiary,pn_games_missed_season,pn_games_missed_prev,pn_q_streak,pn_returning,pn_report_status_ord,pn_practice_ord","2023,2024,2025",2016-2022,cb461af0c56b4811,WR,1389709692405551104,2023,18,2393,0.6271829005331591,0.49074074074074076,4.005023026956543,0.8132402964591918,12.495398637637436,0.8778026229582463,0.6246061268487013,0.48379629629629634,4.051944662215899,0.8202839699817535,12.623847439187115,0.8785657701147183,0.002576773684457745,0.00694444444444442,-0.046921635259355554,-0.007043673522561633,-0.12844880154967875,-0.0007631471564719661,keep,keep,1573.4374985470004,serve gap: pn_ol_starters_out is known on 52% of 2026's played rows but on none of week 4's (not played yet): known only after the game; serve gap: pn_ol_snap_share_out is known on 52% of 2026's played rows but on none of week 4's (not played yet): known only after the game; serve gap: pn_top_target_out is known on 52% of 2026's played rows but on none of week 4's (not played yet): known only after the game; serve gap: pn_top_rusher_out is known on 52% of 2026's played rows but on none of week 4's (not played yet): known only after the game; serve gap: pn_teammate_share_out is known on 52% of 2026's played rows but on none of week 4's (not played yet): known only after the game; serve gap: pn_practice_ord is known on 100% of 2026's played rows but on none of week 4's (not played yet): known only after the game,Personnel: all of it,"D5: starting QB change and quality, offensive-line starters out, top teammate out, own injury history"
20261001162831,2026-10-01 16:28:31.711357+00,v2.0,fx1.0,personnel,intermediate.int_player_week_personnel,"pn_qb_changed,pn_qb_games_together,pn_qb_prev_ppg_diff,pn_qb_is_rookie_or_backup,pn_qb_starting,pn_ol_starters_out,pn_ol_snap_share_out,pn_ol_games_since_change,pn_top_target_out,pn_top_rusher_out,pn_teammate_share_out,pn_absence_beneficiary,pn_games_missed_season,pn_games_missed_prev,pn_q_streak,pn_returning,pn_report_status_ord,pn_practice_ord","2023,2024,2025",2016-2023,cb461af0c56b4811,WR,1389709692405551104,2024,18,2355,0.6324592416654001,0.46759259259259256,4.1080035951482285,0.8049589266895262,12.577532620206538,0.8963735830502054,0.6258058683032384,0.4722222222222222,4.111022234789733,0.8081891862346062,12.567916698188661,0.896932017486602,0.006653373362161763,-0.00462962962962965,-0.0030186396415041727,-0.0032302595450800498,0.00961592201787731,-0.0005584344363965821,keep,keep,1573.4374985470004,serve gap: pn_ol_starters_out is known on 52% of 2026's played rows but on none of week 4's (not played yet): known only after the game; serve gap: pn_ol_snap_share_out is known on 52% of 2026's played rows but on none of week 4's (not played yet): known only after the game; serve gap: pn_top_target_out is known on 52% of 2026's played rows but on none of week 4's (not played yet): known only after the game; serve gap: pn_top_rusher_out is known on 52% of 2026's played rows but on none of week 4's (not played yet): known only after the game; serve gap: pn_teammate_share_out is known on 52% of 2026's played rows but on none of week 4's (not played yet): known only after the game; serve gap: pn_practice_ord is known on 100% of 2026's played rows but on none of week 4's (not played yet): known only after the game,Personnel: all of it,"D5: starting QB change and quality, offensive-line starters out, top teammate out, own injury history"
20261001162831,2026-10-01 16:28:31.711357+00,v2.0,fx1.0,personnel,intermediate.int_player_week_personnel,"pn_qb_changed,pn_qb_games_together,pn_qb_prev_ppg_diff,pn_qb_is_rookie_or_backup,pn_qb_starting,pn_ol_starters_out,pn_ol_snap_share_out,pn_ol_games_since_change,pn_top_target_out,pn_top_rusher_out,pn_teammate_share_out,pn_absence_beneficiary,pn_games_missed_season,pn_games_missed_prev,pn_q_streak,pn_returning,pn_report_status_ord,pn_practice_ord","2023,2024,2025",2016-2024,cb461af0c56b4811,WR,1389709692405551104,2025,18,2366,0.6082011576767725,0.4652777777777778,3.864208553711391,0.7988518240133337,12.126515403605174,0.8206281291651002,0.60107460697586,0.45370370370370366,3.879997485317312,0.805383548509456,12.202734588861226,0.8249504578006683,0.007126550700912504,0.011574074074074125,-0.015788931605920986,-0.006531724496122382,-0.07621918525605231,-0.00432232863556814,keep,keep,1573.4374985470004,serve gap: pn_ol_starters_out is known on 52% of 2026's played rows but on none of week 4's (not played yet): known only after the game; serve gap: pn_ol_snap_share_out is known on 52% of 2026's played rows but on none of week 4's (not played yet): known only after the game; serve gap: pn_top_target_out is known on 52% of 2026's played rows but on none of week 4's (not played yet): known only after the game; serve gap: pn_top_rusher_out is known on 52% of 2026's played rows but on none of week 4's (not played yet): known only after the game; serve gap: pn_teammate_share_out is known on 52% of 2026's played rows but on none of week 4's (not played yet): known only after the game; serve gap: pn_practice_ord is known on 100% of 2026's played rows but on none of week 4's (not played yet): known only after the game,Personnel: all of it,"D5: starting QB change and quality, offensive-line starters out, top teammate out, own injury history"
20261001164103,2026-10-01 16:41:03.706973+00,v2.0,fx1.0,qb,intermediate.int_player_week_personnel,"pn_qb_changed,pn_qb_games_together,pn_qb_prev_ppg_diff,pn_qb_is_rookie_or_backup,pn_qb_starting","2023,2024,2025",2016-2022,cb461af0c56b4811,QB,1321941740235550720,2023,18,680,0.5905169243398202,0.5185185185185186,7.41945010665895,0.7236436681450908,22.516515648628328,1.6002741948904058,0.5224559100126451,0.49074074074074076,8.118371856627013,0.7275863423148562,24.62127940559263,1.695443064960612,0.06806101432717504,0.027777777777777846,-0.6989217499680622,-0.003942674169765348,-2.104763756964303,-0.09516887007020625,keep,keep,751.9174134650002,,Starting quarterback,"D5 sub-group: projected starter vs the QB of his last 4 games, games together, points-per-start gap, starter with < 8 career starts, (QB) is he the projected starter Shipped in v3.0 at QB (5 inputs)."
20261001164103,2026-10-01 16:41:03.706973+00,v2.0,fx1.0,qb,intermediate.int_player_week_personnel,"pn_qb_changed,pn_qb_games_together,pn_qb_prev_ppg_diff,pn_qb_is_rookie_or_backup,pn_qb_starting","2023,2024,2025",2016-2023,cb461af0c56b4811,QB,1321941740235550720,2024,18,664,0.5582601288813734,0.5555555555555556,7.935241134108054,0.7511612825224482,24.065435357550907,1.7503175333954692,0.5378203062561171,0.537037037037037,8.229692708393038,0.7832961972794183,26.710818495105404,1.8015736616536242,0.020439822625256343,0.0185185185185186,-0.2944515742849845,-0.03213491475697017,-2.6453831375544965,-0.051256128258154954,keep,keep,751.9174134650002,,Starting quarterback,"D5 sub-group: projected starter vs the QB of his last 4 games, games together, points-per-start gap, starter with < 8 career starts, (QB) is he the projected starter Shipped in v3.0 at QB (5 inputs)."
20261001164103,2026-10-01 16:41:03.706973+00,v2.0,fx1.0,qb,intermediate.int_player_week_personnel,"pn_qb_changed,pn_qb_games_together,pn_qb_prev_ppg_diff,pn_qb_is_rookie_or_backup,pn_qb_starting","2023,2024,2025",2016-2024,cb461af0c56b4811,QB,1321941740235550720,2025,18,677,0.5885001657668236,0.4861111111111111,7.466757225911666,0.7587454296543532,24.323425861238793,1.6436007039240315,0.5234057942815578,0.5,8.278642263988383,0.7411352864589952,24.865893888561384,1.7824104113937187,0.06509437148526587,-0.013888888888888895,-0.8118850380767171,0.01761014319535803,-0.5424680273225917,-0.13880970746968724,keep,keep,751.9174134650002,,Starting quarterback,"D5 sub-group: projected starter vs the QB of his last 4 games, games together, points-per-start gap, starter with < 8 career starts, (QB) is he the projected starter Shipped in v3.0 at QB (5 inputs)."
20261001164103,2026-10-01 16:41:03.706973+00,v2.0,fx1.0,qb,intermediate.int_player_week_personnel,"pn_qb_changed,pn_qb_games_together,pn_qb_prev_ppg_diff,pn_qb_is_rookie_or_backup,pn_qb_starting","2023,2024,2025",2016-2022,cb461af0c56b4811,QB,1389709692405551104,2023,18,680,0.6012021721295239,0.5277777777777778,5.27920752407677,0.7353629234447724,16.071471846151255,1.1432941086274675,0.5256801096145087,0.5092592592592592,5.834538085906659,0.7325778275744548,17.728945478610413,1.221190584290215,0.07552206251501514,0.0185185185185186,-0.5553305618298889,0.002785095870317611,-1.6574736324591584,-0.0778964756627476,keep,keep,751.9174134650002,,Starting quarterback,"D5 sub-group: projected starter vs the QB of his last 4 games, games together, points-per-start gap, starter with < 8 career starts, (QB) is he the projected starter Shipped in v3.0 at QB (5 inputs)."
20261001164103,2026-10-01 16:41:03.706973+00,v2.0,fx1.0,qb,intermediate.int_player_week_personnel,"pn_qb_changed,pn_qb_games_together,pn_qb_prev_ppg_diff,pn_qb_is_rookie_or_backup,pn_qb_starting","2023,2024,2025",2016-2023,cb461af0c56b4811,QB,1389709692405551104,2024,18,664,0.5790141605809046,0.587962962962963,5.72317813023092,0.7506974234756743,17.028722050268165,1.2452301106033246,0.5561325996135695,0.5416666666666666,5.968519084105844,0.7902428660657924,19.21547087231386,1.2754083507094145,0.02288156096733507,0.04629629629629639,-0.2453409538749236,-0.03954544259011816,-2.1867488220456934,-0.030178240106089937,keep,keep,751.9174134650002,,Starting quarterback,"D5 sub-group: projected starter vs the QB of his last 4 games, games together, points-per-start gap, starter with < 8 career starts, (QB) is he the projected starter Shipped in v3.0 at QB (5 inputs)."
20261001164103,2026-10-01 16:41:03.706973+00,v2.0,fx1.0,qb,intermediate.int_player_week_personnel,"pn_qb_changed,pn_qb_games_together,pn_qb_prev_ppg_diff,pn_qb_is_rookie_or_backup,pn_qb_starting","2023,2024,2025",2016-2024,cb461af0c56b4811,QB,1389709692405551104,2025,18,677,0.6000645132114157,0.49537037037037035,5.3977248898527,0.774097943734733,17.736513059754326,1.1696979096551516,0.5352093003571752,0.5138888888888888,6.035030058329808,0.7561931599873815,18.28492217449843,1.2794175833228147,0.06485521285424056,-0.01851851851851849,-0.6373051684771083,0.017904783747351494,-0.5484091147441035,-0.10971967366766311,keep,keep,751.9174134650002,,Starting quarterback,"D5 sub-group: projected starter vs the QB of his last 4 games, games together, points-per-start gap, starter with < 8 career starts, (QB) is he the projected starter Shipped in v3.0 at QB (5 inputs)."
20261001164103,2026-10-01 16:41:03.706973+00,v2.0,fx1.0,qb,intermediate.int_player_week_personnel,"pn_qb_changed,pn_qb_games_together,pn_qb_prev_ppg_diff,pn_qb_is_rookie_or_backup,pn_qb_starting","2023,2024,2025",2016-2022,cb461af0c56b4811,RB,1321941740235550720,2023,18,1482,0.6811517598166726,0.6273148148148148,4.5499644595258255,0.8166763432244619,14.04260632472325,1.0208002510219465,0.6789541487937356,0.625,4.565048339555861,0.8228197362354811,14.326257632153418,1.0210909471159724,0.0021976110229370294,0.0023148148148147696,-0.015083880030035246,-0.0061433930110191826,-0.2836513074301674,-0.00029069609402587737,drop,keep,751.9174134650002,,Starting quarterback,"D5 sub-group: projected starter vs the QB of his last 4 games, games together, points-per-start gap, starter with < 8 career starts, (QB) is he the projected starter"
20261001164103,2026-10-01 16:41:03.706973+00,v2.0,fx1.0,qb,intermediate.int_player_week_personnel,"pn_qb_changed,pn_qb_games_together,pn_qb_prev_ppg_diff,pn_qb_is_rookie_or_backup,pn_qb_starting","2023,2024,2025",2016-2023,cb461af0c56b4811,RB,1321941740235550720,2024,18,1495,0.6830474087302028,0.6666666666666666,4.712356806597537,0.7982169576608795,14.719012638094377,1.015100633713016,0.683982337730687,0.6736111111111112,4.709033406682767,0.7849798036617669,14.778347489149919,1.0140256700401826,-0.000934929000484197,-0.006944444444444531,0.003323399914769709,0.013237153999112627,-0.05933485105554226,0.001074963672833329,drop,keep,751.9174134650002,,Starting quarterback,"D5 sub-group: projected starter vs the QB of his last 4 games, games together, points-per-start gap, starter with < 8 career starts, (QB) is he the projected starter"
20261001164103,2026-10-01 16:41:03.706973+00,v2.0,fx1.0,qb,intermediate.int_player_week_personnel,"pn_qb_changed,pn_qb_games_together,pn_qb_prev_ppg_diff,pn_qb_is_rookie_or_backup,pn_qb_starting","2023,2024,2025",2016-2024,cb461af0c56b4811,RB,1321941740235550720,2025,18,1518,0.6929223502173921,0.625,4.739945117961273,0.801514111822528,14.277248264934283,1.0435063317449351,0.6950103969394773,0.6365740740740741,4.747744357797661,0.7855412596247372,14.36464541810875,1.046606036495452,-0.0020880467220851795,-0.01157407407407407,-0.007799239836387528,0.015972852197790766,-0.08739715317446795,-0.0030997047505167963,drop,keep,751.9174134650002,,Starting quarterback,"D5 sub-group: projected starter vs the QB of his last 4 games, games together, points-per-start gap, starter with < 8 career starts, (QB) is he the projected starter"
20261001164103,2026-10-01 16:41:03.706973+00,v2.0,fx1.0,qb,intermediate.int_player_week_personnel,"pn_qb_changed,pn_qb_games_together,pn_qb_prev_ppg_diff,pn_qb_is_rookie_or_backup,pn_qb_starting","2023,2024,2025",2016-2022,cb461af0c56b4811,RB,1389709692405551104,2023,18,1482,0.676494313890157,0.6134259259259259,4.10691957819934,0.823747187802007,12.749046932584115,0.90619585799043,0.6756450176028727,0.6064814814814814,4.117502283433733,0.8174518733456249,12.449043123468384,0.9050705985700918,0.0008492962872843624,0.006944444444444531,-0.010582705234392975,0.006295314456382095,0.3000038091157311,0.0011252594203382538,drop,keep,751.9174134650002,,Starting quarterback,"D5 sub-group: projected starter vs the QB of his last 4 games, games together, points-per-start gap, starter with < 8 career starts, (QB) is he the projected starter"
20261001164103,2026-10-01 16:41:03.706973+00,v2.0,fx1.0,qb,intermediate.int_player_week_personnel,"pn_qb_changed,pn_qb_games_together,pn_qb_prev_ppg_diff,pn_qb_is_rookie_or_backup,pn_qb_starting","2023,2024,2025",2016-2023,cb461af0c56b4811,RB,1389709692405551104,2024,18,1495,0.6767306896323366,0.6481481481481481,4.22516690783584,0.7984209795524996,13.11862329376113,0.9017720282968382,0.6760537172860128,0.6574074074074074,4.228841728668209,0.8025266257202242,13.044841079231357,0.9064258267080072,0.0006769723463238009,-0.0092592592592593,-0.003674820832369363,-0.004105646167724575,0.07378221452977307,-0.0046537984111689745,drop,keep,751.9174134650002,,Starting quarterback,"D5 sub-group: projected starter vs the QB of his last 4 games, games together, points-per-start gap, starter with < 8 career starts, (QB) is he the projected starter"
20261001164103,2026-10-01 16:41:03.706973+00,v2.0,fx1.0,qb,intermediate.int_player_week_personnel,"pn_qb_changed,pn_qb_games_together,pn_qb_prev_ppg_diff,pn_qb_is_rookie_or_backup,pn_qb_starting","2023,2024,2025",2016-2024,cb461af0c56b4811,RB,1389709692405551104,2025,18,1518,0.6881698969231673,0.6157407407407408,4.286873887404711,0.7838303834903338,12.769012418267426,0.9336783610967869,0.6908815711950581,0.6134259259259259,4.282656131176271,0.7755417665473705,12.727053613563863,0.932001735176007,-0.002711674271890785,0.0023148148148148806,0.00421775622844045,0.008288616942963345,0.0419588047035635,0.001676625920779884,drop,keep,751.9174134650002,,Starting quarterback,"D5 sub-group: projected starter vs the QB of his last 4 games, games together, points-per-start gap, starter with < 8 career starts, (QB) is he the projected starter"
20261001164103,2026-10-01 16:41:03.706973+00,v2.0,fx1.0,qb,intermediate.int_player_week_personnel,"pn_qb_changed,pn_qb_games_together,pn_qb_prev_ppg_diff,pn_qb_is_rookie_or_backup,pn_qb_starting","2023,2024,2025",2016-2022,cb461af0c56b4811,TE,1321941740235550720,2023,18,1177,0.5718100588683332,0.5138888888888888,3.4306247436564044,0.7948754782884806,10.689489089411309,0.7562810748734747,0.5731549358489271,0.5138888888888888,3.404402167383241,0.8034886757774902,10.492863184652377,0.7471459897645805,-0.0013448769805938232,0,0.026222576273163156,-0.008613197489009572,0.19662590475893182,0.00913508510889427,drop,keep,751.9174134650002,,Starting quarterback,"D5 sub-group: projected starter vs the QB of his last 4 games, games together, points-per-start gap, starter with < 8 career starts, (QB) is he the projected starter"
20261001164103,2026-10-01 16:41:03.706973+00,v2.0,fx1.0,qb,intermediate.int_player_week_personnel,"pn_qb_changed,pn_qb_games_together,pn_qb_prev_ppg_diff,pn_qb_is_rookie_or_backup,pn_qb_starting","2023,2024,2025",2016-2023,cb461af0c56b4811,TE,1321941740235550720,2024,18,1221,0.5774457824170428,0.4583333333333333,3.602807106231963,0.8022650684778216,10.472057859653685,0.7924258747470545,0.574264077708444,0.4583333333333333,3.59539965470318,0.7743029055589911,10.206185491509853,0.7903953884216951,0.003181704708598798,0,0.007407451528782971,0.02796216291883058,0.26587236814383175,0.002030486325359404,drop,keep,751.9174134650002,,Starting quarterback,"D5 sub-group: projected starter vs the QB of his last 4 games, games together, points-per-start gap, starter with < 8 career starts, (QB) is he the projected starter"
20261001164103,2026-10-01 16:41:03.706973+00,v2.0,fx1.0,qb,intermediate.int_player_week_personnel,"pn_qb_changed,pn_qb_games_together,pn_qb_prev_ppg_diff,pn_qb_is_rookie_or_backup,pn_qb_starting","2023,2024,2025",2016-2024,cb461af0c56b4811,TE,1321941740235550720,2025,18,1268,0.6225104289682245,0.4444444444444444,3.5128375166870933,0.8255645837142445,10.106795091524994,0.802491081343631,0.6253565710969989,0.4212962962962963,3.5060303412258347,0.8274175947019309,10.087548898832267,0.8008154658194906,-0.0028461421287744315,0.02314814814814814,0.006807175461258641,-0.001853010987686421,0.019246192692726538,0.001675615524140417,drop,keep,751.9174134650002,,Starting quarterback,"D5 sub-group: projected starter vs the QB of his last 4 games, games together, points-per-start gap, starter with < 8 career starts, (QB) is he the projected starter"
20261001164103,2026-10-01 16:41:03.706973+00,v2.0,fx1.0,qb,intermediate.int_player_week_personnel,"pn_qb_changed,pn_qb_games_together,pn_qb_prev_ppg_diff,pn_qb_is_rookie_or_backup,pn_qb_starting","2023,2024,2025",2016-2022,cb461af0c56b4811,TE,1389709692405551104,2023,18,1177,0.5518031370612505,0.4722222222222222,2.8737507643750577,0.7994090544846487,8.918582066956317,0.6387673364607883,0.5526674547558043,0.48148148148148145,2.8536294975103322,0.8104562828686124,8.769791614718581,0.6359043614952173,-0.0008643176945537512,-0.009259259259259245,0.020121266864725484,-0.011047228383963659,0.14879045223773524,0.0028629749655709746,drop,keep,751.9174134650002,,Starting quarterback,"D5 sub-group: projected starter vs the QB of his last 4 games, games together, points-per-start gap, starter with < 8 career starts, (QB) is he the projected starter"
20261001164103,2026-10-01 16:41:03.706973+00,v2.0,fx1.0,qb,intermediate.int_player_week_personnel,"pn_qb_changed,pn_qb_games_together,pn_qb_prev_ppg_diff,pn_qb_is_rookie_or_backup,pn_qb_starting","2023,2024,2025",2016-2023,cb461af0c56b4811,TE,1389709692405551104,2024,18,1221,0.5642014694439044,0.4212962962962963,2.9988284094094,0.8071999227318885,8.745227249866266,0.6512339455923998,0.5598785707889994,0.4212962962962963,2.995168113013023,0.8091092743419375,8.61647263454671,0.654603840250283,0.004322898654904983,0,0.003660296396377216,-0.0019093516100490149,0.128754615319556,-0.0033698946578831768,drop,keep,751.9174134650002,,Starting quarterback,"D5 sub-group: projected starter vs the QB of his last 4 games, games together, points-per-start gap, starter with < 8 career starts, (QB) is he the projected starter"
20261001164103,2026-10-01 16:41:03.706973+00,v2.0,fx1.0,qb,intermediate.int_player_week_personnel,"pn_qb_changed,pn_qb_games_together,pn_qb_prev_ppg_diff,pn_qb_is_rookie_or_backup,pn_qb_starting","2023,2024,2025",2016-2024,cb461af0c56b4811,TE,1389709692405551104,2025,18,1268,0.6089062990167571,0.42592592592592593,2.9897746959057105,0.8197220420898337,8.52314666465761,0.6864677417785889,0.6114816218323065,0.39814814814814814,2.9795136555105186,0.8302488484538157,8.566879777547221,0.6825983815690715,-0.002575322815549397,0.02777777777777779,0.010261040395191934,-0.010526806363982066,-0.0437331128896119,0.0038693602095174473,drop,keep,751.9174134650002,,Starting quarterback,"D5 sub-group: projected starter vs the QB of his last 4 games, games together, points-per-start gap, starter with < 8 career starts, (QB) is he the projected starter"
20261001164103,2026-10-01 16:41:03.706973+00,v2.0,fx1.0,qb,intermediate.int_player_week_personnel,"pn_qb_changed,pn_qb_games_together,pn_qb_prev_ppg_diff,pn_qb_is_rookie_or_backup,pn_qb_starting","2023,2024,2025",2016-2022,cb461af0c56b4811,WR,1321941740235550720,2023,18,2393,0.6392721131724256,0.5023148148148148,4.825397930208398,0.8228604448971973,15.17067610016321,1.0640404602847535,0.6392918990013178,0.5,4.844521808613023,0.8276029070508462,15.19898926672618,1.063735644351547,-1.978582889217151e-05,0.0023148148148147696,-0.01912387840462504,-0.004742462153648819,-0.028313166562970338,0.00030481593320641487,drop,keep,751.9174134650002,,Starting quarterback,"D5 sub-group: projected starter vs the QB of his last 4 games, games together, points-per-start gap, starter with < 8 career starts, (QB) is he the projected starter"
20261001164103,2026-10-01 16:41:03.706973+00,v2.0,fx1.0,qb,intermediate.int_player_week_personnel,"pn_qb_changed,pn_qb_games_together,pn_qb_prev_ppg_diff,pn_qb_is_rookie_or_backup,pn_qb_starting","2023,2024,2025",2016-2023,cb461af0c56b4811,WR,1321941740235550720,2024,18,2355,0.63867448149049,0.4722222222222222,4.925479863749258,0.794234964411228,15.228754105097316,1.0876166893391472,0.6392689713644507,0.46759259259259256,4.915209595301268,0.810699347029401,15.29574342823534,1.0888242050914194,-0.000594489873960713,0.00462962962962965,0.010270268447990283,-0.016464382618173068,-0.0669893231380243,-0.0012075157522721813,drop,keep,751.9174134650002,,Starting quarterback,"D5 sub-group: projected starter vs the QB of his last 4 games, games together, points-per-start gap, starter with < 8 career starts, (QB) is he the projected starter"
20261001164103,2026-10-01 16:41:03.706973+00,v2.0,fx1.0,qb,intermediate.int_player_week_personnel,"pn_qb_changed,pn_qb_games_together,pn_qb_prev_ppg_diff,pn_qb_is_rookie_or_backup,pn_qb_starting","2023,2024,2025",2016-2024,cb461af0c56b4811,WR,1321941740235550720,2025,18,2366,0.6168630935541495,0.48148148148148145,4.59674925481704,0.7999115025411337,14.514980970392596,0.9891003783101007,0.6152386686159024,0.4791666666666667,4.600664516848402,0.8144156378966352,14.616042607224918,0.9901513399339991,0.0016244249382471043,0.0023148148148147696,-0.0039152620313620545,-0.014504135355501435,-0.10106163683232161,-0.0010509616238983943,drop,keep,751.9174134650002,,Starting quarterback,"D5 sub-group: projected starter vs the QB of his last 4 games, games together, points-per-start gap, starter with < 8 career starts, (QB) is he the projected starter"
20261001164103,2026-10-01 16:41:03.706973+00,v2.0,fx1.0,qb,intermediate.int_player_week_personnel,"pn_qb_changed,pn_qb_games_together,pn_qb_prev_ppg_diff,pn_qb_is_rookie_or_backup,pn_qb_starting","2023,2024,2025",2016-2022,cb461af0c56b4811,WR,1389709692405551104,2023,18,2393,0.6243999857713272,0.4861111111111111,4.037974758169216,0.8186703013262308,12.60386984422891,0.8784317735206658,0.6246061268487013,0.48379629629629634,4.051944662215899,0.8202839699817535,12.623847439187115,0.8785657701147183,-0.00020614107737415566,0.0023148148148147696,-0.01396990404668319,-0.0016136686555227042,-0.019977594958204392,-0.00013399659405244346,drop,keep,751.9174134650002,,Starting quarterback,"D5 sub-group: projected starter vs the QB of his last 4 games, games together, points-per-start gap, starter with < 8 career starts, (QB) is he the projected starter"
20261001164103,2026-10-01 16:41:03.706973+00,v2.0,fx1.0,qb,intermediate.int_player_week_personnel,"pn_qb_changed,pn_qb_games_together,pn_qb_prev_ppg_diff,pn_qb_is_rookie_or_backup,pn_qb_starting","2023,2024,2025",2016-2023,cb461af0c56b4811,WR,1389709692405551104,2024,18,2355,0.6256991003963849,0.4652777777777778,4.123962931549673,0.7941166255196191,12.608655526320558,0.8992825087582145,0.6258058683032384,0.4722222222222222,4.111022234789733,0.8081891862346062,12.567916698188661,0.896932017486602,-0.0001067679068534888,-0.00694444444444442,0.012940696759939918,-0.014072560714987081,0.040738828131896554,0.002350491271612465,drop,keep,751.9174134650002,,Starting quarterback,"D5 sub-group: projected starter vs the QB of his last 4 games, games together, points-per-start gap, starter with < 8 career starts, (QB) is he the projected starter"
20261001164103,2026-10-01 16:41:03.706973+00,v2.0,fx1.0,qb,intermediate.int_player_week_personnel,"pn_qb_changed,pn_qb_games_together,pn_qb_prev_ppg_diff,pn_qb_is_rookie_or_backup,pn_qb_starting","2023,2024,2025",2016-2024,cb461af0c56b4811,WR,1389709692405551104,2025,18,2366,0.6023302473531872,0.4583333333333333,3.8749722082270566,0.8104919573588923,12.102388234260951,0.8232624406499791,0.60107460697586,0.45370370370370366,3.879997485317312,0.805383548509456,12.202734588861226,0.8249504578006683,0.0012556403773271718,0.00462962962962965,-0.005025277090255464,0.005108408849436308,-0.10034635460027452,-0.001688017150689225,drop,keep,751.9174134650002,,Starting quarterback,"D5 sub-group: projected starter vs the QB of his last 4 games, games together, points-per-start gap, starter with < 8 career starts, (QB) is he the projected starter"
20261001165022,2026-10-01 16:50:22.610552+00,v2.0,fx1.0,oline,intermediate.int_player_week_personnel,"pn_ol_starters_out,pn_ol_snap_share_out,pn_ol_games_since_change","2023,2024,2025",2016-2022,cb461af0c56b4811,QB,1321941740235550720,2023,18,680,0.5352439754272936,0.5046296296296295,8.075435470321327,0.7222928009595088,24.42427093598123,1.6904569328417522,0.5224559100126451,0.49074074074074076,8.118371856627013,0.7275863423148562,24.62127940559263,1.695443064960612,0.012788065414648497,0.013888888888888784,-0.0429363863056853,-0.005293541355347431,-0.19700846961140073,-0.004986132118859787,drop,drop,558.8717396320008,serve gap: pn_ol_starters_out is known on 52% of 2026's played rows but on none of week 4's (not played yet): known only after the game; serve gap: pn_ol_snap_share_out is known on 52% of 2026's played rows but on none of week 4's (not played yet): known only after the game,Offensive line out,"D5 sub-group: line starters (top 5 by snaps, last 4 games) Out / Doubtful / reserve this week, their snap share, games since the starting five changed"
20261001165022,2026-10-01 16:50:22.610552+00,v2.0,fx1.0,oline,intermediate.int_player_week_personnel,"pn_ol_starters_out,pn_ol_snap_share_out,pn_ol_games_since_change","2023,2024,2025",2016-2023,cb461af0c56b4811,QB,1321941740235550720,2024,18,664,0.5350090542504433,0.5277777777777778,8.307493849813504,0.7809629741778864,26.302695604085567,1.7735715287649922,0.5378203062561171,0.537037037037037,8.229692708393038,0.7832961972794183,26.710818495105404,1.8015736616536242,-0.002811252005673781,-0.00925925925925919,0.07780114142046557,-0.002333223101531945,-0.40812289101983623,-0.02800213288863196,drop,drop,558.8717396320008,serve gap: pn_ol_starters_out is known on 52% of 2026's played rows but on none of week 4's (not played yet): known only after the game; serve gap: pn_ol_snap_share_out is known on 52% of 2026's played rows but on none of week 4's (not played yet): known only after the game,Offensive line out,"D5 sub-group: line starters (top 5 by snaps, last 4 games) Out / Doubtful / reserve this week, their snap share, games since the starting five changed"
20261001165022,2026-10-01 16:50:22.610552+00,v2.0,fx1.0,oline,intermediate.int_player_week_personnel,"pn_ol_starters_out,pn_ol_snap_share_out,pn_ol_games_since_change","2023,2024,2025",2016-2024,cb461af0c56b4811,QB,1321941740235550720,2025,18,677,0.5296151772954626,0.49074074074074076,8.275179358553165,0.7437260825531988,24.804177024458472,1.7638012427018088,0.5234057942815578,0.5,8.278642263988383,0.7411352864589952,24.865893888561384,1.7824104113937187,0.0062093830139048345,-0.009259259259259245,-0.0034629054352173227,0.002590796094203651,-0.06171686410291244,-0.018609168691909872,drop,drop,558.8717396320008,serve gap: pn_ol_starters_out is known on 52% of 2026's played rows but on none of week 4's (not played yet): known only after the game; serve gap: pn_ol_snap_share_out is known on 52% of 2026's played rows but on none of week 4's (not played yet): known only after the game,Offensive line out,"D5 sub-group: line starters (top 5 by snaps, last 4 games) Out / Doubtful / reserve this week, their snap share, games since the starting five changed"
20261001165022,2026-10-01 16:50:22.610552+00,v2.0,fx1.0,oline,intermediate.int_player_week_personnel,"pn_ol_starters_out,pn_ol_snap_share_out,pn_ol_games_since_change","2023,2024,2025",2016-2022,cb461af0c56b4811,QB,1389709692405551104,2023,18,680,0.5363911120877254,0.5138888888888888,5.81170422303132,0.7395386187738276,17.909391281441888,1.2259865292312209,0.5256801096145087,0.5092592592592592,5.834538085906659,0.7325778275744548,17.728945478610413,1.221190584290215,0.010711002473216658,0.00462962962962965,-0.022833862875338617,0.006960791199372873,0.18044580283147482,0.00479594494100577,drop,drop,558.8717396320008,serve gap: pn_ol_starters_out is known on 52% of 2026's played rows but on none of week 4's (not played yet): known only after the game; serve gap: pn_ol_snap_share_out is known on 52% of 2026's played rows but on none of week 4's (not played yet): known only after the game,Offensive line out,"D5 sub-group: line starters (top 5 by snaps, last 4 games) Out / Doubtful / reserve this week, their snap share, games since the starting five changed"
20261001165022,2026-10-01 16:50:22.610552+00,v2.0,fx1.0,oline,intermediate.int_player_week_personnel,"pn_ol_starters_out,pn_ol_snap_share_out,pn_ol_games_since_change","2023,2024,2025",2016-2023,cb461af0c56b4811,QB,1389709692405551104,2024,18,664,0.553923822321439,0.537037037037037,6.03158318622126,0.7811454675100095,18.720354570085618,1.261864940090308,0.5561325996135695,0.5416666666666666,5.968519084105844,0.7902428660657924,19.21547087231386,1.2754083507094145,-0.002208777292130537,-0.00462962962962965,0.06306410211541635,-0.009097398555782954,-0.4951163022282401,-0.013543410619106577,drop,drop,558.8717396320008,serve gap: pn_ol_starters_out is known on 52% of 2026's played rows but on none of week 4's (not played yet): known only after the game; serve gap: pn_ol_snap_share_out is known on 52% of 2026's played rows but on none of week 4's (not played yet): known only after the game,Offensive line out,"D5 sub-group: line starters (top 5 by snaps, last 4 games) Out / Doubtful / reserve this week, their snap share, games since the starting five changed"
20261001165022,2026-10-01 16:50:22.610552+00,v2.0,fx1.0,oline,intermediate.int_player_week_personnel,"pn_ol_starters_out,pn_ol_snap_share_out,pn_ol_games_since_change","2023,2024,2025",2016-2024,cb461af0c56b4811,QB,1389709692405551104,2025,18,677,0.5351903761752835,0.5092592592592592,6.035065579499596,0.7413459570450528,18.033011002141077,1.2799170904573234,0.5352093003571752,0.5138888888888888,6.035030058329808,0.7561931599873815,18.28492217449843,1.2794175833228147,-1.8924181891644132e-05,-0.00462962962962965,3.552116978777775e-05,-0.014847202942328663,-0.25191117235735305,0.0004995071345086366,drop,drop,558.8717396320008,serve gap: pn_ol_starters_out is known on 52% of 2026's played rows but on none of week 4's (not played yet): known only after the game; serve gap: pn_ol_snap_share_out is known on 52% of 2026's played rows but on none of week 4's (not played yet): known only after the game,Offensive line out,"D5 sub-group: line starters (top 5 by snaps, last 4 games) Out / Doubtful / reserve this week, their snap share, games since the starting five changed"
20261001165022,2026-10-01 16:50:22.610552+00,v2.0,fx1.0,oline,intermediate.int_player_week_personnel,"pn_ol_starters_out,pn_ol_snap_share_out,pn_ol_games_since_change","2023,2024,2025",2016-2022,cb461af0c56b4811,RB,1321941740235550720,2023,18,1482,0.6793604485338834,0.6296296296296297,4.572457381939033,0.8205591768776276,14.254408174729845,1.0206611456796726,0.6789541487937356,0.625,4.565048339555861,0.8228197362354811,14.326257632153418,1.0210909471159724,0.00040629974014783077,0.00462962962962965,0.007409042383172526,-0.00226055935785352,-0.07184945742357307,-0.0004298014362997815,drop,drop,558.8717396320008,serve gap: pn_ol_starters_out is known on 52% of 2026's played rows but on none of week 4's (not played yet): known only after the game; serve gap: pn_ol_snap_share_out is known on 52% of 2026's played rows but on none of week 4's (not played yet): known only after the game,Offensive line out,"D5 sub-group: line starters (top 5 by snaps, last 4 games) Out / Doubtful / reserve this week, their snap share, games since the starting five changed"
20261001165022,2026-10-01 16:50:22.610552+00,v2.0,fx1.0,oline,intermediate.int_player_week_personnel,"pn_ol_starters_out,pn_ol_snap_share_out,pn_ol_games_since_change","2023,2024,2025",2016-2023,cb461af0c56b4811,RB,1321941740235550720,2024,18,1495,0.6834150234180495,0.6712962962962963,4.700103686519227,0.7865043028661268,14.724231561764517,1.0145845992649727,0.683982337730687,0.6736111111111112,4.709033406682767,0.7849798036617669,14.778347489149919,1.0140256700401826,-0.0005673143126374569,-0.0023148148148148806,-0.008929720163540544,0.0015244992043599304,-0.05411592738540172,0.0005589292247900612,drop,drop,558.8717396320008,serve gap: pn_ol_starters_out is known on 52% of 2026's played rows but on none of week 4's (not played yet): known only after the game; serve gap: pn_ol_snap_share_out is known on 52% of 2026's played rows but on none of week 4's (not played yet): known only after the game,Offensive line out,"D5 sub-group: line starters (top 5 by snaps, last 4 games) Out / Doubtful / reserve this week, their snap share, games since the starting five changed"
20261001165022,2026-10-01 16:50:22.610552+00,v2.0,fx1.0,oline,intermediate.int_player_week_personnel,"pn_ol_starters_out,pn_ol_snap_share_out,pn_ol_games_since_change","2023,2024,2025",2016-2024,cb461af0c56b4811,RB,1321941740235550720,2025,18,1518,0.6942923912467103,0.6319444444444444,4.7240795153125665,0.7853129476398057,14.108931446118397,1.0437996877109905,0.6950103969394773,0.6365740740740741,4.747744357797661,0.7855412596247372,14.36464541810875,1.046606036495452,-0.000718005692767032,-0.00462962962962965,-0.023664842485094262,-0.00022831198493145077,-0.2557139719903532,-0.002806348784461399,drop,drop,558.8717396320008,serve gap: pn_ol_starters_out is known on 52% of 2026's played rows but on none of week 4's (not played yet): known only after the game; serve gap: pn_ol_snap_share_out is known on 52% of 2026's played rows but on none of week 4's (not played yet): known only after the game,Offensive line out,"D5 sub-group: line starters (top 5 by snaps, last 4 games) Out / Doubtful / reserve this week, their snap share, games since the starting five changed"
20261001165022,2026-10-01 16:50:22.610552+00,v2.0,fx1.0,oline,intermediate.int_player_week_personnel,"pn_ol_starters_out,pn_ol_snap_share_out,pn_ol_games_since_change","2023,2024,2025",2016-2022,cb461af0c56b4811,RB,1389709692405551104,2023,18,1482,0.6741003800945505,0.6041666666666666,4.122580915638782,0.8283067817923419,12.938219063893179,0.9106484522377714,0.6756450176028727,0.6064814814814814,4.117502283433733,0.8174518733456249,12.449043123468384,0.9050705985700918,-0.001544637508322122,-0.0023148148148147696,0.00507863220504845,0.010854908446716993,0.4891759404247953,0.0055778536676796,drop,drop,558.8717396320008,serve gap: pn_ol_starters_out is known on 52% of 2026's played rows but on none of week 4's (not played yet): known only after the game; serve gap: pn_ol_snap_share_out is known on 52% of 2026's played rows but on none of week 4's (not played yet): known only after the game,Offensive line out,"D5 sub-group: line starters (top 5 by snaps, last 4 games) Out / Doubtful / reserve this week, their snap share, games since the starting five changed"
20261001165022,2026-10-01 16:50:22.610552+00,v2.0,fx1.0,oline,intermediate.int_player_week_personnel,"pn_ol_starters_out,pn_ol_snap_share_out,pn_ol_games_since_change","2023,2024,2025",2016-2023,cb461af0c56b4811,RB,1389709692405551104,2024,18,1495,0.6758050948148348,0.6527777777777778,4.217911100999826,0.8002490274576104,13.129937159368637,0.9046462281885065,0.6760537172860128,0.6574074074074074,4.228841728668209,0.8025266257202242,13.044841079231357,0.9064258267080072,-0.0002486224711780727,-0.00462962962962965,-0.010930627668383153,-0.002277598262613756,0.08509608013727998,-0.0017795985195007136,drop,drop,558.8717396320008,serve gap: pn_ol_starters_out is known on 52% of 2026's played rows but on none of week 4's (not played yet): known only after the game; serve gap: pn_ol_snap_share_out is known on 52% of 2026's played rows but on none of week 4's (not played yet): known only after the game,Offensive line out,"D5 sub-group: line starters (top 5 by snaps, last 4 games) Out / Doubtful / reserve this week, their snap share, games since the starting five changed"
20261001165022,2026-10-01 16:50:22.610552+00,v2.0,fx1.0,oline,intermediate.int_player_week_personnel,"pn_ol_starters_out,pn_ol_snap_share_out,pn_ol_games_since_change","2023,2024,2025",2016-2024,cb461af0c56b4811,RB,1389709692405551104,2025,18,1518,0.6915308150895961,0.6203703703703703,4.273760518554921,0.7781068780832323,12.749846103641753,0.9356463694333258,0.6908815711950581,0.6134259259259259,4.282656131176271,0.7755417665473705,12.727053613563863,0.932001735176007,0.0006492438945380208,0.00694444444444442,-0.008895612621349969,0.002565111535861808,0.022792490077890193,0.0036446342573187573,drop,drop,558.8717396320008,serve gap: pn_ol_starters_out is known on 52% of 2026's played rows but on none of week 4's (not played yet): known only after the game; serve gap: pn_ol_snap_share_out is known on 52% of 2026's played rows but on none of week 4's (not played yet): known only after the game,Offensive line out,"D5 sub-group: line starters (top 5 by snaps, last 4 games) Out / Doubtful / reserve this week, their snap share, games since the starting five changed"
20261001165022,2026-10-01 16:50:22.610552+00,v2.0,fx1.0,oline,intermediate.int_player_week_personnel,"pn_ol_starters_out,pn_ol_snap_share_out,pn_ol_games_since_change","2023,2024,2025",2016-2022,cb461af0c56b4811,TE,1321941740235550720,2023,18,1177,0.5732243462001402,0.5277777777777778,3.4042895110431726,0.8010335612138495,10.60039936719073,0.7566610618857523,0.5731549358489271,0.5138888888888888,3.404402167383241,0.8034886757774902,10.492863184652377,0.7471459897645805,6.941035121310613e-05,0.01388888888888895,-0.00011265634006862868,-0.00245511456364067,0.10753618253835384,0.009515072121171864,drop,drop,558.8717396320008,serve gap: pn_ol_starters_out is known on 52% of 2026's played rows but on none of week 4's (not played yet): known only after the game; serve gap: pn_ol_snap_share_out is known on 52% of 2026's played rows but on none of week 4's (not played yet): known only after the game,Offensive line out,"D5 sub-group: line starters (top 5 by snaps, last 4 games) Out / Doubtful / reserve this week, their snap share, games since the starting five changed"
20261001165022,2026-10-01 16:50:22.610552+00,v2.0,fx1.0,oline,intermediate.int_player_week_personnel,"pn_ol_starters_out,pn_ol_snap_share_out,pn_ol_games_since_change","2023,2024,2025",2016-2023,cb461af0c56b4811,TE,1321941740235550720,2024,18,1221,0.5745895221174919,0.47685185185185186,3.6032075488729323,0.8050089661314002,10.199795284597066,0.7887996698447961,0.574264077708444,0.4583333333333333,3.59539965470318,0.7743029055589911,10.206185491509853,0.7903953884216951,0.0003254444090479147,0.018518518518518545,0.007807894169752139,0.0307060605724091,-0.006390206912787022,-0.0015957185768989968,drop,drop,558.8717396320008,serve gap: pn_ol_starters_out is known on 52% of 2026's played rows but on none of week 4's (not played yet): known only after the game; serve gap: pn_ol_snap_share_out is known on 52% of 2026's played rows but on none of week 4's (not played yet): known only after the game,Offensive line out,"D5 sub-group: line starters (top 5 by snaps, last 4 games) Out / Doubtful / reserve this week, their snap share, games since the starting five changed"
20261001165022,2026-10-01 16:50:22.610552+00,v2.0,fx1.0,oline,intermediate.int_player_week_personnel,"pn_ol_starters_out,pn_ol_snap_share_out,pn_ol_games_since_change","2023,2024,2025",2016-2024,cb461af0c56b4811,TE,1321941740235550720,2025,18,1268,0.6249578804509769,0.4398148148148148,3.501399169188849,0.8164255830424347,10.024391819967256,0.801512510392571,0.6253565710969989,0.4212962962962963,3.5060303412258347,0.8274175947019309,10.087548898832267,0.8008154658194906,-0.0003986906460220485,0.018518518518518545,-0.00463117203698582,-0.010992011659496148,-0.06315707886501087,0.0006970445730803965,drop,drop,558.8717396320008,serve gap: pn_ol_starters_out is known on 52% of 2026's played rows but on none of week 4's (not played yet): known only after the game; serve gap: pn_ol_snap_share_out is known on 52% of 2026's played rows but on none of week 4's (not played yet): known only after the game,Offensive line out,"D5 sub-group: line starters (top 5 by snaps, last 4 games) Out / Doubtful / reserve this week, their snap share, games since the starting five changed"
20261001165022,2026-10-01 16:50:22.610552+00,v2.0,fx1.0,oline,intermediate.int_player_week_personnel,"pn_ol_starters_out,pn_ol_snap_share_out,pn_ol_games_since_change","2023,2024,2025",2016-2022,cb461af0c56b4811,TE,1389709692405551104,2023,18,1177,0.5532008973834502,0.4861111111111111,2.8538269665609355,0.8060040528314164,8.750993363018626,0.6358132051077439,0.5526674547558043,0.48148148148148145,2.8536294975103322,0.8104562828686124,8.769791614718581,0.6359043614952173,0.0005334426276459858,0.00462962962962965,0.00019746905060324949,-0.00445223003719597,-0.018798251699955415,-9.115638747347887e-05,drop,drop,558.8717396320008,serve gap: pn_ol_starters_out is known on 52% of 2026's played rows but on none of week 4's (not played yet): known only after the game; serve gap: pn_ol_snap_share_out is known on 52% of 2026's played rows but on none of week 4's (not played yet): known only after the game,Offensive line out,"D5 sub-group: line starters (top 5 by snaps, last 4 games) Out / Doubtful / reserve this week, their snap share, games since the starting five changed"
20261001165022,2026-10-01 16:50:22.610552+00,v2.0,fx1.0,oline,intermediate.int_player_week_personnel,"pn_ol_starters_out,pn_ol_snap_share_out,pn_ol_games_since_change","2023,2024,2025",2016-2023,cb461af0c56b4811,TE,1389709692405551104,2024,18,1221,0.5616584237093993,0.4166666666666667,2.9988198602730995,0.795165110908074,8.484875256497467,0.6537428971125325,0.5598785707889994,0.4212962962962963,2.995168113013023,0.8091092743419375,8.61647263454671,0.654603840250283,0.0017798529203999491,-0.004629629629629595,0.0036517472600765544,-0.01394416343386351,-0.13159737804924276,-0.0008609431377504251,drop,drop,558.8717396320008,serve gap: pn_ol_starters_out is known on 52% of 2026's played rows but on none of week 4's (not played yet): known only after the game; serve gap: pn_ol_snap_share_out is known on 52% of 2026's played rows but on none of week 4's (not played yet): known only after the game,Offensive line out,"D5 sub-group: line starters (top 5 by snaps, last 4 games) Out / Doubtful / reserve this week, their snap share, games since the starting five changed"
20261001165022,2026-10-01 16:50:22.610552+00,v2.0,fx1.0,oline,intermediate.int_player_week_personnel,"pn_ol_starters_out,pn_ol_snap_share_out,pn_ol_games_since_change","2023,2024,2025",2016-2024,cb461af0c56b4811,TE,1389709692405551104,2025,18,1268,0.6119911924829842,0.4351851851851852,2.974342857788947,0.8301890144695664,8.553150204390107,0.6821143041097167,0.6114816218323065,0.39814814814814814,2.9795136555105186,0.8302488484538157,8.566879777547221,0.6825983815690715,0.0005095706506776931,0.037037037037037035,-0.005170797721571585,-5.983398424935782e-05,-0.013729573157114316,-0.0004840774593547481,drop,drop,558.8717396320008,serve gap: pn_ol_starters_out is known on 52% of 2026's played rows but on none of week 4's (not played yet): known only after the game; serve gap: pn_ol_snap_share_out is known on 52% of 2026's played rows but on none of week 4's (not played yet): known only after the game,Offensive line out,"D5 sub-group: line starters (top 5 by snaps, last 4 games) Out / Doubtful / reserve this week, their snap share, games since the starting five changed"
20261001165022,2026-10-01 16:50:22.610552+00,v2.0,fx1.0,oline,intermediate.int_player_week_personnel,"pn_ol_starters_out,pn_ol_snap_share_out,pn_ol_games_since_change","2023,2024,2025",2016-2022,cb461af0c56b4811,WR,1321941740235550720,2023,18,2393,0.6385891511862378,0.4861111111111111,4.867021435912531,0.8254812502900387,15.138702326018704,1.0611009692483213,0.6392918990013178,0.5,4.844521808613023,0.8276029070508462,15.19898926672618,1.063735644351547,-0.0007027478150799515,-0.013888888888888895,0.022499627299508163,-0.0021216567608074444,-0.06028694070747598,-0.002634675103225792,drop,drop,558.8717396320008,serve gap: pn_ol_starters_out is known on 52% of 2026's played rows but on none of week 4's (not played yet): known only after the game; serve gap: pn_ol_snap_share_out is known on 52% of 2026's played rows but on none of week 4's (not played yet): known only after the game,Offensive line out,"D5 sub-group: line starters (top 5 by snaps, last 4 games) Out / Doubtful / reserve this week, their snap share, games since the starting five changed"
20261001165022,2026-10-01 16:50:22.610552+00,v2.0,fx1.0,oline,intermediate.int_player_week_personnel,"pn_ol_starters_out,pn_ol_snap_share_out,pn_ol_games_since_change","2023,2024,2025",2016-2023,cb461af0c56b4811,WR,1321941740235550720,2024,18,2355,0.6394466469831634,0.46759259259259256,4.914665962835409,0.8141926785481822,15.16831328653165,1.0867719624182497,0.6392689713644507,0.46759259259259256,4.915209595301268,0.810699347029401,15.29574342823534,1.0888242050914194,0.00017767561871273596,0,-0.0005436324658587566,0.003493331518781173,-0.12743014170369094,-0.002052242673169724,drop,drop,558.8717396320008,serve gap: pn_ol_starters_out is known on 52% of 2026's played rows but on none of week 4's (not played yet): known only after the game; serve gap: pn_ol_snap_share_out is known on 52% of 2026's played rows but on none of week 4's (not played yet): known only after the game,Offensive line out,"D5 sub-group: line starters (top 5 by snaps, last 4 games) Out / Doubtful / reserve this week, their snap share, games since the starting five changed"
20261001165022,2026-10-01 16:50:22.610552+00,v2.0,fx1.0,oline,intermediate.int_player_week_personnel,"pn_ol_starters_out,pn_ol_snap_share_out,pn_ol_games_since_change","2023,2024,2025",2016-2024,cb461af0c56b4811,WR,1321941740235550720,2025,18,2366,0.6151413881673636,0.48148148148148145,4.60695401000469,0.8088908473700007,14.549999875803744,0.9930138244160648,0.6152386686159024,0.4791666666666667,4.600664516848402,0.8144156378966352,14.616042607224918,0.9901513399339991,-9.728044853873907e-05,0.0023148148148147696,0.006289493156288017,-0.00552479052663446,-0.06604273142117378,0.002862484482065719,drop,drop,558.8717396320008,serve gap: pn_ol_starters_out is known on 52% of 2026's played rows but on none of week 4's (not played yet): known only after the game; serve gap: pn_ol_snap_share_out is known on 52% of 2026's played rows but on none of week 4's (not played yet): known only after the game,Offensive line out,"D5 sub-group: line starters (top 5 by snaps, last 4 games) Out / Doubtful / reserve this week, their snap share, games since the starting five changed"
20261001165022,2026-10-01 16:50:22.610552+00,v2.0,fx1.0,oline,intermediate.int_player_week_personnel,"pn_ol_starters_out,pn_ol_snap_share_out,pn_ol_games_since_change","2023,2024,2025",2016-2022,cb461af0c56b4811,WR,1389709692405551104,2023,18,2393,0.6239066720781219,0.48148148148148145,4.072291391211513,0.8158459952851566,12.419147666122525,0.8796884921549499,0.6246061268487013,0.48379629629629634,4.051944662215899,0.8202839699817535,12.623847439187115,0.8785657701147183,-0.0006994547705794218,-0.0023148148148148806,0.020346728995614072,-0.0044379746965969025,-0.20469977306458986,0.0011227220402316718,drop,drop,558.8717396320008,serve gap: pn_ol_starters_out is known on 52% of 2026's played rows but on none of week 4's (not played yet): known only after the game; serve gap: pn_ol_snap_share_out is known on 52% of 2026's played rows but on none of week 4's (not played yet): known only after the game,Offensive line out,"D5 sub-group: line starters (top 5 by snaps, last 4 games) Out / Doubtful / reserve this week, their snap share, games since the starting five changed"
20261001165022,2026-10-01 16:50:22.610552+00,v2.0,fx1.0,oline,intermediate.int_player_week_personnel,"pn_ol_starters_out,pn_ol_snap_share_out,pn_ol_games_since_change","2023,2024,2025",2016-2023,cb461af0c56b4811,WR,1389709692405551104,2024,18,2355,0.6260470332884248,0.4791666666666667,4.110872167211399,0.8084446791050994,12.482855609018669,0.895666275540171,0.6258058683032384,0.4722222222222222,4.111022234789733,0.8081891862346062,12.567916698188661,0.896932017486602,0.00024116498518644836,0.006944444444444475,-0.00015006757833369022,0.00025549287049320135,-0.08506108916999189,-0.0012657419464310316,drop,drop,558.8717396320008,serve gap: pn_ol_starters_out is known on 52% of 2026's played rows but on none of week 4's (not played yet): known only after the game; serve gap: pn_ol_snap_share_out is known on 52% of 2026's played rows but on none of week 4's (not played yet): known only after the game,Offensive line out,"D5 sub-group: line starters (top 5 by snaps, last 4 games) Out / Doubtful / reserve this week, their snap share, games since the starting five changed"
20261001165022,2026-10-01 16:50:22.610552+00,v2.0,fx1.0,oline,intermediate.int_player_week_personnel,"pn_ol_starters_out,pn_ol_snap_share_out,pn_ol_games_since_change","2023,2024,2025",2016-2024,cb461af0c56b4811,WR,1389709692405551104,2025,18,2366,0.6005123522935176,0.4583333333333333,3.88461701497059,0.8132158848122386,12.159829532262004,0.8221996325847242,0.60107460697586,0.45370370370370366,3.879997485317312,0.805383548509456,12.202734588861226,0.8249504578006683,-0.0005622546823423891,0.00462962962962965,0.004619529653278054,0.007832336302782572,-0.04290505659922239,-0.0027508252159441637,drop,drop,558.8717396320008,serve gap: pn_ol_starters_out is known on 52% of 2026's played rows but on none of week 4's (not played yet): known only after the game; serve gap: pn_ol_snap_share_out is known on 52% of 2026's played rows but on none of week 4's (not played yet): known only after the game,Offensive line out,"D5 sub-group: line starters (top 5 by snaps, last 4 games) Out / Doubtful / reserve this week, their snap share, games since the starting five changed"
20261001165925,2026-10-01 16:59:25.873476+00,v2.0,fx1.0,teammates,intermediate.int_player_week_personnel,"pn_top_target_out,pn_top_rusher_out,pn_teammate_share_out,pn_absence_beneficiary","2023,2024,2025",2016-2022,cb461af0c56b4811,QB,1321941740235550720,2023,18,680,0.5213927026053002,0.49074074074074076,8.092422761118906,0.7196598172803681,24.928567879962948,1.6927717096002834,0.5224559100126451,0.49074074074074076,8.118371856627013,0.7275863423148562,24.62127940559263,1.695443064960612,-0.0010632074073448905,0,-0.02594909550810698,-0.007926525034488097,0.30728847437031703,-0.0026713553603285867,drop,mixed,543.2236194420002,serve gap: pn_top_target_out is known on 52% of 2026's played rows but on none of week 4's (not played yet): known only after the game; serve gap: pn_top_rusher_out is known on 52% of 2026's played rows but on none of week 4's (not played yet): known only after the game; serve gap: pn_teammate_share_out is known on 52% of 2026's played rows but on none of week 4's (not played yet): known only after the game,Teammates out,"D5 sub-group: leading teammate by target / carry share (last 4 games) out, target share of absent pass-catchers, live absence alert"
20261001165925,2026-10-01 16:59:25.873476+00,v2.0,fx1.0,teammates,intermediate.int_player_week_personnel,"pn_top_target_out,pn_top_rusher_out,pn_teammate_share_out,pn_absence_beneficiary","2023,2024,2025",2016-2023,cb461af0c56b4811,QB,1321941740235550720,2024,18,664,0.5220869515657535,0.5324074074074074,8.342883999174555,0.7974012359570299,26.550677802700413,1.8016124928375714,0.5378203062561171,0.537037037037037,8.229692708393038,0.7832961972794183,26.710818495105404,1.8015736616536242,-0.015733354690363632,-0.004629629629629539,0.11319129078151668,0.014105038677611592,-0.1601406924049904,3.883118394720775e-05,drop,mixed,543.2236194420002,serve gap: pn_top_target_out is known on 52% of 2026's played rows but on none of week 4's (not played yet): known only after the game; serve gap: pn_top_rusher_out is known on 52% of 2026's played rows but on none of week 4's (not played yet): known only after the game; serve gap: pn_teammate_share_out is known on 52% of 2026's played rows but on none of week 4's (not played yet): known only after the game,Teammates out,"D5 sub-group: leading teammate by target / carry share (last 4 games) out, target share of absent pass-catchers, live absence alert"
20261001165925,2026-10-01 16:59:25.873476+00,v2.0,fx1.0,teammates,intermediate.int_player_week_personnel,"pn_top_target_out,pn_top_rusher_out,pn_teammate_share_out,pn_absence_beneficiary","2023,2024,2025",2016-2024,cb461af0c56b4811,QB,1321941740235550720,2025,18,677,0.5244641526822812,0.5,8.31748324451228,0.7304778967721183,24.926890640578673,1.7705290423379016,0.5234057942815578,0.5,8.278642263988383,0.7411352864589952,24.865893888561384,1.7824104113937187,0.001058358400723436,0,0.03884098052389717,-0.010657389686876906,0.06099675201728871,-0.011881369055817048,drop,mixed,543.2236194420002,serve gap: pn_top_target_out is known on 52% of 2026's played rows but on none of week 4's (not played yet): known only after the game; serve gap: pn_top_rusher_out is known on 52% of 2026's played rows but on none of week 4's (not played yet): known only after the game; serve gap: pn_teammate_share_out is known on 52% of 2026's played rows but on none of week 4's (not played yet): known only after the game,Teammates out,"D5 sub-group: leading teammate by target / carry share (last 4 games) out, target share of absent pass-catchers, live absence alert"
20261001165925,2026-10-01 16:59:25.873476+00,v2.0,fx1.0,teammates,intermediate.int_player_week_personnel,"pn_top_target_out,pn_top_rusher_out,pn_teammate_share_out,pn_absence_beneficiary","2023,2024,2025",2016-2022,cb461af0c56b4811,QB,1389709692405551104,2023,18,680,0.5226293131174672,0.5092592592592592,5.835009727017911,0.714451153609608,17.492180295321603,1.2247921994299518,0.5256801096145087,0.5092592592592592,5.834538085906659,0.7325778275744548,17.728945478610413,1.221190584290215,-0.0030507964970415413,0,0.00047164111125219677,-0.018126673964846796,-0.23676518328881002,0.003601615139736669,drop,mixed,543.2236194420002,serve gap: pn_top_target_out is known on 52% of 2026's played rows but on none of week 4's (not played yet): known only after the game; serve gap: pn_top_rusher_out is known on 52% of 2026's played rows but on none of week 4's (not played yet): known only after the game; serve gap: pn_teammate_share_out is known on 52% of 2026's played rows but on none of week 4's (not played yet): known only after the game,Teammates out,"D5 sub-group: leading teammate by target / carry share (last 4 games) out, target share of absent pass-catchers, live absence alert"
20261001165925,2026-10-01 16:59:25.873476+00,v2.0,fx1.0,teammates,intermediate.int_player_week_personnel,"pn_top_target_out,pn_top_rusher_out,pn_teammate_share_out,pn_absence_beneficiary","2023,2024,2025",2016-2023,cb461af0c56b4811,QB,1389709692405551104,2024,18,664,0.5349561114106267,0.5277777777777778,6.053589374877455,0.7897406767170583,19.120214817041735,1.280378182814186,0.5561325996135695,0.5416666666666666,5.968519084105844,0.7902428660657924,19.21547087231386,1.2754083507094145,-0.021176488202942823,-0.01388888888888884,0.08507029077161121,-0.0005021893487341389,-0.09525605527212377,0.004969832104771532,drop,mixed,543.2236194420002,serve gap: pn_top_target_out is known on 52% of 2026's played rows but on none of week 4's (not played yet): known only after the game; serve gap: pn_top_rusher_out is known on 52% of 2026's played rows but on none of week 4's (not played yet): known only after the game; serve gap: pn_teammate_share_out is known on 52% of 2026's played rows but on none of week 4's (not played yet): known only after the game,Teammates out,"D5 sub-group: leading teammate by target / carry share (last 4 games) out, target share of absent pass-catchers, live absence alert"
20261001165925,2026-10-01 16:59:25.873476+00,v2.0,fx1.0,teammates,intermediate.int_player_week_personnel,"pn_top_target_out,pn_top_rusher_out,pn_teammate_share_out,pn_absence_beneficiary","2023,2024,2025",2016-2024,cb461af0c56b4811,QB,1389709692405551104,2025,18,677,0.533873360055988,0.5046296296296297,6.065302847464603,0.7504827568068525,18.149170782351796,1.2698512004512763,0.5352093003571752,0.5138888888888888,6.035030058329808,0.7561931599873815,18.28492217449843,1.2794175833228147,-0.0013359403011872217,-0.00925925925925919,0.03027278913479492,-0.005710403180528956,-0.13575139214663423,-0.009566382871538437,drop,mixed,543.2236194420002,serve gap: pn_top_target_out is known on 52% of 2026's played rows but on none of week 4's (not played yet): known only after the game; serve gap: pn_top_rusher_out is known on 52% of 2026's played rows but on none of week 4's (not played yet): known only after the game; serve gap: pn_teammate_share_out is known on 52% of 2026's played rows but on none of week 4's (not played yet): known only after the game,Teammates out,"D5 sub-group: leading teammate by target / carry share (last 4 games) out, target share of absent pass-catchers, live absence alert"
20261001165925,2026-10-01 16:59:25.873476+00,v2.0,fx1.0,teammates,intermediate.int_player_week_personnel,"pn_top_target_out,pn_top_rusher_out,pn_teammate_share_out,pn_absence_beneficiary","2023,2024,2025",2016-2022,cb461af0c56b4811,RB,1321941740235550720,2023,18,1482,0.6824234633930332,0.6273148148148148,4.549047609820835,0.8322604643237284,14.325699162163586,1.004691280915113,0.6789541487937356,0.625,4.565048339555861,0.8228197362354811,14.326257632153418,1.0210909471159724,0.003469314599297557,0.0023148148148147696,-0.016000729735026198,0.009440728088247252,-0.000558469989831778,-0.01639966620085942,keep,mixed,543.2236194420002,serve gap: pn_top_target_out is known on 52% of 2026's played rows but on none of week 4's (not played yet): known only after the game; serve gap: pn_top_rusher_out is known on 52% of 2026's played rows but on none of week 4's (not played yet): known only after the game; serve gap: pn_teammate_share_out is known on 52% of 2026's played rows but on none of week 4's (not played yet): known only after the game,Teammates out,"D5 sub-group: leading teammate by target / carry share (last 4 games) out, target share of absent pass-catchers, live absence alert Shipped in v3.0 at RB/WR/TE (4 inputs)."
20261001165925,2026-10-01 16:59:25.873476+00,v2.0,fx1.0,teammates,intermediate.int_player_week_personnel,"pn_top_target_out,pn_top_rusher_out,pn_teammate_share_out,pn_absence_beneficiary","2023,2024,2025",2016-2023,cb461af0c56b4811,RB,1321941740235550720,2024,18,1495,0.6916765452730813,0.6782407407407408,4.680064326564429,0.7902968830266801,14.684201003414806,1.0059740932729673,0.683982337730687,0.6736111111111112,4.709033406682767,0.7849798036617669,14.778347489149919,1.0140256700401826,0.00769420754239436,0.00462962962962965,-0.028969080118338653,0.005317079364913213,-0.09414648573511286,-0.008051576767215352,keep,mixed,543.2236194420002,serve gap: pn_top_target_out is known on 52% of 2026's played rows but on none of week 4's (not played yet): known only after the game; serve gap: pn_top_rusher_out is known on 52% of 2026's played rows but on none of week 4's (not played yet): known only after the game; serve gap: pn_teammate_share_out is known on 52% of 2026's played rows but on none of week 4's (not played yet): known only after the game,Teammates out,"D5 sub-group: leading teammate by target / carry share (last 4 games) out, target share of absent pass-catchers, live absence alert Shipped in v3.0 at RB/WR/TE (4 inputs)."
20261001165925,2026-10-01 16:59:25.873476+00,v2.0,fx1.0,teammates,intermediate.int_player_week_personnel,"pn_top_target_out,pn_top_rusher_out,pn_teammate_share_out,pn_absence_beneficiary","2023,2024,2025",2016-2024,cb461af0c56b4811,RB,1321941740235550720,2025,18,1518,0.7028627206949561,0.6319444444444444,4.675603880985111,0.7800541064227969,14.206107380876698,1.0367695426825652,0.6950103969394773,0.6365740740740741,4.747744357797661,0.7855412596247372,14.36464541810875,1.046606036495452,0.00785232375547884,-0.00462962962962965,-0.07214047681254954,-0.005487153201940265,-0.15853803723205218,-0.00983649381288676,keep,mixed,543.2236194420002,serve gap: pn_top_target_out is known on 52% of 2026's played rows but on none of week 4's (not played yet): known only after the game; serve gap: pn_top_rusher_out is known on 52% of 2026's played rows but on none of week 4's (not played yet): known only after the game; serve gap: pn_teammate_share_out is known on 52% of 2026's played rows but on none of week 4's (not played yet): known only after the game,Teammates out,"D5 sub-group: leading teammate by target / carry share (last 4 games) out, target share of absent pass-catchers, live absence alert Shipped in v3.0 at RB/WR/TE (4 inputs)."
20261001165925,2026-10-01 16:59:25.873476+00,v2.0,fx1.0,teammates,intermediate.int_player_week_personnel,"pn_top_target_out,pn_top_rusher_out,pn_teammate_share_out,pn_absence_beneficiary","2023,2024,2025",2016-2022,cb461af0c56b4811,RB,1389709692405551104,2023,18,1482,0.6783246187658504,0.6041666666666666,4.102268804911234,0.8196415207103747,12.832495781100379,0.9008023408503569,0.6756450176028727,0.6064814814814814,4.117502283433733,0.8174518733456249,12.449043123468384,0.9050705985700918,0.0026796011629777183,-0.0023148148148147696,-0.015233478522499233,0.0021896473647498027,0.3834526576319952,-0.004268257719734825,keep,mixed,543.2236194420002,serve gap: pn_top_target_out is known on 52% of 2026's played rows but on none of week 4's (not played yet): known only after the game; serve gap: pn_top_rusher_out is known on 52% of 2026's played rows but on none of week 4's (not played yet): known only after the game; serve gap: pn_teammate_share_out is known on 52% of 2026's played rows but on none of week 4's (not played yet): known only after the game,Teammates out,"D5 sub-group: leading teammate by target / carry share (last 4 games) out, target share of absent pass-catchers, live absence alert Shipped in v3.0 at RB/WR/TE (4 inputs)."
20261001165925,2026-10-01 16:59:25.873476+00,v2.0,fx1.0,teammates,intermediate.int_player_week_personnel,"pn_top_target_out,pn_top_rusher_out,pn_teammate_share_out,pn_absence_beneficiary","2023,2024,2025",2016-2023,cb461af0c56b4811,RB,1389709692405551104,2024,18,1495,0.6831678589032318,0.6574074074074074,4.198763290121073,0.7934378258737971,13.163686249040207,0.8953128433117902,0.6760537172860128,0.6574074074074074,4.228841728668209,0.8025266257202242,13.044841079231357,0.9064258267080072,0.007114141617219016,0,-0.03007843854713599,-0.009088799846427076,0.11884516980884996,-0.011112983396217024,keep,mixed,543.2236194420002,serve gap: pn_top_target_out is known on 52% of 2026's played rows but on none of week 4's (not played yet): known only after the game; serve gap: pn_top_rusher_out is known on 52% of 2026's played rows but on none of week 4's (not played yet): known only after the game; serve gap: pn_teammate_share_out is known on 52% of 2026's played rows but on none of week 4's (not played yet): known only after the game,Teammates out,"D5 sub-group: leading teammate by target / carry share (last 4 games) out, target share of absent pass-catchers, live absence alert Shipped in v3.0 at RB/WR/TE (4 inputs)."
20261001165925,2026-10-01 16:59:25.873476+00,v2.0,fx1.0,teammates,intermediate.int_player_week_personnel,"pn_top_target_out,pn_top_rusher_out,pn_teammate_share_out,pn_absence_beneficiary","2023,2024,2025",2016-2024,cb461af0c56b4811,RB,1389709692405551104,2025,18,1518,0.7002682646316967,0.625,4.233754571077309,0.7850847490448415,12.461281392361416,0.9255885593945457,0.6908815711950581,0.6134259259259259,4.282656131176271,0.7755417665473705,12.727053613563863,0.932001735176007,0.00938669343663856,0.01157407407407407,-0.04890156009896174,0.009542982497470986,-0.2657722212024467,-0.006413175781461389,keep,mixed,543.2236194420002,serve gap: pn_top_target_out is known on 52% of 2026's played rows but on none of week 4's (not played yet): known only after the game; serve gap: pn_top_rusher_out is known on 52% of 2026's played rows but on none of week 4's (not played yet): known only after the game; serve gap: pn_teammate_share_out is known on 52% of 2026's played rows but on none of week 4's (not played yet): known only after the game,Teammates out,"D5 sub-group: leading teammate by target / carry share (last 4 games) out, target share of absent pass-catchers, live absence alert Shipped in v3.0 at RB/WR/TE (4 inputs)."
20261001165925,2026-10-01 16:59:25.873476+00,v2.0,fx1.0,teammates,intermediate.int_player_week_personnel,"pn_top_target_out,pn_top_rusher_out,pn_teammate_share_out,pn_absence_beneficiary","2023,2024,2025",2016-2022,cb461af0c56b4811,TE,1321941740235550720,2023,18,1177,0.5793184419405316,0.5185185185185186,3.381194685077243,0.8179592359381176,10.611454878683771,0.7523945885676446,0.5731549358489271,0.5138888888888888,3.404402167383241,0.8034886757774902,10.492863184652377,0.7471459897645805,0.0061635060916045425,0.004629629629629761,-0.023207482305998006,0.014470560160627421,0.11859169403139447,0.005248598803064164,keep,mixed,543.2236194420002,serve gap: pn_top_target_out is known on 52% of 2026's played rows but on none of week 4's (not played yet): known only after the game; serve gap: pn_top_rusher_out is known on 52% of 2026's played rows but on none of week 4's (not played yet): known only after the game; serve gap: pn_teammate_share_out is known on 52% of 2026's played rows but on none of week 4's (not played yet): known only after the game,Teammates out,"D5 sub-group: leading teammate by target / carry share (last 4 games) out, target share of absent pass-catchers, live absence alert Shipped in v3.0 at RB/WR/TE (4 inputs)."
20261001165925,2026-10-01 16:59:25.873476+00,v2.0,fx1.0,teammates,intermediate.int_player_week_personnel,"pn_top_target_out,pn_top_rusher_out,pn_teammate_share_out,pn_absence_beneficiary","2023,2024,2025",2016-2023,cb461af0c56b4811,TE,1321941740235550720,2024,18,1221,0.5794961535498981,0.4583333333333333,3.5916287406621894,0.7938876595802778,10.303187220650997,0.789687120280004,0.574264077708444,0.4583333333333333,3.59539965470318,0.7743029055589911,10.206185491509853,0.7903953884216951,0.005232075841454131,0,-0.003770914040990725,0.019584754021286788,0.09700172914114447,-0.0007082681416911152,keep,mixed,543.2236194420002,serve gap: pn_top_target_out is known on 52% of 2026's played rows but on none of week 4's (not played yet): known only after the game; serve gap: pn_top_rusher_out is known on 52% of 2026's played rows but on none of week 4's (not played yet): known only after the game; serve gap: pn_teammate_share_out is known on 52% of 2026's played rows but on none of week 4's (not played yet): known only after the game,Teammates out,"D5 sub-group: leading teammate by target / carry share (last 4 games) out, target share of absent pass-catchers, live absence alert Shipped in v3.0 at RB/WR/TE (4 inputs)."
20261001165925,2026-10-01 16:59:25.873476+00,v2.0,fx1.0,teammates,intermediate.int_player_week_personnel,"pn_top_target_out,pn_top_rusher_out,pn_teammate_share_out,pn_absence_beneficiary","2023,2024,2025",2016-2024,cb461af0c56b4811,TE,1321941740235550720,2025,18,1268,0.630689857312816,0.4444444444444444,3.5026660940661687,0.8252306213102542,10.095516912358208,0.7961574914530766,0.6253565710969989,0.4212962962962963,3.5060303412258347,0.8274175947019309,10.087548898832267,0.8008154658194906,0.005333286215817079,0.02314814814814814,-0.0033642471596659895,-0.0021869733916767276,0.007968013525941231,-0.004657974366414019,keep,mixed,543.2236194420002,serve gap: pn_top_target_out is known on 52% of 2026's played rows but on none of week 4's (not played yet): known only after the game; serve gap: pn_top_rusher_out is known on 52% of 2026's played rows but on none of week 4's (not played yet): known only after the game; serve gap: pn_teammate_share_out is known on 52% of 2026's played rows but on none of week 4's (not played yet): known only after the game,Teammates out,"D5 sub-group: leading teammate by target / carry share (last 4 games) out, target share of absent pass-catchers, live absence alert Shipped in v3.0 at RB/WR/TE (4 inputs)."
20261001165925,2026-10-01 16:59:25.873476+00,v2.0,fx1.0,teammates,intermediate.int_player_week_personnel,"pn_top_target_out,pn_top_rusher_out,pn_teammate_share_out,pn_absence_beneficiary","2023,2024,2025",2016-2022,cb461af0c56b4811,TE,1389709692405551104,2023,18,1177,0.5571430069913015,0.48148148148148157,2.8339496791153866,0.8132359060209221,8.801090805645993,0.6376379733884705,0.5526674547558043,0.48148148148148145,2.8536294975103322,0.8104562828686124,8.769791614718581,0.6359043614952173,0.004475552235497227,1.1102230246251565e-16,-0.019679818394945592,0.0027796231523097292,0.0312991909274114,0.001733611893253162,keep,mixed,543.2236194420002,serve gap: pn_top_target_out is known on 52% of 2026's played rows but on none of week 4's (not played yet): known only after the game; serve gap: pn_top_rusher_out is known on 52% of 2026's played rows but on none of week 4's (not played yet): known only after the game; serve gap: pn_teammate_share_out is known on 52% of 2026's played rows but on none of week 4's (not played yet): known only after the game,Teammates out,"D5 sub-group: leading teammate by target / carry share (last 4 games) out, target share of absent pass-catchers, live absence alert Shipped in v3.0 at RB/WR/TE (4 inputs)."
20261001165925,2026-10-01 16:59:25.873476+00,v2.0,fx1.0,teammates,intermediate.int_player_week_personnel,"pn_top_target_out,pn_top_rusher_out,pn_teammate_share_out,pn_absence_beneficiary","2023,2024,2025",2016-2023,cb461af0c56b4811,TE,1389709692405551104,2024,18,1221,0.5656333529280526,0.42592592592592593,2.9936278127780547,0.8082159587292985,8.579094783102814,0.6473663319876617,0.5598785707889994,0.4212962962962963,2.995168113013023,0.8091092743419375,8.61647263454671,0.654603840250283,0.005754782139053227,0.00462962962962965,-0.001540300234968317,-0.0008933156126389452,-0.03737785144389605,-0.007237508262621262,keep,mixed,543.2236194420002,serve gap: pn_top_target_out is known on 52% of 2026's played rows but on none of week 4's (not played yet): known only after the game; serve gap: pn_top_rusher_out is known on 52% of 2026's played rows but on none of week 4's (not played yet): known only after the game; serve gap: pn_teammate_share_out is known on 52% of 2026's played rows but on none of week 4's (not played yet): known only after the game,Teammates out,"D5 sub-group: leading teammate by target / carry share (last 4 games) out, target share of absent pass-catchers, live absence alert Shipped in v3.0 at RB/WR/TE (4 inputs)."
20261001165925,2026-10-01 16:59:25.873476+00,v2.0,fx1.0,teammates,intermediate.int_player_week_personnel,"pn_top_target_out,pn_top_rusher_out,pn_teammate_share_out,pn_absence_beneficiary","2023,2024,2025",2016-2024,cb461af0c56b4811,TE,1389709692405551104,2025,18,1268,0.6166914355117736,0.4212962962962963,2.9748132697794567,0.8204226330346822,8.470423091910332,0.6791173372655033,0.6114816218323065,0.39814814814814814,2.9795136555105186,0.8302488484538157,8.566879777547221,0.6825983815690715,0.005209813679467157,0.02314814814814814,-0.004700385731061907,-0.009826215419133533,-0.09645668563688936,-0.003481044303568215,keep,mixed,543.2236194420002,serve gap: pn_top_target_out is known on 52% of 2026's played rows but on none of week 4's (not played yet): known only after the game; serve gap: pn_top_rusher_out is known on 52% of 2026's played rows but on none of week 4's (not played yet): known only after the game; serve gap: pn_teammate_share_out is known on 52% of 2026's played rows but on none of week 4's (not played yet): known only after the game,Teammates out,"D5 sub-group: leading teammate by target / carry share (last 4 games) out, target share of absent pass-catchers, live absence alert Shipped in v3.0 at RB/WR/TE (4 inputs)."
20261001165925,2026-10-01 16:59:25.873476+00,v2.0,fx1.0,teammates,intermediate.int_player_week_personnel,"pn_top_target_out,pn_top_rusher_out,pn_teammate_share_out,pn_absence_beneficiary","2023,2024,2025",2016-2022,cb461af0c56b4811,WR,1321941740235550720,2023,18,2393,0.6417433270446075,0.49768518518518523,4.829693289963023,0.8221442245041182,15.06069464688019,1.059072114549137,0.6392918990013178,0.5,4.844521808613023,0.8276029070508462,15.19898926672618,1.063735644351547,0.002451428043289683,-0.0023148148148147696,-0.0148285186499999,-0.005458682546727989,-0.13829461984598979,-0.004663529802410027,keep,mixed,543.2236194420002,serve gap: pn_top_target_out is known on 52% of 2026's played rows but on none of week 4's (not played yet): known only after the game; serve gap: pn_top_rusher_out is known on 52% of 2026's played rows but on none of week 4's (not played yet): known only after the game; serve gap: pn_teammate_share_out is known on 52% of 2026's played rows but on none of week 4's (not played yet): known only after the game,Teammates out,"D5 sub-group: leading teammate by target / carry share (last 4 games) out, target share of absent pass-catchers, live absence alert Shipped in v3.0 at RB/WR/TE (4 inputs)."
20261001165925,2026-10-01 16:59:25.873476+00,v2.0,fx1.0,teammates,intermediate.int_player_week_personnel,"pn_top_target_out,pn_top_rusher_out,pn_teammate_share_out,pn_absence_beneficiary","2023,2024,2025",2016-2023,cb461af0c56b4811,WR,1321941740235550720,2024,18,2355,0.6448826276104366,0.47685185185185186,4.90040171319152,0.8049125040146944,15.106376075563055,1.0809118687244839,0.6392689713644507,0.46759259259259256,4.915209595301268,0.810699347029401,15.29574342823534,1.0888242050914194,0.005613656245985865,0.0092592592592593,-0.01480788210974815,-0.005786843014706666,-0.189367352672285,-0.007912336366935557,keep,mixed,543.2236194420002,serve gap: pn_top_target_out is known on 52% of 2026's played rows but on none of week 4's (not played yet): known only after the game; serve gap: pn_top_rusher_out is known on 52% of 2026's played rows but on none of week 4's (not played yet): known only after the game; serve gap: pn_teammate_share_out is known on 52% of 2026's played rows but on none of week 4's (not played yet): known only after the game,Teammates out,"D5 sub-group: leading teammate by target / carry share (last 4 games) out, target share of absent pass-catchers, live absence alert Shipped in v3.0 at RB/WR/TE (4 inputs)."
20261001165925,2026-10-01 16:59:25.873476+00,v2.0,fx1.0,teammates,intermediate.int_player_week_personnel,"pn_top_target_out,pn_top_rusher_out,pn_teammate_share_out,pn_absence_beneficiary","2023,2024,2025",2016-2024,cb461af0c56b4811,WR,1321941740235550720,2025,18,2366,0.6239170373141005,0.49074074074074076,4.582660566378224,0.8139414479341291,14.52157642287399,0.9864412796387286,0.6152386686159024,0.4791666666666667,4.600664516848402,0.8144156378966352,14.616042607224918,0.9901513399339991,0.008678368698198158,0.01157407407407407,-0.01800395047017833,-0.00047418996250603307,-0.09446618435092802,-0.0037100602952704342,keep,mixed,543.2236194420002,serve gap: pn_top_target_out is known on 52% of 2026's played rows but on none of week 4's (not played yet): known only after the game; serve gap: pn_top_rusher_out is known on 52% of 2026's played rows but on none of week 4's (not played yet): known only after the game; serve gap: pn_teammate_share_out is known on 52% of 2026's played rows but on none of week 4's (not played yet): known only after the game,Teammates out,"D5 sub-group: leading teammate by target / carry share (last 4 games) out, target share of absent pass-catchers, live absence alert Shipped in v3.0 at RB/WR/TE (4 inputs)."
20261001165925,2026-10-01 16:59:25.873476+00,v2.0,fx1.0,teammates,intermediate.int_player_week_personnel,"pn_top_target_out,pn_top_rusher_out,pn_teammate_share_out,pn_absence_beneficiary","2023,2024,2025",2016-2022,cb461af0c56b4811,WR,1389709692405551104,2023,18,2393,0.6266835272282479,0.48379629629629634,4.045672776870351,0.815164504265602,12.476457970836103,0.8761829269362834,0.6246061268487013,0.48379629629629634,4.051944662215899,0.8202839699817535,12.623847439187115,0.8785657701147183,0.0020774003795466234,0,-0.006271885345547901,-0.005119465716151406,-0.14738946835101174,-0.002382843178434846,keep,mixed,543.2236194420002,serve gap: pn_top_target_out is known on 52% of 2026's played rows but on none of week 4's (not played yet): known only after the game; serve gap: pn_top_rusher_out is known on 52% of 2026's played rows but on none of week 4's (not played yet): known only after the game; serve gap: pn_teammate_share_out is known on 52% of 2026's played rows but on none of week 4's (not played yet): known only after the game,Teammates out,"D5 sub-group: leading teammate by target / carry share (last 4 games) out, target share of absent pass-catchers, live absence alert Shipped in v3.0 at RB/WR/TE (4 inputs)."
20261001165925,2026-10-01 16:59:25.873476+00,v2.0,fx1.0,teammates,intermediate.int_player_week_personnel,"pn_top_target_out,pn_top_rusher_out,pn_teammate_share_out,pn_absence_beneficiary","2023,2024,2025",2016-2023,cb461af0c56b4811,WR,1389709692405551104,2024,18,2355,0.631403235621273,0.474537037037037,4.102293744603958,0.7944667088498637,12.53532516813517,0.8975234251509219,0.6258058683032384,0.4722222222222222,4.111022234789733,0.8081891862346062,12.567916698188661,0.896932017486602,0.005597367318034618,0.0023148148148147696,-0.00872849018577515,-0.013722477384742526,-0.032591530053490914,0.0005914076643198651,keep,mixed,543.2236194420002,serve gap: pn_top_target_out is known on 52% of 2026's played rows but on none of week 4's (not played yet): known only after the game; serve gap: pn_top_rusher_out is known on 52% of 2026's played rows but on none of week 4's (not played yet): known only after the game; serve gap: pn_teammate_share_out is known on 52% of 2026's played rows but on none of week 4's (not played yet): known only after the game,Teammates out,"D5 sub-group: leading teammate by target / carry share (last 4 games) out, target share of absent pass-catchers, live absence alert Shipped in v3.0 at RB/WR/TE (4 inputs)."
20261001165925,2026-10-01 16:59:25.873476+00,v2.0,fx1.0,teammates,intermediate.int_player_week_personnel,"pn_top_target_out,pn_top_rusher_out,pn_teammate_share_out,pn_absence_beneficiary","2023,2024,2025",2016-2024,cb461af0c56b4811,WR,1389709692405551104,2025,18,2366,0.6087252288103526,0.45601851851851855,3.8660925876162207,0.8156361387397478,12.078341091014247,0.818471228843602,0.60107460697586,0.45370370370370366,3.879997485317312,0.805383548509456,12.202734588861226,0.8249504578006683,0.00765062183449261,0.0023148148148148806,-0.013904897701091379,0.010252590230291792,-0.12439349784697917,-0.006479228957066319,keep,mixed,543.2236194420002,serve gap: pn_top_target_out is known on 52% of 2026's played rows but on none of week 4's (not played yet): known only after the game; serve gap: pn_top_rusher_out is known on 52% of 2026's played rows but on none of week 4's (not played yet): known only after the game; serve gap: pn_teammate_share_out is known on 52% of 2026's played rows but on none of week 4's (not played yet): known only after the game,Teammates out,"D5 sub-group: leading teammate by target / carry share (last 4 games) out, target share of absent pass-catchers, live absence alert Shipped in v3.0 at RB/WR/TE (4 inputs)."
20261001170753,2026-10-01 17:07:53.390423+00,v2.0,fx1.0,own_injury,intermediate.int_player_week_personnel,"pn_games_missed_season,pn_games_missed_prev,pn_q_streak,pn_returning,pn_report_status_ord,pn_practice_ord","2023,2024,2025",2016-2022,cb461af0c56b4811,QB,1321941740235550720,2023,18,680,0.5323791957505799,0.5046296296296297,8.137539119574143,0.7256161889063644,24.583787291863768,1.6913887919209047,0.5224559100126451,0.49074074074074076,8.118371856627013,0.7275863423148562,24.62127940559263,1.695443064960612,0.009923285737934773,0.013888888888888895,0.019167262947130226,-0.001970153408491826,-0.037492113728863075,-0.00405427303970729,drop,drop,507.48191044000123,serve gap: pn_practice_ord is known on 100% of 2026's played rows but on none of week 4's (not played yet): known only after the game,His injury history,"D5 sub-group: games missed injured this / last season, weeks Questionable in a row, first game back after 2+, this week's designation and practice"
20261001170753,2026-10-01 17:07:53.390423+00,v2.0,fx1.0,own_injury,intermediate.int_player_week_personnel,"pn_games_missed_season,pn_games_missed_prev,pn_q_streak,pn_returning,pn_report_status_ord,pn_practice_ord","2023,2024,2025",2016-2023,cb461af0c56b4811,QB,1321941740235550720,2024,18,664,0.536262884762165,0.5324074074074074,8.245951252845792,0.7891993377741571,26.971745677849963,1.794099877788837,0.5378203062561171,0.537037037037037,8.229692708393038,0.7832961972794183,26.710818495105404,1.8015736616536242,-0.0015574214939521047,-0.004629629629629539,0.016258544452753654,0.005903140494738723,0.2609271827445596,-0.007473783864787142,drop,drop,507.48191044000123,serve gap: pn_practice_ord is known on 100% of 2026's played rows but on none of week 4's (not played yet): known only after the game,His injury history,"D5 sub-group: games missed injured this / last season, weeks Questionable in a row, first game back after 2+, this week's designation and practice"
20261001170753,2026-10-01 17:07:53.390423+00,v2.0,fx1.0,own_injury,intermediate.int_player_week_personnel,"pn_games_missed_season,pn_games_missed_prev,pn_q_streak,pn_returning,pn_report_status_ord,pn_practice_ord","2023,2024,2025",2016-2024,cb461af0c56b4811,QB,1321941740235550720,2025,18,677,0.5295786162460128,0.49537037037037035,8.288757117085911,0.7276601218181205,24.43511578074129,1.7708979443378199,0.5234057942815578,0.5,8.278642263988383,0.7411352864589952,24.865893888561384,1.7824104113937187,0.006172821964455011,-0.00462962962962965,0.010114853097528353,-0.013475164640874726,-0.4307781078200925,-0.011512467055898812,drop,drop,507.48191044000123,serve gap: pn_practice_ord is known on 100% of 2026's played rows but on none of week 4's (not played yet): known only after the game,His injury history,"D5 sub-group: games missed injured this / last season, weeks Questionable in a row, first game back after 2+, this week's designation and practice"
20261001170753,2026-10-01 17:07:53.390423+00,v2.0,fx1.0,own_injury,intermediate.int_player_week_personnel,"pn_games_missed_season,pn_games_missed_prev,pn_q_streak,pn_returning,pn_report_status_ord,pn_practice_ord","2023,2024,2025",2016-2022,cb461af0c56b4811,QB,1389709692405551104,2023,18,680,0.5300882053034797,0.5,5.849222794312147,0.7317745337260804,17.642712421589795,1.2194492013559306,0.5256801096145087,0.5092592592592592,5.834538085906659,0.7325778275744548,17.728945478610413,1.221190584290215,0.004408095688970937,-0.00925925925925919,0.014684708405487967,-0.000803293848374409,-0.08623305702061757,-0.0017413829342844966,drop,drop,507.48191044000123,serve gap: pn_practice_ord is known on 100% of 2026's played rows but on none of week 4's (not played yet): known only after the game,His injury history,"D5 sub-group: games missed injured this / last season, weeks Questionable in a row, first game back after 2+, this week's designation and practice"
20261001170753,2026-10-01 17:07:53.390423+00,v2.0,fx1.0,own_injury,intermediate.int_player_week_personnel,"pn_games_missed_season,pn_games_missed_prev,pn_q_streak,pn_returning,pn_report_status_ord,pn_practice_ord","2023,2024,2025",2016-2023,cb461af0c56b4811,QB,1389709692405551104,2024,18,664,0.5529818042081339,0.5416666666666666,5.982703553286838,0.7761179395519454,18.710887199219567,1.2702800383335027,0.5561325996135695,0.5416666666666666,5.968519084105844,0.7902428660657924,19.21547087231386,1.2754083507094145,-0.0031507954054356135,0,0.014184469180993808,-0.014124926513847003,-0.5045836730942916,-0.005128312375911825,drop,drop,507.48191044000123,serve gap: pn_practice_ord is known on 100% of 2026's played rows but on none of week 4's (not played yet): known only after the game,His injury history,"D5 sub-group: games missed injured this / last season, weeks Questionable in a row, first game back after 2+, this week's designation and practice"
20261001170753,2026-10-01 17:07:53.390423+00,v2.0,fx1.0,own_injury,intermediate.int_player_week_personnel,"pn_games_missed_season,pn_games_missed_prev,pn_q_streak,pn_returning,pn_report_status_ord,pn_practice_ord","2023,2024,2025",2016-2024,cb461af0c56b4811,QB,1389709692405551104,2025,18,677,0.5354996190131915,0.5046296296296297,6.034388294333671,0.7310738581362685,17.751001511139975,1.2862517676283038,0.5352093003571752,0.5138888888888888,6.035030058329808,0.7561931599873815,18.28492217449843,1.2794175833228147,0.000290318656016364,-0.00925925925925919,-0.0006417639961373567,-0.025119301851112996,-0.5339206633584546,0.006834184305489099,drop,drop,507.48191044000123,serve gap: pn_practice_ord is known on 100% of 2026's played rows but on none of week 4's (not played yet): known only after the game,His injury history,"D5 sub-group: games missed injured this / last season, weeks Questionable in a row, first game back after 2+, this week's designation and practice"
20261001170753,2026-10-01 17:07:53.390423+00,v2.0,fx1.0,own_injury,intermediate.int_player_week_personnel,"pn_games_missed_season,pn_games_missed_prev,pn_q_streak,pn_returning,pn_report_status_ord,pn_practice_ord","2023,2024,2025",2016-2022,cb461af0c56b4811,RB,1321941740235550720,2023,18,1482,0.6791127847220199,0.625,4.5743659971417525,0.8201979886756933,14.202294544699686,1.0186425380244584,0.6789541487937356,0.625,4.565048339555861,0.8228197362354811,14.326257632153418,1.0210909471159724,0.00015863592828424533,0,0.009317657585891759,-0.002621747559787835,-0.12396308745373119,-0.0024484090915140033,drop,drop,507.48191044000123,serve gap: pn_practice_ord is known on 100% of 2026's played rows but on none of week 4's (not played yet): known only after the game,His injury history,"D5 sub-group: games missed injured this / last season, weeks Questionable in a row, first game back after 2+, this week's designation and practice"
20261001170753,2026-10-01 17:07:53.390423+00,v2.0,fx1.0,own_injury,intermediate.int_player_week_personnel,"pn_games_missed_season,pn_games_missed_prev,pn_q_streak,pn_returning,pn_report_status_ord,pn_practice_ord","2023,2024,2025",2016-2023,cb461af0c56b4811,RB,1321941740235550720,2024,18,1495,0.6826666328822296,0.6712962962962963,4.6977026577179775,0.7814067146072777,14.692606205633275,1.0148278808816014,0.683982337730687,0.6736111111111112,4.709033406682767,0.7849798036617669,14.778347489149919,1.0140256700401826,-0.001315704848457333,-0.0023148148148148806,-0.011330748964789805,-0.0035730890544891647,-0.08574128351664356,0.0008022108414187379,drop,drop,507.48191044000123,serve gap: pn_practice_ord is known on 100% of 2026's played rows but on none of week 4's (not played yet): known only after the game,His injury history,"D5 sub-group: games missed injured this / last season, weeks Questionable in a row, first game back after 2+, this week's designation and practice"
20261001170753,2026-10-01 17:07:53.390423+00,v2.0,fx1.0,own_injury,intermediate.int_player_week_personnel,"pn_games_missed_season,pn_games_missed_prev,pn_q_streak,pn_returning,pn_report_status_ord,pn_practice_ord","2023,2024,2025",2016-2024,cb461af0c56b4811,RB,1321941740235550720,2025,18,1518,0.6938175898195331,0.6342592592592592,4.726671451166087,0.7780295722078157,14.168722171854622,1.0425181754732569,0.6950103969394773,0.6365740740740741,4.747744357797661,0.7855412596247372,14.36464541810875,1.046606036495452,-0.0011928071199441836,-0.0023148148148148806,-0.021072906631573574,-0.007511687416921542,-0.1959232462541287,-0.0040878610221950495,drop,drop,507.48191044000123,serve gap: pn_practice_ord is known on 100% of 2026's played rows but on none of week 4's (not played yet): known only after the game,His injury history,"D5 sub-group: games missed injured this / last season, weeks Questionable in a row, first game back after 2+, this week's designation and practice"
20261001170753,2026-10-01 17:07:53.390423+00,v2.0,fx1.0,own_injury,intermediate.int_player_week_personnel,"pn_games_missed_season,pn_games_missed_prev,pn_q_streak,pn_returning,pn_report_status_ord,pn_practice_ord","2023,2024,2025",2016-2022,cb461af0c56b4811,RB,1389709692405551104,2023,18,1482,0.674569388816542,0.6134259259259259,4.124453189908907,0.8167705497989882,12.368314235687448,0.9102946635428716,0.6756450176028727,0.6064814814814814,4.117502283433733,0.8174518733456249,12.449043123468384,0.9050705985700918,-0.0010756287863306069,0.006944444444444531,0.006950906475173824,-0.0006813235466366363,-0.08072888778093557,0.005224064972779829,drop,drop,507.48191044000123,serve gap: pn_practice_ord is known on 100% of 2026's played rows but on none of week 4's (not played yet): known only after the game,His injury history,"D5 sub-group: games missed injured this / last season, weeks Questionable in a row, first game back after 2+, this week's designation and practice"
20261001170753,2026-10-01 17:07:53.390423+00,v2.0,fx1.0,own_injury,intermediate.int_player_week_personnel,"pn_games_missed_season,pn_games_missed_prev,pn_q_streak,pn_returning,pn_report_status_ord,pn_practice_ord","2023,2024,2025",2016-2023,cb461af0c56b4811,RB,1389709692405551104,2024,18,1495,0.6749595378082556,0.6574074074074074,4.216317497551874,0.8084445995917083,13.263682307897614,0.903387632237698,0.6760537172860128,0.6574074074074074,4.228841728668209,0.8025266257202242,13.044841079231357,0.9064258267080072,-0.001094179477757251,0,-0.012524231116335827,0.005917973871484183,0.21884122866625688,-0.0030381944703091746,drop,drop,507.48191044000123,serve gap: pn_practice_ord is known on 100% of 2026's played rows but on none of week 4's (not played yet): known only after the game,His injury history,"D5 sub-group: games missed injured this / last season, weeks Questionable in a row, first game back after 2+, this week's designation and practice"
20261001170753,2026-10-01 17:07:53.390423+00,v2.0,fx1.0,own_injury,intermediate.int_player_week_personnel,"pn_games_missed_season,pn_games_missed_prev,pn_q_streak,pn_returning,pn_report_status_ord,pn_practice_ord","2023,2024,2025",2016-2024,cb461af0c56b4811,RB,1389709692405551104,2025,18,1518,0.6903282090404563,0.6157407407407408,4.269997954183229,0.7798567167407631,12.80361261214292,0.9307700768145788,0.6908815711950581,0.6134259259259259,4.282656131176271,0.7755417665473705,12.727053613563863,0.932001735176007,-0.0005533621546017775,0.0023148148148148806,-0.012658176993041614,0.004314950193392564,0.07655899857905801,-0.001231658361428245,drop,drop,507.48191044000123,serve gap: pn_practice_ord is known on 100% of 2026's played rows but on none of week 4's (not played yet): known only after the game,His injury history,"D5 sub-group: games missed injured this / last season, weeks Questionable in a row, first game back after 2+, this week's designation and practice"
20261001170753,2026-10-01 17:07:53.390423+00,v2.0,fx1.0,own_injury,intermediate.int_player_week_personnel,"pn_games_missed_season,pn_games_missed_prev,pn_q_streak,pn_returning,pn_report_status_ord,pn_practice_ord","2023,2024,2025",2016-2022,cb461af0c56b4811,TE,1321941740235550720,2023,18,1177,0.5722454051558751,0.5,3.419765378881045,0.8029014192040167,10.570189108832324,0.7566292981488103,0.5731549358489271,0.5138888888888888,3.404402167383241,0.8034886757774902,10.492863184652377,0.7471459897645805,-0.0009095306930519964,-0.01388888888888884,0.015363211497803952,-0.0005872565734734714,0.07732592417994688,0.009483308384229838,drop,drop,507.48191044000123,serve gap: pn_practice_ord is known on 100% of 2026's played rows but on none of week 4's (not played yet): known only after the game,His injury history,"D5 sub-group: games missed injured this / last season, weeks Questionable in a row, first game back after 2+, this week's designation and practice"
20261001170753,2026-10-01 17:07:53.390423+00,v2.0,fx1.0,own_injury,intermediate.int_player_week_personnel,"pn_games_missed_season,pn_games_missed_prev,pn_q_streak,pn_returning,pn_report_status_ord,pn_practice_ord","2023,2024,2025",2016-2023,cb461af0c56b4811,TE,1321941740235550720,2024,18,1221,0.5681032358325333,0.46759259259259256,3.609347317075343,0.8064612743268563,10.295683738343582,0.7958030995833393,0.574264077708444,0.4583333333333333,3.59539965470318,0.7743029055589911,10.206185491509853,0.7903953884216951,-0.006160841875910705,0.009259259259259245,0.013947662372162828,0.032158368767865264,0.08949824683372931,0.00540771116164418,drop,drop,507.48191044000123,serve gap: pn_practice_ord is known on 100% of 2026's played rows but on none of week 4's (not played yet): known only after the game,His injury history,"D5 sub-group: games missed injured this / last season, weeks Questionable in a row, first game back after 2+, this week's designation and practice"
20261001170753,2026-10-01 17:07:53.390423+00,v2.0,fx1.0,own_injury,intermediate.int_player_week_personnel,"pn_games_missed_season,pn_games_missed_prev,pn_q_streak,pn_returning,pn_report_status_ord,pn_practice_ord","2023,2024,2025",2016-2024,cb461af0c56b4811,TE,1321941740235550720,2025,18,1268,0.6237111100964764,0.4398148148148148,3.513838024332985,0.8231818837049772,10.021957194492796,0.8102750310888922,0.6253565710969989,0.4212962962962963,3.5060303412258347,0.8274175947019309,10.087548898832267,0.8008154658194906,-0.0016454610005225412,0.018518518518518545,0.00780768310715052,-0.004235710996953634,-0.06559170433947159,0.009459565269401615,drop,drop,507.48191044000123,serve gap: pn_practice_ord is known on 100% of 2026's played rows but on none of week 4's (not played yet): known only after the game,His injury history,"D5 sub-group: games missed injured this / last season, weeks Questionable in a row, first game back after 2+, this week's designation and practice"
20261001170753,2026-10-01 17:07:53.390423+00,v2.0,fx1.0,own_injury,intermediate.int_player_week_personnel,"pn_games_missed_season,pn_games_missed_prev,pn_q_streak,pn_returning,pn_report_status_ord,pn_practice_ord","2023,2024,2025",2016-2022,cb461af0c56b4811,TE,1389709692405551104,2023,18,1177,0.5503317437408941,0.47685185185185186,2.8663847903748962,0.8001766540445971,8.911643061576193,0.6399343847000494,0.5526674547558043,0.48148148148148145,2.8536294975103322,0.8104562828686124,8.769791614718581,0.6359043614952173,-0.0023357110149101468,-0.004629629629629595,0.012755292864564005,-0.01027962882401523,0.1418514468576113,0.004030023204832034,drop,drop,507.48191044000123,serve gap: pn_practice_ord is known on 100% of 2026's played rows but on none of week 4's (not played yet): known only after the game,His injury history,"D5 sub-group: games missed injured this / last season, weeks Questionable in a row, first game back after 2+, this week's designation and practice"
20261001170753,2026-10-01 17:07:53.390423+00,v2.0,fx1.0,own_injury,intermediate.int_player_week_personnel,"pn_games_missed_season,pn_games_missed_prev,pn_q_streak,pn_returning,pn_report_status_ord,pn_practice_ord","2023,2024,2025",2016-2023,cb461af0c56b4811,TE,1389709692405551104,2024,18,1221,0.5527843631487531,0.41203703703703703,3.0097540251318056,0.8088553801630448,8.543930657319306,0.6569078781296842,0.5598785707889994,0.4212962962962963,2.995168113013023,0.8091092743419375,8.61647263454671,0.654603840250283,-0.007094207640246264,-0.009259259259259245,0.014585912118782574,-0.0002538941788926552,-0.07254197722740408,0.002304037879401255,drop,drop,507.48191044000123,serve gap: pn_practice_ord is known on 100% of 2026's played rows but on none of week 4's (not played yet): known only after the game,His injury history,"D5 sub-group: games missed injured this / last season, weeks Questionable in a row, first game back after 2+, this week's designation and practice"
20261001170753,2026-10-01 17:07:53.390423+00,v2.0,fx1.0,own_injury,intermediate.int_player_week_personnel,"pn_games_missed_season,pn_games_missed_prev,pn_q_streak,pn_returning,pn_report_status_ord,pn_practice_ord","2023,2024,2025",2016-2024,cb461af0c56b4811,TE,1389709692405551104,2025,18,1268,0.6084053469683339,0.4166666666666667,2.985360268060218,0.8205470698968611,8.478538096974729,0.6837347342770714,0.6114816218323065,0.39814814814814814,2.9795136555105186,0.8302488484538157,8.566879777547221,0.6825983815690715,-0.00307627486397255,0.018518518518518545,0.005846612549699426,-0.009701778556954643,-0.08834168057249236,0.0011363527079999436,drop,drop,507.48191044000123,serve gap: pn_practice_ord is known on 100% of 2026's played rows but on none of week 4's (not played yet): known only after the game,His injury history,"D5 sub-group: games missed injured this / last season, weeks Questionable in a row, first game back after 2+, this week's designation and practice"
20261001170753,2026-10-01 17:07:53.390423+00,v2.0,fx1.0,own_injury,intermediate.int_player_week_personnel,"pn_games_missed_season,pn_games_missed_prev,pn_q_streak,pn_returning,pn_report_status_ord,pn_practice_ord","2023,2024,2025",2016-2022,cb461af0c56b4811,WR,1321941740235550720,2023,18,2393,0.640045618129795,0.49537037037037035,4.852588711316135,0.8294648499092266,15.116814440111114,1.0631842852224678,0.6392918990013178,0.5,4.844521808613023,0.8276029070508462,15.19898926672618,1.063735644351547,0.0007537191284772149,-0.00462962962962965,0.008066902703111722,0.0018619428583804831,-0.08217482661506637,-0.0005513591290793318,drop,drop,507.48191044000123,serve gap: pn_practice_ord is known on 100% of 2026's played rows but on none of week 4's (not played yet): known only after the game,His injury history,"D5 sub-group: games missed injured this / last season, weeks Questionable in a row, first game back after 2+, this week's designation and practice"
20261001170753,2026-10-01 17:07:53.390423+00,v2.0,fx1.0,own_injury,intermediate.int_player_week_personnel,"pn_games_missed_season,pn_games_missed_prev,pn_q_streak,pn_returning,pn_report_status_ord,pn_practice_ord","2023,2024,2025",2016-2023,cb461af0c56b4811,WR,1321941740235550720,2024,18,2355,0.6383321278716425,0.46064814814814814,4.914644442057177,0.7864346808218694,15.17052527843958,1.0896136319954568,0.6392689713644507,0.46759259259259256,4.915209595301268,0.810699347029401,15.29574342823534,1.0888242050914194,-0.0009368434928082037,-0.00694444444444442,-0.0005651532440911211,-0.02426466620753165,-0.12521814979576007,0.0007894269040373825,drop,drop,507.48191044000123,serve gap: pn_practice_ord is known on 100% of 2026's played rows but on none of week 4's (not played yet): known only after the game,His injury history,"D5 sub-group: games missed injured this / last season, weeks Questionable in a row, first game back after 2+, this week's designation and practice"
20261001170753,2026-10-01 17:07:53.390423+00,v2.0,fx1.0,own_injury,intermediate.int_player_week_personnel,"pn_games_missed_season,pn_games_missed_prev,pn_q_streak,pn_returning,pn_report_status_ord,pn_practice_ord","2023,2024,2025",2016-2024,cb461af0c56b4811,WR,1321941740235550720,2025,18,2366,0.6155600329085918,0.47685185185185186,4.600602922916616,0.8085445338928364,14.491977667379224,0.9945683447317957,0.6152386686159024,0.4791666666666667,4.600664516848402,0.8144156378966352,14.616042607224918,0.9901513399339991,0.0003213642926894744,-0.002314814814814825,-6.159393178606365e-05,-0.005871104003798755,-0.12406493984569344,0.004417004797796609,drop,drop,507.48191044000123,serve gap: pn_practice_ord is known on 100% of 2026's played rows but on none of week 4's (not played yet): known only after the game,His injury history,"D5 sub-group: games missed injured this / last season, weeks Questionable in a row, first game back after 2+, this week's designation and practice"
20261001170753,2026-10-01 17:07:53.390423+00,v2.0,fx1.0,own_injury,intermediate.int_player_week_personnel,"pn_games_missed_season,pn_games_missed_prev,pn_q_streak,pn_returning,pn_report_status_ord,pn_practice_ord","2023,2024,2025",2016-2022,cb461af0c56b4811,WR,1389709692405551104,2023,18,2393,0.6248853590603108,0.4884259259259259,4.059346772180249,0.8252987370490412,12.562651998761563,0.8744816727076556,0.6246061268487013,0.48379629629629634,4.051944662215899,0.8202839699817535,12.623847439187115,0.8785657701147183,0.0002792322116095258,0.004629629629629539,0.007402109964350423,0.005014767067287762,-0.061195440425551695,-0.004084097407062615,drop,drop,507.48191044000123,serve gap: pn_practice_ord is known on 100% of 2026's played rows but on none of week 4's (not played yet): known only after the game,His injury history,"D5 sub-group: games missed injured this / last season, weeks Questionable in a row, first game back after 2+, this week's designation and practice"
20261001170753,2026-10-01 17:07:53.390423+00,v2.0,fx1.0,own_injury,intermediate.int_player_week_personnel,"pn_games_missed_season,pn_games_missed_prev,pn_q_streak,pn_returning,pn_report_status_ord,pn_practice_ord","2023,2024,2025",2016-2023,cb461af0c56b4811,WR,1389709692405551104,2024,18,2355,0.6248597693416913,0.4652777777777778,4.115313164796372,0.7874271435892388,12.452764578917986,0.8988494355076474,0.6258058683032384,0.4722222222222222,4.111022234789733,0.8081891862346062,12.567916698188661,0.896932017486602,-0.0009460989615470705,-0.00694444444444442,0.004290930006638938,-0.020762042645367407,-0.11515211927067526,0.0019174180210453917,drop,drop,507.48191044000123,serve gap: pn_practice_ord is known on 100% of 2026's played rows but on none of week 4's (not played yet): known only after the game,His injury history,"D5 sub-group: games missed injured this / last season, weeks Questionable in a row, first game back after 2+, this week's designation and practice"
20261001170753,2026-10-01 17:07:53.390423+00,v2.0,fx1.0,own_injury,intermediate.int_player_week_personnel,"pn_games_missed_season,pn_games_missed_prev,pn_q_streak,pn_returning,pn_report_status_ord,pn_practice_ord","2023,2024,2025",2016-2024,cb461af0c56b4811,WR,1389709692405551104,2025,18,2366,0.6013032458776961,0.4583333333333333,3.882997265380508,0.8116981322047737,12.128375802453148,0.822715761798121,0.60107460697586,0.45370370370370366,3.879997485317312,0.805383548509456,12.202734588861226,0.8249504578006683,0.00022863890183610902,0.00462962962962965,0.0029997800631957894,0.006314583695317677,-0.07435878640807836,-0.0022346960025473317,drop,drop,507.48191044000123,serve gap: pn_practice_ord is known on 100% of 2026's played rows but on none of week 4's (not played yet): known only after the game,His injury history,"D5 sub-group: games missed injured this / last season, weeks Questionable in a row, first game back after 2+, this week's designation and practice"
20261001224755,2026-10-01 22:47:55.370594+00,v3.0,fx1.0,oline_quality,intermediate.int_e4_player_week_oline_quality,"pn_olq_starters_out,pn_olq_snap_share_out,pn_olq_career_starts_out,pn_olq_draft_capital_out,pn_olq_best_out,pn_olq_prev_season_share_out","2023,2024,2025",2016-2022,8cfd8d6e338101ca,QB,1321941740235550720,2023,18,680,0.5833640898593965,0.5231481481481481,7.487600009250548,0.720415253993689,22.968907719389065,1.6025580861894229,0.5905169243398202,0.5185185185185186,7.41945010665895,0.7405385872022371,23.381422577291595,1.5997357113419226,-0.007152834480423698,0.004629629629629539,0.06814990259159792,-0.02012333320854809,-0.4125148579025293,0.002822374847500253,drop,drop,652.4180965859996,serve gap: pn_olq_starters_out is known on 52% of 2026's played rows but on none of week 4's (not played yet): known only after the game; serve gap: pn_olq_snap_share_out is known on 52% of 2026's played rows but on none of week 4's (not played yet): known only after the game; serve gap: pn_olq_career_starts_out is known on 52% of 2026's played rows but on none of week 4's (not played yet): known only after the game; serve gap: pn_olq_draft_capital_out is known on 52% of 2026's played rows but on none of week 4's (not played yet): known only after the game; serve gap: pn_olq_best_out is known on 52% of 2026's played rows but on none of week 4's (not played yet): known only after the game; serve gap: pn_olq_prev_season_share_out is known on 52% of 2026's played rows but on none of week 4's (not played yet): known only after the game,"Offensive line out, weighted by quality","E4: the line's starters out this week (D5's count and snap share) plus how good they are - career starts, draft capital, last season's snaps, the rank of the best one out"
20261001224755,2026-10-01 22:47:55.370594+00,v3.0,fx1.0,oline_quality,intermediate.int_e4_player_week_oline_quality,"pn_olq_starters_out,pn_olq_snap_share_out,pn_olq_career_starts_out,pn_olq_draft_capital_out,pn_olq_best_out,pn_olq_prev_season_share_out","2023,2024,2025",2016-2023,8cfd8d6e338101ca,QB,1321941740235550720,2024,18,664,0.5574894357465515,0.5462962962962963,7.95334933765434,0.7613031335186528,24.403462473247956,1.7496285730566288,0.5582601288813734,0.5555555555555556,7.935241134108054,0.7553330366942023,24.201164079025116,1.7545414872481868,-0.0007706931348219204,-0.0092592592592593,0.018108203546286283,0.005970096824450488,0.20229839422284002,-0.004912914191558038,drop,drop,652.4180965859996,serve gap: pn_olq_starters_out is known on 52% of 2026's played rows but on none of week 4's (not played yet): known only after the game; serve gap: pn_olq_snap_share_out is known on 52% of 2026's played rows but on none of week 4's (not played yet): known only after the game; serve gap: pn_olq_career_starts_out is known on 52% of 2026's played rows but on none of week 4's (not played yet): known only after the game; serve gap: pn_olq_draft_capital_out is known on 52% of 2026's played rows but on none of week 4's (not played yet): known only after the game; serve gap: pn_olq_best_out is known on 52% of 2026's played rows but on none of week 4's (not played yet): known only after the game; serve gap: pn_olq_prev_season_share_out is known on 52% of 2026's played rows but on none of week 4's (not played yet): known only after the game,"Offensive line out, weighted by quality","E4: the line's starters out this week (D5's count and snap share) plus how good they are - career starts, draft capital, last season's snaps, the rank of the best one out"
20261001224755,2026-10-01 22:47:55.370594+00,v3.0,fx1.0,oline_quality,intermediate.int_e4_player_week_oline_quality,"pn_olq_starters_out,pn_olq_snap_share_out,pn_olq_career_starts_out,pn_olq_draft_capital_out,pn_olq_best_out,pn_olq_prev_season_share_out","2023,2024,2025",2016-2024,8cfd8d6e338101ca,QB,1321941740235550720,2025,18,677,0.580037242117626,0.5,7.513483099442603,0.7790440420822982,25.264800578258118,1.632344372480092,0.5885001657668236,0.4861111111111111,7.466757225911666,0.776973953523121,25.443357804682805,1.6501026081897268,-0.008462923649197651,0.013888888888888895,0.04672587353093771,0.002070088559177119,-0.17855722642468663,-0.017758235709634862,drop,drop,652.4180965859996,serve gap: pn_olq_starters_out is known on 52% of 2026's played rows but on none of week 4's (not played yet): known only after the game; serve gap: pn_olq_snap_share_out is known on 52% of 2026's played rows but on none of week 4's (not played yet): known only after the game; serve gap: pn_olq_career_starts_out is known on 52% of 2026's played rows but on none of week 4's (not played yet): known only after the game; serve gap: pn_olq_draft_capital_out is known on 52% of 2026's played rows but on none of week 4's (not played yet): known only after the game; serve gap: pn_olq_best_out is known on 52% of 2026's played rows but on none of week 4's (not played yet): known only after the game; serve gap: pn_olq_prev_season_share_out is known on 52% of 2026's played rows but on none of week 4's (not played yet): known only after the game,"Offensive line out, weighted by quality","E4: the line's starters out this week (D5's count and snap share) plus how good they are - career starts, draft capital, last season's snaps, the rank of the best one out"
20261001224755,2026-10-01 22:47:55.370594+00,v3.0,fx1.0,oline_quality,intermediate.int_e4_player_week_oline_quality,"pn_olq_starters_out,pn_olq_snap_share_out,pn_olq_career_starts_out,pn_olq_draft_capital_out,pn_olq_best_out,pn_olq_prev_season_share_out","2023,2024,2025",2016-2022,8cfd8d6e338101ca,QB,1389709692405551104,2023,18,680,0.5953655216202137,0.5324074074074074,5.321112999770408,0.7371278149026463,16.322243583269827,1.1364027941055883,0.6012021721295239,0.5277777777777778,5.27920752407677,0.7401588128768848,16.321134851832863,1.1416364480695564,-0.005836650509310148,0.00462962962962965,0.04190547569363812,-0.0030309979742384474,0.0011087314369646606,-0.005233653963968132,drop,drop,652.4180965859996,serve gap: pn_olq_starters_out is known on 52% of 2026's played rows but on none of week 4's (not played yet): known only after the game; serve gap: pn_olq_snap_share_out is known on 52% of 2026's played rows but on none of week 4's (not played yet): known only after the game; serve gap: pn_olq_career_starts_out is known on 52% of 2026's played rows but on none of week 4's (not played yet): known only after the game; serve gap: pn_olq_draft_capital_out is known on 52% of 2026's played rows but on none of week 4's (not played yet): known only after the game; serve gap: pn_olq_best_out is known on 52% of 2026's played rows but on none of week 4's (not played yet): known only after the game; serve gap: pn_olq_prev_season_share_out is known on 52% of 2026's played rows but on none of week 4's (not played yet): known only after the game,"Offensive line out, weighted by quality","E4: the line's starters out this week (D5's count and snap share) plus how good they are - career starts, draft capital, last season's snaps, the rank of the best one out"
20261001224755,2026-10-01 22:47:55.370594+00,v3.0,fx1.0,oline_quality,intermediate.int_e4_player_week_oline_quality,"pn_olq_starters_out,pn_olq_snap_share_out,pn_olq_career_starts_out,pn_olq_draft_capital_out,pn_olq_best_out,pn_olq_prev_season_share_out","2023,2024,2025",2016-2023,8cfd8d6e338101ca,QB,1389709692405551104,2024,18,664,0.5796896461303612,0.5740740740740741,5.738505149084493,0.7428998668766025,17.031310745666516,1.2431649333485137,0.5790141605809046,0.587962962962963,5.72317813023092,0.76308055964757,17.509152954043213,1.2417012884914347,0.0006754855494566225,-0.01388888888888895,0.015327018853573016,-0.020180692770967568,-0.4778422083766962,0.0014636448570790606,drop,drop,652.4180965859996,serve gap: pn_olq_starters_out is known on 52% of 2026's played rows but on none of week 4's (not played yet): known only after the game; serve gap: pn_olq_snap_share_out is known on 52% of 2026's played rows but on none of week 4's (not played yet): known only after the game; serve gap: pn_olq_career_starts_out is known on 52% of 2026's played rows but on none of week 4's (not played yet): known only after the game; serve gap: pn_olq_draft_capital_out is known on 52% of 2026's played rows but on none of week 4's (not played yet): known only after the game; serve gap: pn_olq_best_out is known on 52% of 2026's played rows but on none of week 4's (not played yet): known only after the game; serve gap: pn_olq_prev_season_share_out is known on 52% of 2026's played rows but on none of week 4's (not played yet): known only after the game,"Offensive line out, weighted by quality","E4: the line's starters out this week (D5's count and snap share) plus how good they are - career starts, draft capital, last season's snaps, the rank of the best one out"
20261001224755,2026-10-01 22:47:55.370594+00,v3.0,fx1.0,oline_quality,intermediate.int_e4_player_week_oline_quality,"pn_olq_starters_out,pn_olq_snap_share_out,pn_olq_career_starts_out,pn_olq_draft_capital_out,pn_olq_best_out,pn_olq_prev_season_share_out","2023,2024,2025",2016-2024,8cfd8d6e338101ca,QB,1389709692405551104,2025,18,677,0.5932216929192828,0.5046296296296297,5.420055237062165,0.7907544947417428,18.205101138429765,1.174481477812466,0.6000645132114157,0.49537037037037035,5.3977248898527,0.7854564676413955,17.967750161337698,1.1744187213816555,-0.006842820292132901,0.0092592592592593,0.022330347209464918,0.0052980271003472135,0.23735097709206698,6.275643081044002e-05,drop,drop,652.4180965859996,serve gap: pn_olq_starters_out is known on 52% of 2026's played rows but on none of week 4's (not played yet): known only after the game; serve gap: pn_olq_snap_share_out is known on 52% of 2026's played rows but on none of week 4's (not played yet): known only after the game; serve gap: pn_olq_career_starts_out is known on 52% of 2026's played rows but on none of week 4's (not played yet): known only after the game; serve gap: pn_olq_draft_capital_out is known on 52% of 2026's played rows but on none of week 4's (not played yet): known only after the game; serve gap: pn_olq_best_out is known on 52% of 2026's played rows but on none of week 4's (not played yet): known only after the game; serve gap: pn_olq_prev_season_share_out is known on 52% of 2026's played rows but on none of week 4's (not played yet): known only after the game,"Offensive line out, weighted by quality","E4: the line's starters out this week (D5's count and snap share) plus how good they are - career starts, draft capital, last season's snaps, the rank of the best one out"
20261001224755,2026-10-01 22:47:55.370594+00,v3.0,fx1.0,oline_quality,intermediate.int_e4_player_week_oline_quality,"pn_olq_starters_out,pn_olq_snap_share_out,pn_olq_career_starts_out,pn_olq_draft_capital_out,pn_olq_best_out,pn_olq_prev_season_share_out","2023,2024,2025",2016-2022,8cfd8d6e338101ca,RB,1321941740235550720,2023,18,1482,0.6824767248242223,0.6273148148148148,4.5478978142395485,0.8271063412723393,14.993654942325877,1.007894132200231,0.6824234633930332,0.6273148148148148,4.549047609820835,0.8330912069311568,14.890784558949699,1.0070507885506492,5.3261431189111086e-05,0,-0.0011497955812860283,-0.005984865658817506,0.10287038337617815,0.0008433436495818292,drop,drop,652.4180965859996,serve gap: pn_olq_starters_out is known on 52% of 2026's played rows but on none of week 4's (not played yet): known only after the game; serve gap: pn_olq_snap_share_out is known on 52% of 2026's played rows but on none of week 4's (not played yet): known only after the game; serve gap: pn_olq_career_starts_out is known on 52% of 2026's played rows but on none of week 4's (not played yet): known only after the game; serve gap: pn_olq_draft_capital_out is known on 52% of 2026's played rows but on none of week 4's (not played yet): known only after the game; serve gap: pn_olq_best_out is known on 52% of 2026's played rows but on none of week 4's (not played yet): known only after the game; serve gap: pn_olq_prev_season_share_out is known on 52% of 2026's played rows but on none of week 4's (not played yet): known only after the game,"Offensive line out, weighted by quality","E4: the line's starters out this week (D5's count and snap share) plus how good they are - career starts, draft capital, last season's snaps, the rank of the best one out"
20261001224755,2026-10-01 22:47:55.370594+00,v3.0,fx1.0,oline_quality,intermediate.int_e4_player_week_oline_quality,"pn_olq_starters_out,pn_olq_snap_share_out,pn_olq_career_starts_out,pn_olq_draft_capital_out,pn_olq_best_out,pn_olq_prev_season_share_out","2023,2024,2025",2016-2023,8cfd8d6e338101ca,RB,1321941740235550720,2024,18,1495,0.6908970388934245,0.6828703703703703,4.660921189469821,0.7971875791529703,14.516653726937603,0.9990678577380794,0.6916765452730813,0.6782407407407408,4.680064326564429,0.79460136408655,14.531877688803178,1.0062316819910024,-0.0007795063796568469,0.004629629629629539,-0.019143137094607354,0.0025862150664203165,-0.015223961865574509,-0.007163824252923057,drop,drop,652.4180965859996,serve gap: pn_olq_starters_out is known on 52% of 2026's played rows but on none of week 4's (not played yet): known only after the game; serve gap: pn_olq_snap_share_out is known on 52% of 2026's played rows but on none of week 4's (not played yet): known only after the game; serve gap: pn_olq_career_starts_out is known on 52% of 2026's played rows but on none of week 4's (not played yet): known only after the game; serve gap: pn_olq_draft_capital_out is known on 52% of 2026's played rows but on none of week 4's (not played yet): known only after the game; serve gap: pn_olq_best_out is known on 52% of 2026's played rows but on none of week 4's (not played yet): known only after the game; serve gap: pn_olq_prev_season_share_out is known on 52% of 2026's played rows but on none of week 4's (not played yet): known only after the game,"Offensive line out, weighted by quality","E4: the line's starters out this week (D5's count and snap share) plus how good they are - career starts, draft capital, last season's snaps, the rank of the best one out"
20261001224755,2026-10-01 22:47:55.370594+00,v3.0,fx1.0,oline_quality,intermediate.int_e4_player_week_oline_quality,"pn_olq_starters_out,pn_olq_snap_share_out,pn_olq_career_starts_out,pn_olq_draft_capital_out,pn_olq_best_out,pn_olq_prev_season_share_out","2023,2024,2025",2016-2024,8cfd8d6e338101ca,RB,1321941740235550720,2025,18,1518,0.702183614337891,0.6388888888888888,4.679070501700953,0.7743595306327105,14.487086862602887,1.0366739361164272,0.7028627206949561,0.6319444444444444,4.675603880985111,0.7764091445263115,14.46948630754512,1.036137589686307,-0.0006791063570651401,0.00694444444444442,0.003466620715841806,-0.002049613893601032,0.017600555057766698,0.0005363464301202381,drop,drop,652.4180965859996,serve gap: pn_olq_starters_out is known on 52% of 2026's played rows but on none of week 4's (not played yet): known only after the game; serve gap: pn_olq_snap_share_out is known on 52% of 2026's played rows but on none of week 4's (not played yet): known only after the game; serve gap: pn_olq_career_starts_out is known on 52% of 2026's played rows but on none of week 4's (not played yet): known only after the game; serve gap: pn_olq_draft_capital_out is known on 52% of 2026's played rows but on none of week 4's (not played yet): known only after the game; serve gap: pn_olq_best_out is known on 52% of 2026's played rows but on none of week 4's (not played yet): known only after the game; serve gap: pn_olq_prev_season_share_out is known on 52% of 2026's played rows but on none of week 4's (not played yet): known only after the game,"Offensive line out, weighted by quality","E4: the line's starters out this week (D5's count and snap share) plus how good they are - career starts, draft capital, last season's snaps, the rank of the best one out"
20261001224755,2026-10-01 22:47:55.370594+00,v3.0,fx1.0,oline_quality,intermediate.int_e4_player_week_oline_quality,"pn_olq_starters_out,pn_olq_snap_share_out,pn_olq_career_starts_out,pn_olq_draft_capital_out,pn_olq_best_out,pn_olq_prev_season_share_out","2023,2024,2025",2016-2022,8cfd8d6e338101ca,RB,1389709692405551104,2023,18,1482,0.6786595829518917,0.6041666666666666,4.1005538560517385,0.8327813164964516,13.152741261423724,0.9075949277976582,0.6783246187658504,0.6041666666666666,4.102268804911234,0.8284861132052364,13.34571301593702,0.9013363060242874,0.00033496418604128664,0,-0.0017149488594956352,0.004295203291215244,-0.1929717545132963,0.006258621773370776,drop,drop,652.4180965859996,serve gap: pn_olq_starters_out is known on 52% of 2026's played rows but on none of week 4's (not played yet): known only after the game; serve gap: pn_olq_snap_share_out is known on 52% of 2026's played rows but on none of week 4's (not played yet): known only after the game; serve gap: pn_olq_career_starts_out is known on 52% of 2026's played rows but on none of week 4's (not played yet): known only after the game; serve gap: pn_olq_draft_capital_out is known on 52% of 2026's played rows but on none of week 4's (not played yet): known only after the game; serve gap: pn_olq_best_out is known on 52% of 2026's played rows but on none of week 4's (not played yet): known only after the game; serve gap: pn_olq_prev_season_share_out is known on 52% of 2026's played rows but on none of week 4's (not played yet): known only after the game,"Offensive line out, weighted by quality","E4: the line's starters out this week (D5's count and snap share) plus how good they are - career starts, draft capital, last season's snaps, the rank of the best one out"
20261001224755,2026-10-01 22:47:55.370594+00,v3.0,fx1.0,oline_quality,intermediate.int_e4_player_week_oline_quality,"pn_olq_starters_out,pn_olq_snap_share_out,pn_olq_career_starts_out,pn_olq_draft_capital_out,pn_olq_best_out,pn_olq_prev_season_share_out","2023,2024,2025",2016-2023,8cfd8d6e338101ca,RB,1389709692405551104,2024,18,1495,0.6828877499651376,0.662037037037037,4.176764124410218,0.7919595391803952,13.017134126303652,0.893856581244845,0.6831678589032318,0.6574074074074074,4.198763290121073,0.8055613117252144,13.273946819977786,0.8950582658466187,-0.00028010893809427007,0.004629629629629539,-0.021999165710855806,-0.013601772544819202,-0.2568126936741333,-0.0012016846017737226,drop,drop,652.4180965859996,serve gap: pn_olq_starters_out is known on 52% of 2026's played rows but on none of week 4's (not played yet): known only after the game; serve gap: pn_olq_snap_share_out is known on 52% of 2026's played rows but on none of week 4's (not played yet): known only after the game; serve gap: pn_olq_career_starts_out is known on 52% of 2026's played rows but on none of week 4's (not played yet): known only after the game; serve gap: pn_olq_draft_capital_out is known on 52% of 2026's played rows but on none of week 4's (not played yet): known only after the game; serve gap: pn_olq_best_out is known on 52% of 2026's played rows but on none of week 4's (not played yet): known only after the game; serve gap: pn_olq_prev_season_share_out is known on 52% of 2026's played rows but on none of week 4's (not played yet): known only after the game,"Offensive line out, weighted by quality","E4: the line's starters out this week (D5's count and snap share) plus how good they are - career starts, draft capital, last season's snaps, the rank of the best one out"
20261001224755,2026-10-01 22:47:55.370594+00,v3.0,fx1.0,oline_quality,intermediate.int_e4_player_week_oline_quality,"pn_olq_starters_out,pn_olq_snap_share_out,pn_olq_career_starts_out,pn_olq_draft_capital_out,pn_olq_best_out,pn_olq_prev_season_share_out","2023,2024,2025",2016-2024,8cfd8d6e338101ca,RB,1389709692405551104,2025,18,1518,0.6994246789718034,0.6296296296296297,4.2268006418232655,0.780390731428039,13.128365617096835,0.9237046385234695,0.7002682646316967,0.625,4.233754571077309,0.7870827214750531,12.751213859595579,0.923955511279841,-0.0008435856598932867,0.00462962962962965,-0.0069539292540437,-0.00669199004701404,0.37715175750125596,-0.00025087275637147854,drop,drop,652.4180965859996,serve gap: pn_olq_starters_out is known on 52% of 2026's played rows but on none of week 4's (not played yet): known only after the game; serve gap: pn_olq_snap_share_out is known on 52% of 2026's played rows but on none of week 4's (not played yet): known only after the game; serve gap: pn_olq_career_starts_out is known on 52% of 2026's played rows but on none of week 4's (not played yet): known only after the game; serve gap: pn_olq_draft_capital_out is known on 52% of 2026's played rows but on none of week 4's (not played yet): known only after the game; serve gap: pn_olq_best_out is known on 52% of 2026's played rows but on none of week 4's (not played yet): known only after the game; serve gap: pn_olq_prev_season_share_out is known on 52% of 2026's played rows but on none of week 4's (not played yet): known only after the game,"Offensive line out, weighted by quality","E4: the line's starters out this week (D5's count and snap share) plus how good they are - career starts, draft capital, last season's snaps, the rank of the best one out"
20261001224755,2026-10-01 22:47:55.370594+00,v3.0,fx1.0,oline_quality,intermediate.int_e4_player_week_oline_quality,"pn_olq_starters_out,pn_olq_snap_share_out,pn_olq_career_starts_out,pn_olq_draft_capital_out,pn_olq_best_out,pn_olq_prev_season_share_out","2023,2024,2025",2016-2022,8cfd8d6e338101ca,TE,1321941740235550720,2023,18,1177,0.5758843620021027,0.5231481481481481,3.383880690528192,0.8108411807410141,10.754826810950052,0.7593836831379569,0.5793184419405316,0.5185185185185186,3.381194685077243,0.824437487994165,10.909013575966979,0.751198646861995,-0.0034340799384289245,0.004629629629629539,0.0026860054509487696,-0.013596307253150974,-0.1541867650169273,0.008185036275961899,drop,drop,652.4180965859996,serve gap: pn_olq_starters_out is known on 52% of 2026's played rows but on none of week 4's (not played yet): known only after the game; serve gap: pn_olq_snap_share_out is known on 52% of 2026's played rows but on none of week 4's (not played yet): known only after the game; serve gap: pn_olq_career_starts_out is known on 52% of 2026's played rows but on none of week 4's (not played yet): known only after the game; serve gap: pn_olq_draft_capital_out is known on 52% of 2026's played rows but on none of week 4's (not played yet): known only after the game; serve gap: pn_olq_best_out is known on 52% of 2026's played rows but on none of week 4's (not played yet): known only after the game; serve gap: pn_olq_prev_season_share_out is known on 52% of 2026's played rows but on none of week 4's (not played yet): known only after the game,"Offensive line out, weighted by quality","E4: the line's starters out this week (D5's count and snap share) plus how good they are - career starts, draft capital, last season's snaps, the rank of the best one out"
20261001224755,2026-10-01 22:47:55.370594+00,v3.0,fx1.0,oline_quality,intermediate.int_e4_player_week_oline_quality,"pn_olq_starters_out,pn_olq_snap_share_out,pn_olq_career_starts_out,pn_olq_draft_capital_out,pn_olq_best_out,pn_olq_prev_season_share_out","2023,2024,2025",2016-2023,8cfd8d6e338101ca,TE,1321941740235550720,2024,18,1221,0.5783266623826374,0.45370370370370366,3.5905987324812165,0.8064516001811668,10.387507877569819,0.7838178727621716,0.5794961535498981,0.4583333333333333,3.5916287406621894,0.7899726376234054,10.55583722570595,0.7877928979930214,-0.0011694911672607278,-0.00462962962962965,-0.0010300081809728745,0.01647896255776138,-0.16832934813613143,-0.003975025230849805,drop,drop,652.4180965859996,serve gap: pn_olq_starters_out is known on 52% of 2026's played rows but on none of week 4's (not played yet): known only after the game; serve gap: pn_olq_snap_share_out is known on 52% of 2026's played rows but on none of week 4's (not played yet): known only after the game; serve gap: pn_olq_career_starts_out is known on 52% of 2026's played rows but on none of week 4's (not played yet): known only after the game; serve gap: pn_olq_draft_capital_out is known on 52% of 2026's played rows but on none of week 4's (not played yet): known only after the game; serve gap: pn_olq_best_out is known on 52% of 2026's played rows but on none of week 4's (not played yet): known only after the game; serve gap: pn_olq_prev_season_share_out is known on 52% of 2026's played rows but on none of week 4's (not played yet): known only after the game,"Offensive line out, weighted by quality","E4: the line's starters out this week (D5's count and snap share) plus how good they are - career starts, draft capital, last season's snaps, the rank of the best one out"
20261001224755,2026-10-01 22:47:55.370594+00,v3.0,fx1.0,oline_quality,intermediate.int_e4_player_week_oline_quality,"pn_olq_starters_out,pn_olq_snap_share_out,pn_olq_career_starts_out,pn_olq_draft_capital_out,pn_olq_best_out,pn_olq_prev_season_share_out","2023,2024,2025",2016-2024,8cfd8d6e338101ca,TE,1321941740235550720,2025,18,1268,0.6301171093220156,0.4490740740740741,3.4945868078856233,0.8226922962773756,10.57769320715918,0.7944980802368169,0.630689857312816,0.4444444444444444,3.5026660940661687,0.8242425608874477,10.540963648576565,0.7935306205036349,-0.0005727479908004263,0.004629629629629706,-0.00807928618054543,-0.0015502646100721273,0.03672955858261595,0.0009674597331820189,drop,drop,652.4180965859996,serve gap: pn_olq_starters_out is known on 52% of 2026's played rows but on none of week 4's (not played yet): known only after the game; serve gap: pn_olq_snap_share_out is known on 52% of 2026's played rows but on none of week 4's (not played yet): known only after the game; serve gap: pn_olq_career_starts_out is known on 52% of 2026's played rows but on none of week 4's (not played yet): known only after the game; serve gap: pn_olq_draft_capital_out is known on 52% of 2026's played rows but on none of week 4's (not played yet): known only after the game; serve gap: pn_olq_best_out is known on 52% of 2026's played rows but on none of week 4's (not played yet): known only after the game; serve gap: pn_olq_prev_season_share_out is known on 52% of 2026's played rows but on none of week 4's (not played yet): known only after the game,"Offensive line out, weighted by quality","E4: the line's starters out this week (D5's count and snap share) plus how good they are - career starts, draft capital, last season's snaps, the rank of the best one out"
20261001224755,2026-10-01 22:47:55.370594+00,v3.0,fx1.0,oline_quality,intermediate.int_e4_player_week_oline_quality,"pn_olq_starters_out,pn_olq_snap_share_out,pn_olq_career_starts_out,pn_olq_draft_capital_out,pn_olq_best_out,pn_olq_prev_season_share_out","2023,2024,2025",2016-2022,8cfd8d6e338101ca,TE,1389709692405551104,2023,18,1177,0.5538587427819371,0.47685185185185186,2.8357059397499826,0.8159890517368314,9.01710777308402,0.6430725486975768,0.5571430069913015,0.48148148148148157,2.8339496791153866,0.808997299009177,8.971022149754717,0.6374468089357812,-0.0032842642093643404,-0.004629629629629706,0.0017562606345959964,0.006991752727654399,0.04608562332930255,0.0056257397617955895,drop,drop,652.4180965859996,serve gap: pn_olq_starters_out is known on 52% of 2026's played rows but on none of week 4's (not played yet): known only after the game; serve gap: pn_olq_snap_share_out is known on 52% of 2026's played rows but on none of week 4's (not played yet): known only after the game; serve gap: pn_olq_career_starts_out is known on 52% of 2026's played rows but on none of week 4's (not played yet): known only after the game; serve gap: pn_olq_draft_capital_out is known on 52% of 2026's played rows but on none of week 4's (not played yet): known only after the game; serve gap: pn_olq_best_out is known on 52% of 2026's played rows but on none of week 4's (not played yet): known only after the game; serve gap: pn_olq_prev_season_share_out is known on 52% of 2026's played rows but on none of week 4's (not played yet): known only after the game,"Offensive line out, weighted by quality","E4: the line's starters out this week (D5's count and snap share) plus how good they are - career starts, draft capital, last season's snaps, the rank of the best one out"
20261001224755,2026-10-01 22:47:55.370594+00,v3.0,fx1.0,oline_quality,intermediate.int_e4_player_week_oline_quality,"pn_olq_starters_out,pn_olq_snap_share_out,pn_olq_career_starts_out,pn_olq_draft_capital_out,pn_olq_best_out,pn_olq_prev_season_share_out","2023,2024,2025",2016-2023,8cfd8d6e338101ca,TE,1389709692405551104,2024,18,1221,0.5646595385180981,0.42129629629629634,2.9946675799889277,0.8139811448816743,8.686564907319058,0.6470133151671221,0.5656333529280526,0.42592592592592593,2.9936278127780547,0.7916072394253219,8.75891468437425,0.6466867078412044,-0.0009738144099544765,-0.004629629629629595,0.001039767210873066,0.022373905456352428,-0.07234977705519263,0.000326607325917716,drop,drop,652.4180965859996,serve gap: pn_olq_starters_out is known on 52% of 2026's played rows but on none of week 4's (not played yet): known only after the game; serve gap: pn_olq_snap_share_out is known on 52% of 2026's played rows but on none of week 4's (not played yet): known only after the game; serve gap: pn_olq_career_starts_out is known on 52% of 2026's played rows but on none of week 4's (not played yet): known only after the game; serve gap: pn_olq_draft_capital_out is known on 52% of 2026's played rows but on none of week 4's (not played yet): known only after the game; serve gap: pn_olq_best_out is known on 52% of 2026's played rows but on none of week 4's (not played yet): known only after the game; serve gap: pn_olq_prev_season_share_out is known on 52% of 2026's played rows but on none of week 4's (not played yet): known only after the game,"Offensive line out, weighted by quality","E4: the line's starters out this week (D5's count and snap share) plus how good they are - career starts, draft capital, last season's snaps, the rank of the best one out"
20261001224755,2026-10-01 22:47:55.370594+00,v3.0,fx1.0,oline_quality,intermediate.int_e4_player_week_oline_quality,"pn_olq_starters_out,pn_olq_snap_share_out,pn_olq_career_starts_out,pn_olq_draft_capital_out,pn_olq_best_out,pn_olq_prev_season_share_out","2023,2024,2025",2016-2024,8cfd8d6e338101ca,TE,1389709692405551104,2025,18,1268,0.6151285689313102,0.4212962962962963,2.967787887400729,0.8146078781852191,8.79966662077513,0.6767790367241023,0.6166914355117736,0.4212962962962963,2.9748132697794567,0.8164730707024936,8.798137045222965,0.6777812075420919,-0.0015628665804634512,0,-0.007025382378727851,-0.001865192517274572,0.00152957555216382,-0.0010021708179895894,drop,drop,652.4180965859996,serve gap: pn_olq_starters_out is known on 52% of 2026's played rows but on none of week 4's (not played yet): known only after the game; serve gap: pn_olq_snap_share_out is known on 52% of 2026's played rows but on none of week 4's (not played yet): known only after the game; serve gap: pn_olq_career_starts_out is known on 52% of 2026's played rows but on none of week 4's (not played yet): known only after the game; serve gap: pn_olq_draft_capital_out is known on 52% of 2026's played rows but on none of week 4's (not played yet): known only after the game; serve gap: pn_olq_best_out is known on 52% of 2026's played rows but on none of week 4's (not played yet): known only after the game; serve gap: pn_olq_prev_season_share_out is known on 52% of 2026's played rows but on none of week 4's (not played yet): known only after the game,"Offensive line out, weighted by quality","E4: the line's starters out this week (D5's count and snap share) plus how good they are - career starts, draft capital, last season's snaps, the rank of the best one out"
20261001224755,2026-10-01 22:47:55.370594+00,v3.0,fx1.0,oline_quality,intermediate.int_e4_player_week_oline_quality,"pn_olq_starters_out,pn_olq_snap_share_out,pn_olq_career_starts_out,pn_olq_draft_capital_out,pn_olq_best_out,pn_olq_prev_season_share_out","2023,2024,2025",2016-2022,8cfd8d6e338101ca,WR,1321941740235550720,2023,18,2393,0.6422936334404336,0.4884259259259259,4.786836274157412,0.8186367226559628,15.55597638675595,1.0510993794325874,0.6417433270446075,0.49768518518518523,4.829693289963023,0.8195295783750555,15.80825079212542,1.0559407306875914,0.0005503063958260945,-0.009259259259259356,-0.04285701580561074,-0.0008928557190927,-0.2522744053694712,-0.004841351255004067,drop,drop,652.4180965859996,serve gap: pn_olq_starters_out is known on 52% of 2026's played rows but on none of week 4's (not played yet): known only after the game; serve gap: pn_olq_snap_share_out is known on 52% of 2026's played rows but on none of week 4's (not played yet): known only after the game; serve gap: pn_olq_career_starts_out is known on 52% of 2026's played rows but on none of week 4's (not played yet): known only after the game; serve gap: pn_olq_draft_capital_out is known on 52% of 2026's played rows but on none of week 4's (not played yet): known only after the game; serve gap: pn_olq_best_out is known on 52% of 2026's played rows but on none of week 4's (not played yet): known only after the game; serve gap: pn_olq_prev_season_share_out is known on 52% of 2026's played rows but on none of week 4's (not played yet): known only after the game,"Offensive line out, weighted by quality","E4: the line's starters out this week (D5's count and snap share) plus how good they are - career starts, draft capital, last season's snaps, the rank of the best one out"
20261001224755,2026-10-01 22:47:55.370594+00,v3.0,fx1.0,oline_quality,intermediate.int_e4_player_week_oline_quality,"pn_olq_starters_out,pn_olq_snap_share_out,pn_olq_career_starts_out,pn_olq_draft_capital_out,pn_olq_best_out,pn_olq_prev_season_share_out","2023,2024,2025",2016-2023,8cfd8d6e338101ca,WR,1321941740235550720,2024,18,2355,0.6443872901629629,0.46990740740740744,4.901496668389171,0.8031047336566599,15.78479935566633,1.0782216606017778,0.6448826276104366,0.47685185185185186,4.90040171319152,0.7941943995755513,15.82429943305252,1.0797893581932818,-0.0004953374474736538,-0.00694444444444442,0.0010949551976517924,0.00891033408110864,-0.03950007738619021,-0.0015676975915039915,drop,drop,652.4180965859996,serve gap: pn_olq_starters_out is known on 52% of 2026's played rows but on none of week 4's (not played yet): known only after the game; serve gap: pn_olq_snap_share_out is known on 52% of 2026's played rows but on none of week 4's (not played yet): known only after the game; serve gap: pn_olq_career_starts_out is known on 52% of 2026's played rows but on none of week 4's (not played yet): known only after the game; serve gap: pn_olq_draft_capital_out is known on 52% of 2026's played rows but on none of week 4's (not played yet): known only after the game; serve gap: pn_olq_best_out is known on 52% of 2026's played rows but on none of week 4's (not played yet): known only after the game; serve gap: pn_olq_prev_season_share_out is known on 52% of 2026's played rows but on none of week 4's (not played yet): known only after the game,"Offensive line out, weighted by quality","E4: the line's starters out this week (D5's count and snap share) plus how good they are - career starts, draft capital, last season's snaps, the rank of the best one out"
20261001224755,2026-10-01 22:47:55.370594+00,v3.0,fx1.0,oline_quality,intermediate.int_e4_player_week_oline_quality,"pn_olq_starters_out,pn_olq_snap_share_out,pn_olq_career_starts_out,pn_olq_draft_capital_out,pn_olq_best_out,pn_olq_prev_season_share_out","2023,2024,2025",2016-2024,8cfd8d6e338101ca,WR,1321941740235550720,2025,18,2366,0.6238913007213704,0.4884259259259259,4.577831308993671,0.8115044462393842,14.78913134631916,0.9860692966363757,0.6239170373141005,0.49074074074074076,4.582660566378224,0.8106332024316606,14.82386146193122,0.987253441616444,-2.573659273008566e-05,-0.0023148148148148806,-0.004829257384552754,0.0008712438077236317,-0.034730115612060075,-0.0011841449800683579,drop,drop,652.4180965859996,serve gap: pn_olq_starters_out is known on 52% of 2026's played rows but on none of week 4's (not played yet): known only after the game; serve gap: pn_olq_snap_share_out is known on 52% of 2026's played rows but on none of week 4's (not played yet): known only after the game; serve gap: pn_olq_career_starts_out is known on 52% of 2026's played rows but on none of week 4's (not played yet): known only after the game; serve gap: pn_olq_draft_capital_out is known on 52% of 2026's played rows but on none of week 4's (not played yet): known only after the game; serve gap: pn_olq_best_out is known on 52% of 2026's played rows but on none of week 4's (not played yet): known only after the game; serve gap: pn_olq_prev_season_share_out is known on 52% of 2026's played rows but on none of week 4's (not played yet): known only after the game,"Offensive line out, weighted by quality","E4: the line's starters out this week (D5's count and snap share) plus how good they are - career starts, draft capital, last season's snaps, the rank of the best one out"
20261001224755,2026-10-01 22:47:55.370594+00,v3.0,fx1.0,oline_quality,intermediate.int_e4_player_week_oline_quality,"pn_olq_starters_out,pn_olq_snap_share_out,pn_olq_career_starts_out,pn_olq_draft_capital_out,pn_olq_best_out,pn_olq_prev_season_share_out","2023,2024,2025",2016-2022,8cfd8d6e338101ca,WR,1389709692405551104,2023,18,2393,0.627189499630135,0.48379629629629634,3.999386969168932,0.8105382951513644,12.75502947381006,0.8702942181367749,0.6266835272282479,0.48379629629629634,4.045672776870351,0.8105344752058626,12.867985008193905,0.8737203353654124,0.0005059724018871004,0,-0.04628580770141877,3.8199455018039785e-06,-0.11295553438384509,-0.003426117228637504,drop,drop,652.4180965859996,serve gap: pn_olq_starters_out is known on 52% of 2026's played rows but on none of week 4's (not played yet): known only after the game; serve gap: pn_olq_snap_share_out is known on 52% of 2026's played rows but on none of week 4's (not played yet): known only after the game; serve gap: pn_olq_career_starts_out is known on 52% of 2026's played rows but on none of week 4's (not played yet): known only after the game; serve gap: pn_olq_draft_capital_out is known on 52% of 2026's played rows but on none of week 4's (not played yet): known only after the game; serve gap: pn_olq_best_out is known on 52% of 2026's played rows but on none of week 4's (not played yet): known only after the game; serve gap: pn_olq_prev_season_share_out is known on 52% of 2026's played rows but on none of week 4's (not played yet): known only after the game,"Offensive line out, weighted by quality","E4: the line's starters out this week (D5's count and snap share) plus how good they are - career starts, draft capital, last season's snaps, the rank of the best one out"
20261001224755,2026-10-01 22:47:55.370594+00,v3.0,fx1.0,oline_quality,intermediate.int_e4_player_week_oline_quality,"pn_olq_starters_out,pn_olq_snap_share_out,pn_olq_career_starts_out,pn_olq_draft_capital_out,pn_olq_best_out,pn_olq_prev_season_share_out","2023,2024,2025",2016-2023,8cfd8d6e338101ca,WR,1389709692405551104,2024,18,2355,0.6310171554029043,0.4652777777777778,4.112011964523024,0.8081885553970013,13.151537943734454,0.8951957944533044,0.631403235621273,0.474537037037037,4.102293744603958,0.7926546829033528,13.105502991685082,0.8956539880734804,-0.00038608021836872286,-0.00925925925925919,0.009718219919066406,0.01553387249364846,0.04603495204937147,-0.00045819362017596177,drop,drop,652.4180965859996,serve gap: pn_olq_starters_out is known on 52% of 2026's played rows but on none of week 4's (not played yet): known only after the game; serve gap: pn_olq_snap_share_out is known on 52% of 2026's played rows but on none of week 4's (not played yet): known only after the game; serve gap: pn_olq_career_starts_out is known on 52% of 2026's played rows but on none of week 4's (not played yet): known only after the game; serve gap: pn_olq_draft_capital_out is known on 52% of 2026's played rows but on none of week 4's (not played yet): known only after the game; serve gap: pn_olq_best_out is known on 52% of 2026's played rows but on none of week 4's (not played yet): known only after the game; serve gap: pn_olq_prev_season_share_out is known on 52% of 2026's played rows but on none of week 4's (not played yet): known only after the game,"Offensive line out, weighted by quality","E4: the line's starters out this week (D5's count and snap share) plus how good they are - career starts, draft capital, last season's snaps, the rank of the best one out"
20261001224755,2026-10-01 22:47:55.370594+00,v3.0,fx1.0,oline_quality,intermediate.int_e4_player_week_oline_quality,"pn_olq_starters_out,pn_olq_snap_share_out,pn_olq_career_starts_out,pn_olq_draft_capital_out,pn_olq_best_out,pn_olq_prev_season_share_out","2023,2024,2025",2016-2024,8cfd8d6e338101ca,WR,1389709692405551104,2025,18,2366,0.6091549668777296,0.46759259259259256,3.8594793295099254,0.7974900488557549,12.352407156644356,0.8177304953001425,0.6087252288103526,0.45601851851851855,3.8660925876162207,0.8102649513162705,12.427390394683343,0.8178493404170225,0.0004297380673770057,0.011574074074074014,-0.006613258106295206,-0.012774902460515603,-0.07498323803898721,-0.00011884511687998423,drop,drop,652.4180965859996,serve gap: pn_olq_starters_out is known on 52% of 2026's played rows but on none of week 4's (not played yet): known only after the game; serve gap: pn_olq_snap_share_out is known on 52% of 2026's played rows but on none of week 4's (not played yet): known only after the game; serve gap: pn_olq_career_starts_out is known on 52% of 2026's played rows but on none of week 4's (not played yet): known only after the game; serve gap: pn_olq_draft_capital_out is known on 52% of 2026's played rows but on none of week 4's (not played yet): known only after the game; serve gap: pn_olq_best_out is known on 52% of 2026's played rows but on none of week 4's (not played yet): known only after the game; serve gap: pn_olq_prev_season_share_out is known on 52% of 2026's played rows but on none of week 4's (not played yet): known only after the game,"Offensive line out, weighted by quality","E4: the line's starters out this week (D5's count and snap share) plus how good they are - career starts, draft capital, last season's snaps, the rank of the best one out"
20261001231727,2026-10-01 23:17:27.491239+00,v3.0,fx1.0,player_prior,ops.player_prior_oof,"pp_resid_ewm,pp_resid_games","2023,2024,2025",2016-2022,8cfd8d6e338101ca,QB,1321941740235550720,2023,18,680,0.5897965875305071,0.5185185185185186,7.439828822074377,0.7433536552585331,22.716292455037152,1.5956661467318314,0.5905169243398202,0.5185185185185186,7.41945010665895,0.7405385872022371,23.381422577291595,1.5997357113419226,-0.0007203368093130491,0,0.020378715415426463,0.002815068056296055,-0.6651301222544426,-0.004069564610091225,drop,drop,523.115859686,,How far the model has been off on him,"E4: his running out-of-fold residual against the production model (actual - projected points, reference scoring) over his earlier games, exponentially weighted (half-life 8 games), and how many games it has"
20261001231727,2026-10-01 23:17:27.491239+00,v3.0,fx1.0,player_prior,ops.player_prior_oof,"pp_resid_ewm,pp_resid_games","2023,2024,2025",2016-2023,8cfd8d6e338101ca,QB,1321941740235550720,2024,18,664,0.5611013472514473,0.537037037037037,7.899331718774434,0.7707031538555301,24.521298317887616,1.7340962436022371,0.5582601288813734,0.5555555555555556,7.935241134108054,0.7553330366942023,24.201164079025116,1.7545414872481868,0.0028412183700738947,-0.0185185185185186,-0.03590941533362013,0.015370117161327856,0.3201342388625008,-0.020445243645949684,drop,drop,523.115859686,,How far the model has been off on him,"E4: his running out-of-fold residual against the production model (actual - projected points, reference scoring) over his earlier games, exponentially weighted (half-life 8 games), and how many games it has"
20261001231727,2026-10-01 23:17:27.491239+00,v3.0,fx1.0,player_prior,ops.player_prior_oof,"pp_resid_ewm,pp_resid_games","2023,2024,2025",2016-2024,8cfd8d6e338101ca,QB,1321941740235550720,2025,18,677,0.5806448002850676,0.49537037037037035,7.502847443096016,0.7846146867299552,25.555754304053483,1.6227205724807316,0.5885001657668236,0.4861111111111111,7.466757225911666,0.776973953523121,25.443357804682805,1.6501026081897268,-0.007855365481756027,0.009259259259259245,0.03609021718435024,0.007640733206834116,0.11239649937067853,-0.02738203570899511,drop,drop,523.115859686,,How far the model has been off on him,"E4: his running out-of-fold residual against the production model (actual - projected points, reference scoring) over his earlier games, exponentially weighted (half-life 8 games), and how many games it has"
20261001231727,2026-10-01 23:17:27.491239+00,v3.0,fx1.0,player_prior,ops.player_prior_oof,"pp_resid_ewm,pp_resid_games","2023,2024,2025",2016-2022,8cfd8d6e338101ca,QB,1389709692405551104,2023,18,680,0.6082576658472614,0.5185185185185186,5.276183163627491,0.7434908143878899,16.278829707905796,1.1335958461186832,0.6012021721295239,0.5277777777777778,5.27920752407677,0.7401588128768848,16.321134851832863,1.1416364480695564,0.007055493717737504,-0.00925925925925919,-0.0030243604492792286,0.0033320015110051004,-0.042305143927066524,-0.008040601950873194,drop,drop,523.115859686,,How far the model has been off on him,"E4: his running out-of-fold residual against the production model (actual - projected points, reference scoring) over his earlier games, exponentially weighted (half-life 8 games), and how many games it has"
20261001231727,2026-10-01 23:17:27.491239+00,v3.0,fx1.0,player_prior,ops.player_prior_oof,"pp_resid_ewm,pp_resid_games","2023,2024,2025",2016-2023,8cfd8d6e338101ca,QB,1389709692405551104,2024,18,664,0.5791190787504658,0.5601851851851852,5.712864189494419,0.7626750257733984,17.3720610263452,1.2352424692320705,0.5790141605809046,0.587962962962963,5.72317813023092,0.76308055964757,17.509152954043213,1.2417012884914347,0.0001049181695611523,-0.02777777777777779,-0.01031394073650116,-0.00040553387417163744,-0.13709192769801248,-0.006458819259364201,drop,drop,523.115859686,,How far the model has been off on him,"E4: his running out-of-fold residual against the production model (actual - projected points, reference scoring) over his earlier games, exponentially weighted (half-life 8 games), and how many games it has"
20261001231727,2026-10-01 23:17:27.491239+00,v3.0,fx1.0,player_prior,ops.player_prior_oof,"pp_resid_ewm,pp_resid_games","2023,2024,2025",2016-2024,8cfd8d6e338101ca,QB,1389709692405551104,2025,18,677,0.5872996088823917,0.462962962962963,5.445890672016699,0.7625591082068088,17.67229115905046,1.175301759425735,0.6000645132114157,0.49537037037037035,5.3977248898527,0.7854564676413955,17.967750161337698,1.1744187213816555,-0.012764904329023996,-0.03240740740740733,0.04816578216399847,-0.022897359434586706,-0.2954590022872381,0.0008830380440794094,drop,drop,523.115859686,,How far the model has been off on him,"E4: his running out-of-fold residual against the production model (actual - projected points, reference scoring) over his earlier games, exponentially weighted (half-life 8 games), and how many games it has"
20261001231727,2026-10-01 23:17:27.491239+00,v3.0,fx1.0,player_prior,ops.player_prior_oof,"pp_resid_ewm,pp_resid_games","2023,2024,2025",2016-2022,8cfd8d6e338101ca,RB,1321941740235550720,2023,18,1482,0.6825410915350938,0.6157407407407408,4.559872335012673,0.829495083624361,15.247968338638426,1.0141696059820158,0.6824234633930332,0.6273148148148148,4.549047609820835,0.8330912069311568,14.890784558949699,1.0070507885506492,0.00011762814206062178,-0.011574074074073959,0.010824725191838525,-0.0035961233067958176,0.35718377968872694,0.007118817431366553,drop,drop,523.115859686,,How far the model has been off on him,"E4: his running out-of-fold residual against the production model (actual - projected points, reference scoring) over his earlier games, exponentially weighted (half-life 8 games), and how many games it has"
20261001231727,2026-10-01 23:17:27.491239+00,v3.0,fx1.0,player_prior,ops.player_prior_oof,"pp_resid_ewm,pp_resid_games","2023,2024,2025",2016-2023,8cfd8d6e338101ca,RB,1321941740235550720,2024,18,1495,0.6929643578620162,0.6805555555555556,4.6754701132192515,0.7987821641363149,14.6056128412505,0.9998703561729072,0.6916765452730813,0.6782407407407408,4.680064326564429,0.79460136408655,14.531877688803178,1.0062316819910024,0.0012878125889348446,0.0023148148148147696,-0.004594213345177067,0.004180800049764843,0.07373515244732154,-0.0063613258180952315,drop,drop,523.115859686,,How far the model has been off on him,"E4: his running out-of-fold residual against the production model (actual - projected points, reference scoring) over his earlier games, exponentially weighted (half-life 8 games), and how many games it has"
20261001231727,2026-10-01 23:17:27.491239+00,v3.0,fx1.0,player_prior,ops.player_prior_oof,"pp_resid_ewm,pp_resid_games","2023,2024,2025",2016-2024,8cfd8d6e338101ca,RB,1321941740235550720,2025,18,1518,0.703414629073602,0.6412037037037037,4.674757623372755,0.7818311499903536,14.340297362433985,1.0314189341462514,0.7028627206949561,0.6319444444444444,4.675603880985111,0.7764091445263115,14.46948630754512,1.036137589686307,0.0005519083786458268,0.0092592592592593,-0.0008462576123564602,0.0054220054640421456,-0.1291889451111352,-0.004718655540055572,drop,drop,523.115859686,,How far the model has been off on him,"E4: his running out-of-fold residual against the production model (actual - projected points, reference scoring) over his earlier games, exponentially weighted (half-life 8 games), and how many games it has"
20261001231727,2026-10-01 23:17:27.491239+00,v3.0,fx1.0,player_prior,ops.player_prior_oof,"pp_resid_ewm,pp_resid_games","2023,2024,2025",2016-2022,8cfd8d6e338101ca,RB,1389709692405551104,2023,18,1482,0.6777132596571454,0.6064814814814814,4.110839068518343,0.8295039170680195,13.381031283541919,0.9074173515545222,0.6783246187658504,0.6041666666666666,4.102268804911234,0.8284861132052364,13.34571301593702,0.9013363060242874,-0.000611359108705023,0.0023148148148147696,0.008570263607109219,0.001017803862783162,0.03531826760489842,0.006081045530234808,drop,drop,523.115859686,,How far the model has been off on him,"E4: his running out-of-fold residual against the production model (actual - projected points, reference scoring) over his earlier games, exponentially weighted (half-life 8 games), and how many games it has"
20261001231727,2026-10-01 23:17:27.491239+00,v3.0,fx1.0,player_prior,ops.player_prior_oof,"pp_resid_ewm,pp_resid_games","2023,2024,2025",2016-2023,8cfd8d6e338101ca,RB,1389709692405551104,2024,18,1495,0.6840835379567723,0.6643518518518519,4.193889765615505,0.8022472018978646,13.258993252298778,0.8977432753237485,0.6831678589032318,0.6574074074074074,4.198763290121073,0.8055613117252144,13.273946819977786,0.8950582658466187,0.0009156790535405079,0.00694444444444442,-0.0048735245055686605,-0.0033141098273498093,-0.014953567679008017,0.002685009477129796,drop,drop,523.115859686,,How far the model has been off on him,"E4: his running out-of-fold residual against the production model (actual - projected points, reference scoring) over his earlier games, exponentially weighted (half-life 8 games), and how many games it has"
20261001231727,2026-10-01 23:17:27.491239+00,v3.0,fx1.0,player_prior,ops.player_prior_oof,"pp_resid_ewm,pp_resid_games","2023,2024,2025",2016-2024,8cfd8d6e338101ca,RB,1389709692405551104,2025,18,1518,0.7011057276535498,0.6319444444444444,4.222420852470638,0.7757177639407581,12.815899159789328,0.9201750478000348,0.7002682646316967,0.625,4.233754571077309,0.7870827214750531,12.751213859595579,0.923955511279841,0.0008374630218531687,0.00694444444444442,-0.011333718606671539,-0.011364957534295006,0.06468530019374974,-0.0037804634798062065,drop,drop,523.115859686,,How far the model has been off on him,"E4: his running out-of-fold residual against the production model (actual - projected points, reference scoring) over his earlier games, exponentially weighted (half-life 8 games), and how many games it has"
20261001231727,2026-10-01 23:17:27.491239+00,v3.0,fx1.0,player_prior,ops.player_prior_oof,"pp_resid_ewm,pp_resid_games","2023,2024,2025",2016-2022,8cfd8d6e338101ca,TE,1321941740235550720,2023,18,1177,0.5816177309803024,0.5138888888888888,3.3792442934306774,0.8087706978908646,10.744941286543725,0.7555121768670667,0.5793184419405316,0.5185185185185186,3.381194685077243,0.824437487994165,10.909013575966979,0.751198646861995,0.0022992890397708354,-0.004629629629629761,-0.0019503916465657412,-0.01566679010330041,-0.16407228942325425,0.004313530005071731,drop,drop,523.115859686,,How far the model has been off on him,"E4: his running out-of-fold residual against the production model (actual - projected points, reference scoring) over his earlier games, exponentially weighted (half-life 8 games), and how many games it has"
20261001231727,2026-10-01 23:17:27.491239+00,v3.0,fx1.0,player_prior,ops.player_prior_oof,"pp_resid_ewm,pp_resid_games","2023,2024,2025",2016-2023,8cfd8d6e338101ca,TE,1321941740235550720,2024,18,1221,0.5725603299820702,0.4490740740740741,3.5922330307319714,0.7947383226983277,10.6788368506592,0.7951570666764473,0.5794961535498981,0.4583333333333333,3.5916287406621894,0.7899726376234054,10.55583722570595,0.7877928979930214,-0.006935823567827959,-0.00925925925925919,0.0006042900697820208,0.004765685074922255,0.12299962495325012,0.00736416868342582,drop,drop,523.115859686,,How far the model has been off on him,"E4: his running out-of-fold residual against the production model (actual - projected points, reference scoring) over his earlier games, exponentially weighted (half-life 8 games), and how many games it has"
20261001231727,2026-10-01 23:17:27.491239+00,v3.0,fx1.0,player_prior,ops.player_prior_oof,"pp_resid_ewm,pp_resid_games","2023,2024,2025",2016-2024,8cfd8d6e338101ca,TE,1321941740235550720,2025,18,1268,0.6228553603929912,0.43518518518518523,3.5358760857406573,0.8281058214081631,10.573702308640723,0.8005996821223587,0.630689857312816,0.4444444444444444,3.5026660940661687,0.8242425608874477,10.540963648576565,0.7935306205036349,-0.007834496919824852,-0.00925925925925919,0.03320999167448857,0.0038632605207153947,0.032738660064158154,0.007069061618723782,drop,drop,523.115859686,,How far the model has been off on him,"E4: his running out-of-fold residual against the production model (actual - projected points, reference scoring) over his earlier games, exponentially weighted (half-life 8 games), and how many games it has"
20261001231727,2026-10-01 23:17:27.491239+00,v3.0,fx1.0,player_prior,ops.player_prior_oof,"pp_resid_ewm,pp_resid_games","2023,2024,2025",2016-2022,8cfd8d6e338101ca,TE,1389709692405551104,2023,18,1177,0.5579800144700465,0.48148148148148145,2.834614208158106,0.8209178084784551,9.031793895580295,0.6349966995287364,0.5571430069913015,0.48148148148148157,2.8339496791153866,0.808997299009177,8.971022149754717,0.6374468089357812,0.0008370074787450443,-1.1102230246251565e-16,0.0006645290427194084,0.011920509469278029,0.060771745825578094,-0.0024501094070448204,drop,drop,523.115859686,,How far the model has been off on him,"E4: his running out-of-fold residual against the production model (actual - projected points, reference scoring) over his earlier games, exponentially weighted (half-life 8 games), and how many games it has"
20261001231727,2026-10-01 23:17:27.491239+00,v3.0,fx1.0,player_prior,ops.player_prior_oof,"pp_resid_ewm,pp_resid_games","2023,2024,2025",2016-2023,8cfd8d6e338101ca,TE,1389709692405551104,2024,18,1221,0.555720842013769,0.41203703703703703,2.997342080254483,0.7944791371422032,8.88337001920349,0.652470218218239,0.5656333529280526,0.42592592592592593,2.9936278127780547,0.7916072394253219,8.75891468437425,0.6466867078412044,-0.009912510914283579,-0.013888888888888895,0.0037142674764281125,0.002871897716881344,0.1244553348292392,0.0057835103770346175,drop,drop,523.115859686,,How far the model has been off on him,"E4: his running out-of-fold residual against the production model (actual - projected points, reference scoring) over his earlier games, exponentially weighted (half-life 8 games), and how many games it has"
20261001231727,2026-10-01 23:17:27.491239+00,v3.0,fx1.0,player_prior,ops.player_prior_oof,"pp_resid_ewm,pp_resid_games","2023,2024,2025",2016-2024,8cfd8d6e338101ca,TE,1389709692405551104,2025,18,1268,0.6100033975276279,0.42592592592592593,3.0058458184826233,0.8148194367478755,8.459832402091289,0.6761528911183983,0.6166914355117736,0.4212962962962963,2.9748132697794567,0.8164730707024936,8.798137045222965,0.6777812075420919,-0.006688037984145745,0.00462962962962965,0.03103254870316663,-0.00165363395461815,-0.33830464313167674,-0.0016283164236936543,drop,drop,523.115859686,,How far the model has been off on him,"E4: his running out-of-fold residual against the production model (actual - projected points, reference scoring) over his earlier games, exponentially weighted (half-life 8 games), and how many games it has"
20261001231727,2026-10-01 23:17:27.491239+00,v3.0,fx1.0,player_prior,ops.player_prior_oof,"pp_resid_ewm,pp_resid_games","2023,2024,2025",2016-2022,8cfd8d6e338101ca,WR,1321941740235550720,2023,18,2393,0.6431703976131702,0.5046296296296297,4.780010851040181,0.8160390500002932,15.662338037311697,1.050393098039508,0.6417433270446075,0.49768518518518523,4.829693289963023,0.8195295783750555,15.80825079212542,1.0559407306875914,0.0014270705685627272,0.00694444444444442,-0.049682438922841854,-0.0034905283747622695,-0.14591275481372357,-0.005547632648083445,drop,drop,523.115859686,,How far the model has been off on him,"E4: his running out-of-fold residual against the production model (actual - projected points, reference scoring) over his earlier games, exponentially weighted (half-life 8 games), and how many games it has"
20261001231727,2026-10-01 23:17:27.491239+00,v3.0,fx1.0,player_prior,ops.player_prior_oof,"pp_resid_ewm,pp_resid_games","2023,2024,2025",2016-2023,8cfd8d6e338101ca,WR,1321941740235550720,2024,18,2355,0.6468254328057381,0.474537037037037,4.888444798831377,0.804861369453769,16.03458150938845,1.083004224154982,0.6448826276104366,0.47685185185185186,4.90040171319152,0.7941943995755513,15.82429943305252,1.0797893581932818,0.0019428051953015446,-0.0023148148148148806,-0.01195691436014279,0.010666969878217691,0.210282076335929,0.003214865961700175,drop,drop,523.115859686,,How far the model has been off on him,"E4: his running out-of-fold residual against the production model (actual - projected points, reference scoring) over his earlier games, exponentially weighted (half-life 8 games), and how many games it has"
20261001231727,2026-10-01 23:17:27.491239+00,v3.0,fx1.0,player_prior,ops.player_prior_oof,"pp_resid_ewm,pp_resid_games","2023,2024,2025",2016-2024,8cfd8d6e338101ca,WR,1321941740235550720,2025,18,2366,0.6256720858847404,0.4930555555555556,4.595066203280364,0.7983932977052773,15.043268179117335,0.9900808130072603,0.6239170373141005,0.49074074074074076,4.582660566378224,0.8106332024316606,14.82386146193122,0.987253441616444,0.0017550485706399055,0.002314814814814825,0.012405636902140138,-0.012239904726383255,0.21940671718611604,0.0028273713908162357,drop,drop,523.115859686,,How far the model has been off on him,"E4: his running out-of-fold residual against the production model (actual - projected points, reference scoring) over his earlier games, exponentially weighted (half-life 8 games), and how many games it has"
20261001231727,2026-10-01 23:17:27.491239+00,v3.0,fx1.0,player_prior,ops.player_prior_oof,"pp_resid_ewm,pp_resid_games","2023,2024,2025",2016-2022,8cfd8d6e338101ca,WR,1389709692405551104,2023,18,2393,0.6288998191531232,0.49537037037037035,3.9930668251972676,0.8106092599669618,12.9416302189207,0.8726041362622543,0.6266835272282479,0.48379629629629634,4.045672776870351,0.8105344752058626,12.867985008193905,0.8737203353654124,0.002216291924875269,0.011574074074074014,-0.05260595167308324,7.478476109912258e-05,0.07364521072679509,-0.0011161991031580776,drop,drop,523.115859686,,How far the model has been off on him,"E4: his running out-of-fold residual against the production model (actual - projected points, reference scoring) over his earlier games, exponentially weighted (half-life 8 games), and how many games it has"
20261001231727,2026-10-01 23:17:27.491239+00,v3.0,fx1.0,player_prior,ops.player_prior_oof,"pp_resid_ewm,pp_resid_games","2023,2024,2025",2016-2023,8cfd8d6e338101ca,WR,1389709692405551104,2024,18,2355,0.6321040452728229,0.474537037037037,4.092927808008865,0.8056653077438216,13.225488044514632,0.8965324594567892,0.631403235621273,0.474537037037037,4.102293744603958,0.7926546829033528,13.105502991685082,0.8956539880734804,0.0007008096515499496,0,-0.009365936595092883,0.013010624840468776,0.1199850528295503,0.0008784713833087654,drop,drop,523.115859686,,How far the model has been off on him,"E4: his running out-of-fold residual against the production model (actual - projected points, reference scoring) over his earlier games, exponentially weighted (half-life 8 games), and how many games it has"
20261001231727,2026-10-01 23:17:27.491239+00,v3.0,fx1.0,player_prior,ops.player_prior_oof,"pp_resid_ewm,pp_resid_games","2023,2024,2025",2016-2024,8cfd8d6e338101ca,WR,1389709692405551104,2025,18,2366,0.610826840339082,0.4652777777777778,3.876526169091431,0.812805072548101,12.454097160679062,0.8180501320014468,0.6087252288103526,0.45601851851851855,3.8660925876162207,0.8102649513162705,12.427390394683343,0.8178493404170225,0.0021016115287293413,0.009259259259259245,0.010433581475210563,0.00254012123183045,0.026706765995719195,0.0002007915844243202,drop,drop,523.115859686,,How far the model has been off on him,"E4: his running out-of-fold residual against the production model (actual - projected points, reference scoring) over his earlier games, exponentially weighted (half-life 8 games), and how many games it has"
20261001232742,2026-10-01 23:27:42.800625+00,v3.0,fx1.0,qb_x_offense,intermediate.int_e4_player_week_qb_x_offense,"qbx_gap_x_implied,qbx_gap_x_total,qbx_gap_x_prev_ppg,qbx_backup_x_implied,qbx_gap_x_prev_epa,qbx_gap_bucket","2023,2024,2025",2016-2022,8cfd8d6e338101ca,QB,1321941740235550720,2023,18,680,0.5906753677905585,0.5185185185185186,7.459825754625421,0.7291261692913517,22.686070574754915,1.6107153270845531,0.5905169243398202,0.5185185185185186,7.41945010665895,0.7405385872022371,23.381422577291595,1.5997357113419226,0.00015844345073834365,0,0.04037564796647075,-0.01141241791088543,-0.69535200253668,0.01097961574263051,drop,drop,528.7497582529999,,Quarterback change times the offense,"E4: the starting-QB quality gap (points per start, projected starter minus usual QB) times the implied team total, the game total and last season's team points per game; a rookie / backup starter times the implied total"
20261001232742,2026-10-01 23:27:42.800625+00,v3.0,fx1.0,qb_x_offense,intermediate.int_e4_player_week_qb_x_offense,"qbx_gap_x_implied,qbx_gap_x_total,qbx_gap_x_prev_ppg,qbx_backup_x_implied,qbx_gap_x_prev_epa,qbx_gap_bucket","2023,2024,2025",2016-2023,8cfd8d6e338101ca,QB,1321941740235550720,2024,18,664,0.5515904746838562,0.5324074074074074,7.96625131466346,0.7479786623671693,24.13223239274344,1.7475393192109534,0.5582601288813734,0.5555555555555556,7.935241134108054,0.7553330366942023,24.201164079025116,1.7545414872481868,-0.006669654197517194,-0.02314814814814814,0.031010180555406386,-0.007354374327033009,-0.06893168628167601,-0.007002168037233414,drop,drop,528.7497582529999,,Quarterback change times the offense,"E4: the starting-QB quality gap (points per start, projected starter minus usual QB) times the implied team total, the game total and last season's team points per game; a rookie / backup starter times the implied total"
20261001232742,2026-10-01 23:27:42.800625+00,v3.0,fx1.0,qb_x_offense,intermediate.int_e4_player_week_qb_x_offense,"qbx_gap_x_implied,qbx_gap_x_total,qbx_gap_x_prev_ppg,qbx_backup_x_implied,qbx_gap_x_prev_epa,qbx_gap_bucket","2023,2024,2025",2016-2024,8cfd8d6e338101ca,QB,1321941740235550720,2025,18,677,0.5829695500274288,0.48148148148148145,7.51769373174689,0.7783142560874192,25.049729686710666,1.6221489274279515,0.5885001657668236,0.4861111111111111,7.466757225911666,0.776973953523121,25.443357804682805,1.6501026081897268,-0.00553061573939484,-0.00462962962962965,0.050936505835224466,0.0013403025642981792,-0.39362811797213837,-0.02795368076177529,drop,drop,528.7497582529999,,Quarterback change times the offense,"E4: the starting-QB quality gap (points per start, projected starter minus usual QB) times the implied team total, the game total and last season's team points per game; a rookie / backup starter times the implied total"
20261001232742,2026-10-01 23:27:42.800625+00,v3.0,fx1.0,qb_x_offense,intermediate.int_e4_player_week_qb_x_offense,"qbx_gap_x_implied,qbx_gap_x_total,qbx_gap_x_prev_ppg,qbx_backup_x_implied,qbx_gap_x_prev_epa,qbx_gap_bucket","2023,2024,2025",2016-2022,8cfd8d6e338101ca,QB,1389709692405551104,2023,18,680,0.6027858385394651,0.5416666666666666,5.2925363561586956,0.7403466266063652,16.317481099478677,1.139544549701915,0.6012021721295239,0.5277777777777778,5.27920752407677,0.7401588128768848,16.321134851832863,1.1416364480695564,0.0015836664099412312,0.01388888888888884,0.01332883208192559,0.00018781372948040165,-0.0036537523541859684,-0.0020918983676414538,drop,drop,528.7497582529999,,Quarterback change times the offense,"E4: the starting-QB quality gap (points per start, projected starter minus usual QB) times the implied team total, the game total and last season's team points per game; a rookie / backup starter times the implied total"
20261001232742,2026-10-01 23:27:42.800625+00,v3.0,fx1.0,qb_x_offense,intermediate.int_e4_player_week_qb_x_offense,"qbx_gap_x_implied,qbx_gap_x_total,qbx_gap_x_prev_ppg,qbx_backup_x_implied,qbx_gap_x_prev_epa,qbx_gap_bucket","2023,2024,2025",2016-2023,8cfd8d6e338101ca,QB,1389709692405551104,2024,18,664,0.568482830880131,0.5555555555555556,5.746074145682276,0.7553049247886019,17.372245417975215,1.2470244673799509,0.5790141605809046,0.587962962962963,5.72317813023092,0.76308055964757,17.509152954043213,1.2417012884914347,-0.01053132970077364,-0.03240740740740744,0.022896015451356,-0.00777563485896815,-0.13690753606799788,0.005323178888516189,drop,drop,528.7497582529999,,Quarterback change times the offense,"E4: the starting-QB quality gap (points per start, projected starter minus usual QB) times the implied team total, the game total and last season's team points per game; a rookie / backup starter times the implied total"
20261001232742,2026-10-01 23:27:42.800625+00,v3.0,fx1.0,qb_x_offense,intermediate.int_e4_player_week_qb_x_offense,"qbx_gap_x_implied,qbx_gap_x_total,qbx_gap_x_prev_ppg,qbx_backup_x_implied,qbx_gap_x_prev_epa,qbx_gap_bucket","2023,2024,2025",2016-2024,8cfd8d6e338101ca,QB,1389709692405551104,2025,18,677,0.5899069554051313,0.4861111111111111,5.433489003904175,0.781080162931188,18.125945072816233,1.1663606641788649,0.6000645132114157,0.49537037037037035,5.3977248898527,0.7854564676413955,17.967750161337698,1.1744187213816555,-0.010157557806284467,-0.009259259259259245,0.03576411405147528,-0.004376304710207557,0.15819491147853526,-0.008058057202790625,drop,drop,528.7497582529999,,Quarterback change times the offense,"E4: the starting-QB quality gap (points per start, projected starter minus usual QB) times the implied team total, the game total and last season's team points per game; a rookie / backup starter times the implied total"
20261001232742,2026-10-01 23:27:42.800625+00,v3.0,fx1.0,qb_x_offense,intermediate.int_e4_player_week_qb_x_offense,"qbx_gap_x_implied,qbx_gap_x_total,qbx_gap_x_prev_ppg,qbx_backup_x_implied,qbx_gap_x_prev_epa,qbx_gap_bucket","2023,2024,2025",2016-2022,8cfd8d6e338101ca,RB,1321941740235550720,2023,18,1482,0.6809220689002522,0.6180555555555556,4.554283180354519,0.8232177138196607,14.913417423165717,1.0070134457128277,0.6824234633930332,0.6273148148148148,4.549047609820835,0.8330912069311568,14.890784558949699,1.0070507885506492,-0.001501394492780972,-0.00925925925925919,0.005235570533684175,-0.009873493111496101,0.022632864216017623,-3.734283782153014e-05,drop,drop,528.7497582529999,,Quarterback change times the offense,"E4: the starting-QB quality gap (points per start, projected starter minus usual QB) times the implied team total, the game total and last season's team points per game; a rookie / backup starter times the implied total"
20261001232742,2026-10-01 23:27:42.800625+00,v3.0,fx1.0,qb_x_offense,intermediate.int_e4_player_week_qb_x_offense,"qbx_gap_x_implied,qbx_gap_x_total,qbx_gap_x_prev_ppg,qbx_backup_x_implied,qbx_gap_x_prev_epa,qbx_gap_bucket","2023,2024,2025",2016-2023,8cfd8d6e338101ca,RB,1321941740235550720,2024,18,1495,0.6929166085839803,0.6828703703703703,4.659444407819521,0.797603837801524,14.503729071279313,0.9989803593697609,0.6916765452730813,0.6782407407407408,4.680064326564429,0.79460136408655,14.531877688803178,1.0062316819910024,0.0012400633108989867,0.004629629629629539,-0.02061991874490765,0.0030024737149739744,-0.028148617523864772,-0.007251322621241507,drop,drop,528.7497582529999,,Quarterback change times the offense,"E4: the starting-QB quality gap (points per start, projected starter minus usual QB) times the implied team total, the game total and last season's team points per game; a rookie / backup starter times the implied total"
20261001232742,2026-10-01 23:27:42.800625+00,v3.0,fx1.0,qb_x_offense,intermediate.int_e4_player_week_qb_x_offense,"qbx_gap_x_implied,qbx_gap_x_total,qbx_gap_x_prev_ppg,qbx_backup_x_implied,qbx_gap_x_prev_epa,qbx_gap_bucket","2023,2024,2025",2016-2024,8cfd8d6e338101ca,RB,1321941740235550720,2025,18,1518,0.7013518816175425,0.6388888888888888,4.682857260273815,0.7825960750716159,14.407031801200425,1.0323339564072456,0.7028627206949561,0.6319444444444444,4.675603880985111,0.7764091445263115,14.46948630754512,1.036137589686307,-0.0015108390774136726,0.00694444444444442,0.007253379288703954,0.006186930545304392,-0.06245450634469485,-0.0038036332790614136,drop,drop,528.7497582529999,,Quarterback change times the offense,"E4: the starting-QB quality gap (points per start, projected starter minus usual QB) times the implied team total, the game total and last season's team points per game; a rookie / backup starter times the implied total"
20261001232742,2026-10-01 23:27:42.800625+00,v3.0,fx1.0,qb_x_offense,intermediate.int_e4_player_week_qb_x_offense,"qbx_gap_x_implied,qbx_gap_x_total,qbx_gap_x_prev_ppg,qbx_backup_x_implied,qbx_gap_x_prev_epa,qbx_gap_bucket","2023,2024,2025",2016-2022,8cfd8d6e338101ca,RB,1389709692405551104,2023,18,1482,0.6780129180452457,0.6041666666666666,4.109659206886983,0.8240683758250807,13.315503215554932,0.904761643444504,0.6783246187658504,0.6041666666666666,4.102268804911234,0.8284861132052364,13.34571301593702,0.9013363060242874,-0.0003117007206047129,0,0.007390401975748695,-0.004417737380155606,-0.03020980038208876,0.0034253374202166675,drop,drop,528.7497582529999,,Quarterback change times the offense,"E4: the starting-QB quality gap (points per start, projected starter minus usual QB) times the implied team total, the game total and last season's team points per game; a rookie / backup starter times the implied total"
20261001232742,2026-10-01 23:27:42.800625+00,v3.0,fx1.0,qb_x_offense,intermediate.int_e4_player_week_qb_x_offense,"qbx_gap_x_implied,qbx_gap_x_total,qbx_gap_x_prev_ppg,qbx_backup_x_implied,qbx_gap_x_prev_epa,qbx_gap_bucket","2023,2024,2025",2016-2023,8cfd8d6e338101ca,RB,1389709692405551104,2024,18,1495,0.6849389297092527,0.6597222222222222,4.171514877797615,0.7853335089930323,13.04119245772166,0.8943496006063104,0.6831678589032318,0.6574074074074074,4.198763290121073,0.8055613117252144,13.273946819977786,0.8950582658466187,0.0017710708060209024,0.0023148148148147696,-0.027248412323458204,-0.020227802732182054,-0.23275436225612545,-0.000708665240308326,drop,drop,528.7497582529999,,Quarterback change times the offense,"E4: the starting-QB quality gap (points per start, projected starter minus usual QB) times the implied team total, the game total and last season's team points per game; a rookie / backup starter times the implied total"
20261001232742,2026-10-01 23:27:42.800625+00,v3.0,fx1.0,qb_x_offense,intermediate.int_e4_player_week_qb_x_offense,"qbx_gap_x_implied,qbx_gap_x_total,qbx_gap_x_prev_ppg,qbx_backup_x_implied,qbx_gap_x_prev_epa,qbx_gap_bucket","2023,2024,2025",2016-2024,8cfd8d6e338101ca,RB,1389709692405551104,2025,18,1518,0.697915958270642,0.6273148148148148,4.234528110009493,0.783411428460583,12.976863221815048,0.919657533481483,0.7002682646316967,0.625,4.233754571077309,0.7870827214750531,12.751213859595579,0.923955511279841,-0.002352306361054657,0.0023148148148147696,0.0007735389321839037,-0.0036712930144701117,0.2256493622194693,-0.004297977798357944,drop,drop,528.7497582529999,,Quarterback change times the offense,"E4: the starting-QB quality gap (points per start, projected starter minus usual QB) times the implied team total, the game total and last season's team points per game; a rookie / backup starter times the implied total"
20261001232742,2026-10-01 23:27:42.800625+00,v3.0,fx1.0,qb_x_offense,intermediate.int_e4_player_week_qb_x_offense,"qbx_gap_x_implied,qbx_gap_x_total,qbx_gap_x_prev_ppg,qbx_backup_x_implied,qbx_gap_x_prev_epa,qbx_gap_bucket","2023,2024,2025",2016-2022,8cfd8d6e338101ca,TE,1321941740235550720,2023,18,1177,0.5758984896101247,0.5092592592592592,3.4007336302683044,0.8104081870565845,10.892811692081521,0.7580044107222391,0.5793184419405316,0.5185185185185186,3.381194685077243,0.824437487994165,10.909013575966979,0.751198646861995,-0.003419952330406928,-0.009259259259259411,0.019538945191061252,-0.014029300937580591,-0.016201883885457846,0.006805763860244118,drop,drop,528.7497582529999,,Quarterback change times the offense,"E4: the starting-QB quality gap (points per start, projected starter minus usual QB) times the implied team total, the game total and last season's team points per game; a rookie / backup starter times the implied total"
20261001232742,2026-10-01 23:27:42.800625+00,v3.0,fx1.0,qb_x_offense,intermediate.int_e4_player_week_qb_x_offense,"qbx_gap_x_implied,qbx_gap_x_total,qbx_gap_x_prev_ppg,qbx_backup_x_implied,qbx_gap_x_prev_epa,qbx_gap_bucket","2023,2024,2025",2016-2023,8cfd8d6e338101ca,TE,1321941740235550720,2024,18,1221,0.5762492852365132,0.4583333333333333,3.5834600602319457,0.7902073767107058,10.5257297613416,0.7871306441272182,0.5794961535498981,0.4583333333333333,3.5916287406621894,0.7899726376234054,10.55583722570595,0.7877928979930214,-0.003246868313384943,0,-0.008168680430243658,0.00023473908730042847,-0.030107464364350633,-0.0006622538658032084,drop,drop,528.7497582529999,,Quarterback change times the offense,"E4: the starting-QB quality gap (points per start, projected starter minus usual QB) times the implied team total, the game total and last season's team points per game; a rookie / backup starter times the implied total"
20261001232742,2026-10-01 23:27:42.800625+00,v3.0,fx1.0,qb_x_offense,intermediate.int_e4_player_week_qb_x_offense,"qbx_gap_x_implied,qbx_gap_x_total,qbx_gap_x_prev_ppg,qbx_backup_x_implied,qbx_gap_x_prev_epa,qbx_gap_bucket","2023,2024,2025",2016-2024,8cfd8d6e338101ca,TE,1321941740235550720,2025,18,1268,0.6283619138012027,0.4490740740740741,3.4907884979619532,0.8233873250724388,10.439460622069042,0.7974594297269273,0.630689857312816,0.4444444444444444,3.5026660940661687,0.8242425608874477,10.540963648576565,0.7935306205036349,-0.0023279435116133618,0.004629629629629706,-0.01187759610421546,-0.0008552358150089034,-0.10150302650752252,0.003928809223292418,drop,drop,528.7497582529999,,Quarterback change times the offense,"E4: the starting-QB quality gap (points per start, projected starter minus usual QB) times the implied team total, the game total and last season's team points per game; a rookie / backup starter times the implied total"
20261001232742,2026-10-01 23:27:42.800625+00,v3.0,fx1.0,qb_x_offense,intermediate.int_e4_player_week_qb_x_offense,"qbx_gap_x_implied,qbx_gap_x_total,qbx_gap_x_prev_ppg,qbx_backup_x_implied,qbx_gap_x_prev_epa,qbx_gap_bucket","2023,2024,2025",2016-2022,8cfd8d6e338101ca,TE,1389709692405551104,2023,18,1177,0.5513274853579974,0.48148148148148145,2.855648371853959,0.8264940165433002,9.069632660685965,0.639813167756341,0.5571430069913015,0.48148148148148157,2.8339496791153866,0.808997299009177,8.971022149754717,0.6374468089357812,-0.0058155216333041215,-1.1102230246251565e-16,0.0216986927385725,0.017496717534123185,0.09861051093124829,0.0023663588205597996,drop,drop,528.7497582529999,,Quarterback change times the offense,"E4: the starting-QB quality gap (points per start, projected starter minus usual QB) times the implied team total, the game total and last season's team points per game; a rookie / backup starter times the implied total"
20261001232742,2026-10-01 23:27:42.800625+00,v3.0,fx1.0,qb_x_offense,intermediate.int_e4_player_week_qb_x_offense,"qbx_gap_x_implied,qbx_gap_x_total,qbx_gap_x_prev_ppg,qbx_backup_x_implied,qbx_gap_x_prev_epa,qbx_gap_bucket","2023,2024,2025",2016-2023,8cfd8d6e338101ca,TE,1389709692405551104,2024,18,1221,0.5633216579337058,0.4305555555555556,2.986359867626288,0.8069574984141274,8.821173029509646,0.6483252603525361,0.5656333529280526,0.42592592592592593,2.9936278127780547,0.7916072394253219,8.75891468437425,0.6466867078412044,-0.0023116949943468024,0.00462962962962965,-0.007267945151766764,0.015350258988805598,0.06225834513539574,0.0016385525113317145,drop,drop,528.7497582529999,,Quarterback change times the offense,"E4: the starting-QB quality gap (points per start, projected starter minus usual QB) times the implied team total, the game total and last season's team points per game; a rookie / backup starter times the implied total"
20261001232742,2026-10-01 23:27:42.800625+00,v3.0,fx1.0,qb_x_offense,intermediate.int_e4_player_week_qb_x_offense,"qbx_gap_x_implied,qbx_gap_x_total,qbx_gap_x_prev_ppg,qbx_backup_x_implied,qbx_gap_x_prev_epa,qbx_gap_bucket","2023,2024,2025",2016-2024,8cfd8d6e338101ca,TE,1389709692405551104,2025,18,1268,0.6151362372910023,0.4305555555555556,2.9632429522673593,0.8118765167407473,8.727604464938313,0.6843999481805545,0.6166914355117736,0.4212962962962963,2.9748132697794567,0.8164730707024936,8.798137045222965,0.6777812075420919,-0.0015551982207713255,0.0092592592592593,-0.011570317512097361,-0.004596553961746297,-0.07053258028465237,0.0066187406384625724,drop,drop,528.7497582529999,,Quarterback change times the offense,"E4: the starting-QB quality gap (points per start, projected starter minus usual QB) times the implied team total, the game total and last season's team points per game; a rookie / backup starter times the implied total"
20261001232742,2026-10-01 23:27:42.800625+00,v3.0,fx1.0,qb_x_offense,intermediate.int_e4_player_week_qb_x_offense,"qbx_gap_x_implied,qbx_gap_x_total,qbx_gap_x_prev_ppg,qbx_backup_x_implied,qbx_gap_x_prev_epa,qbx_gap_bucket","2023,2024,2025",2016-2022,8cfd8d6e338101ca,WR,1321941740235550720,2023,18,2393,0.6424184820341279,0.5023148148148148,4.785531795178806,0.8265890644236995,15.903068331620842,1.0532356045833293,0.6417433270446075,0.49768518518518523,4.829693289963023,0.8195295783750555,15.80825079212542,1.0559407306875914,0.0006751549895204212,0.004629629629629539,-0.04416149478421705,0.007059486048644037,0.0948175394954216,-0.002705126104262101,drop,drop,528.7497582529999,,Quarterback change times the offense,"E4: the starting-QB quality gap (points per start, projected starter minus usual QB) times the implied team total, the game total and last season's team points per game; a rookie / backup starter times the implied total"
20261001232742,2026-10-01 23:27:42.800625+00,v3.0,fx1.0,qb_x_offense,intermediate.int_e4_player_week_qb_x_offense,"qbx_gap_x_implied,qbx_gap_x_total,qbx_gap_x_prev_ppg,qbx_backup_x_implied,qbx_gap_x_prev_epa,qbx_gap_bucket","2023,2024,2025",2016-2023,8cfd8d6e338101ca,WR,1321941740235550720,2024,18,2355,0.645354790478692,0.462962962962963,4.902723221115012,0.8011750820435889,15.958077584303279,1.082588736428916,0.6448826276104366,0.47685185185185186,4.90040171319152,0.7941943995755513,15.82429943305252,1.0797893581932818,0.0004721628682554657,-0.01388888888888884,0.00232150792349195,0.0069806824680376245,0.13377815125075898,0.0027993782356341423,drop,drop,528.7497582529999,,Quarterback change times the offense,"E4: the starting-QB quality gap (points per start, projected starter minus usual QB) times the implied team total, the game total and last season's team points per game; a rookie / backup starter times the implied total"
20261001232742,2026-10-01 23:27:42.800625+00,v3.0,fx1.0,qb_x_offense,intermediate.int_e4_player_week_qb_x_offense,"qbx_gap_x_implied,qbx_gap_x_total,qbx_gap_x_prev_ppg,qbx_backup_x_implied,qbx_gap_x_prev_epa,qbx_gap_bucket","2023,2024,2025",2016-2024,8cfd8d6e338101ca,WR,1321941740235550720,2025,18,2366,0.6232905361633369,0.49074074074074076,4.583183849927503,0.8144843143414273,14.741357447427738,0.9877529011790536,0.6239170373141005,0.49074074074074076,4.582660566378224,0.8106332024316606,14.82386146193122,0.987253441616444,-0.0006265011507636808,0,0.0005232835492785526,0.0038511119097667246,-0.08250401450348122,0.0004994595626095499,drop,drop,528.7497582529999,,Quarterback change times the offense,"E4: the starting-QB quality gap (points per start, projected starter minus usual QB) times the implied team total, the game total and last season's team points per game; a rookie / backup starter times the implied total"
20261001232742,2026-10-01 23:27:42.800625+00,v3.0,fx1.0,qb_x_offense,intermediate.int_e4_player_week_qb_x_offense,"qbx_gap_x_implied,qbx_gap_x_total,qbx_gap_x_prev_ppg,qbx_backup_x_implied,qbx_gap_x_prev_epa,qbx_gap_bucket","2023,2024,2025",2016-2022,8cfd8d6e338101ca,WR,1389709692405551104,2023,18,2393,0.6285853520180551,0.4930555555555556,3.9988140084842407,0.8101526763251411,12.92258329309248,0.8726617665213009,0.6266835272282479,0.48379629629629634,4.045672776870351,0.8105344752058626,12.867985008193905,0.8737203353654124,0.0019018247898071605,0.009259259259259245,-0.04685876838611014,-0.00038179888072154,0.054598284898574434,-0.0010585688441114849,drop,drop,528.7497582529999,,Quarterback change times the offense,"E4: the starting-QB quality gap (points per start, projected starter minus usual QB) times the implied team total, the game total and last season's team points per game; a rookie / backup starter times the implied total"
20261001232742,2026-10-01 23:27:42.800625+00,v3.0,fx1.0,qb_x_offense,intermediate.int_e4_player_week_qb_x_offense,"qbx_gap_x_implied,qbx_gap_x_total,qbx_gap_x_prev_ppg,qbx_backup_x_implied,qbx_gap_x_prev_epa,qbx_gap_bucket","2023,2024,2025",2016-2023,8cfd8d6e338101ca,WR,1389709692405551104,2024,18,2355,0.6311207242457907,0.462962962962963,4.112735548337252,0.7885192083366849,13.109705803494986,0.8939755904915193,0.631403235621273,0.474537037037037,4.102293744603958,0.7926546829033528,13.105502991685082,0.8956539880734804,-0.0002825113754822972,-0.011574074074073959,0.010441803733294286,-0.004135474566667963,0.004202811809904006,-0.0016783975819610886,drop,drop,528.7497582529999,,Quarterback change times the offense,"E4: the starting-QB quality gap (points per start, projected starter minus usual QB) times the implied team total, the game total and last season's team points per game; a rookie / backup starter times the implied total"
20261001232742,2026-10-01 23:27:42.800625+00,v3.0,fx1.0,qb_x_offense,intermediate.int_e4_player_week_qb_x_offense,"qbx_gap_x_implied,qbx_gap_x_total,qbx_gap_x_prev_ppg,qbx_backup_x_implied,qbx_gap_x_prev_epa,qbx_gap_bucket","2023,2024,2025",2016-2024,8cfd8d6e338101ca,WR,1389709692405551104,2025,18,2366,0.6085025899570263,0.46064814814814814,3.863490434854681,0.8086662401210718,12.227135919888417,0.816088841440996,0.6087252288103526,0.45601851851851855,3.8660925876162207,0.8102649513162705,12.427390394683343,0.8178493404170225,-0.00022263885332629574,0.004629629629629595,-0.0026021527615398554,-0.001598711195198721,-0.2002544747949262,-0.001760498976026481,drop,drop,528.7497582529999,,Quarterback change times the offense,"E4: the starting-QB quality gap (points per start, projected starter minus usual QB) times the implied team total, the game total and last season's team points per game; a rookie / backup starter times the implied total"
20261001223456,2026-10-01 22:34:56.439974+00,v3.0,fx1.0,rookie_prior,intermediate.int_e4_player_week_rookie_prior,"rk_draft_round,rk_draft_pick,rk_draft_tier,rk_undrafted,rk_years_in,rk_is_rookie,rk_age","2023,2024,2025",2016-2022,8cfd8d6e338101ca,QB,1321941740235550720,2023,18,680,0.578264351256854,0.5138888888888888,7.496506550571103,0.7322165417476942,22.82569310360981,1.61639226426573,0.5905169243398202,0.5185185185185186,7.41945010665895,0.7405385872022371,23.381422577291595,1.5997357113419226,-0.012252573082966123,-0.004629629629629761,0.07705644391215216,-0.008322045454542848,-0.555729473681783,0.01665655292380741,drop,drop,793.4817585280002,,Draft capital and age,"E4: draft round, overall pick, draft tier (1st / day 2 / day 3 / undrafted), undrafted flag, years in the league, rookie flag, age on Sep 1 - the league's pre-season opinion of a player with little history"
20261001223456,2026-10-01 22:34:56.439974+00,v3.0,fx1.0,rookie_prior,intermediate.int_e4_player_week_rookie_prior,"rk_draft_round,rk_draft_pick,rk_draft_tier,rk_undrafted,rk_years_in,rk_is_rookie,rk_age","2023,2024,2025",2016-2023,8cfd8d6e338101ca,QB,1321941740235550720,2024,18,664,0.557364813304482,0.5509259259259259,7.9536468154523625,0.7512645229883517,24.604944632054504,1.7633401584155601,0.5582601288813734,0.5555555555555556,7.935241134108054,0.7553330366942023,24.201164079025116,1.7545414872481868,-0.0008953155768914867,-0.00462962962962965,0.018405681344308533,-0.004068513705850596,0.40378055302938876,0.008798671167373318,drop,drop,793.4817585280002,,Draft capital and age,"E4: draft round, overall pick, draft tier (1st / day 2 / day 3 / undrafted), undrafted flag, years in the league, rookie flag, age on Sep 1 - the league's pre-season opinion of a player with little history"
20261001223456,2026-10-01 22:34:56.439974+00,v3.0,fx1.0,rookie_prior,intermediate.int_e4_player_week_rookie_prior,"rk_draft_round,rk_draft_pick,rk_draft_tier,rk_undrafted,rk_years_in,rk_is_rookie,rk_age","2023,2024,2025",2016-2024,8cfd8d6e338101ca,QB,1321941740235550720,2025,18,677,0.5798230604531542,0.48148148148148145,7.544417950950723,0.7625336796597085,24.91412396752853,1.6259487923234266,0.5885001657668236,0.4861111111111111,7.466757225911666,0.776973953523121,25.443357804682805,1.6501026081897268,-0.008677105313669387,-0.00462962962962965,0.07766072503905708,-0.014440273863412512,-0.5292338371542762,-0.024153815866300166,drop,drop,793.4817585280002,,Draft capital and age,"E4: draft round, overall pick, draft tier (1st / day 2 / day 3 / undrafted), undrafted flag, years in the league, rookie flag, age on Sep 1 - the league's pre-season opinion of a player with little history"
20261001223456,2026-10-01 22:34:56.439974+00,v3.0,fx1.0,rookie_prior,intermediate.int_e4_player_week_rookie_prior,"rk_draft_round,rk_draft_pick,rk_draft_tier,rk_undrafted,rk_years_in,rk_is_rookie,rk_age","2023,2024,2025",2016-2022,8cfd8d6e338101ca,QB,1389709692405551104,2023,18,680,0.5874735808694712,0.5231481481481481,5.34111071854879,0.7347118140329026,16.256346769559233,1.1430451371859514,0.6012021721295239,0.5277777777777778,5.27920752407677,0.7401588128768848,16.321134851832863,1.1416364480695564,-0.013728591260052658,-0.00462962962962965,0.06190319447201986,-0.005446998843982143,-0.06478808227362975,0.0014086891163949122,drop,drop,793.4817585280002,,Draft capital and age,"E4: draft round, overall pick, draft tier (1st / day 2 / day 3 / undrafted), undrafted flag, years in the league, rookie flag, age on Sep 1 - the league's pre-season opinion of a player with little history"
20261001223456,2026-10-01 22:34:56.439974+00,v3.0,fx1.0,rookie_prior,intermediate.int_e4_player_week_rookie_prior,"rk_draft_round,rk_draft_pick,rk_draft_tier,rk_undrafted,rk_years_in,rk_is_rookie,rk_age","2023,2024,2025",2016-2023,8cfd8d6e338101ca,QB,1389709692405551104,2024,18,664,0.5702704049115482,0.5740740740740741,5.738687342682459,0.7491834872029659,17.425849996330484,1.240065276643553,0.5790141605809046,0.587962962962963,5.72317813023092,0.76308055964757,17.509152954043213,1.2417012884914347,-0.008743755669356368,-0.01388888888888895,0.0155092124515388,-0.013897072444604142,-0.08330295771272844,-0.0016360118478817576,drop,drop,793.4817585280002,,Draft capital and age,"E4: draft round, overall pick, draft tier (1st / day 2 / day 3 / undrafted), undrafted flag, years in the league, rookie flag, age on Sep 1 - the league's pre-season opinion of a player with little history"
20261001223456,2026-10-01 22:34:56.439974+00,v3.0,fx1.0,rookie_prior,intermediate.int_e4_player_week_rookie_prior,"rk_draft_round,rk_draft_pick,rk_draft_tier,rk_undrafted,rk_years_in,rk_is_rookie,rk_age","2023,2024,2025",2016-2024,8cfd8d6e338101ca,QB,1389709692405551104,2025,18,677,0.5897950052963666,0.5,5.441597024355293,0.7707362335760357,17.77251952682049,1.1791574490586105,0.6000645132114157,0.49537037037037035,5.3977248898527,0.7854564676413955,17.967750161337698,1.1744187213816555,-0.010269507915049103,0.00462962962962965,0.04387213450259253,-0.014720234065359827,-0.195230634517209,0.004738727676955046,drop,drop,793.4817585280002,,Draft capital and age,"E4: draft round, overall pick, draft tier (1st / day 2 / day 3 / undrafted), undrafted flag, years in the league, rookie flag, age on Sep 1 - the league's pre-season opinion of a player with little history"
20261001223456,2026-10-01 22:34:56.439974+00,v3.0,fx1.0,rookie_prior,intermediate.int_e4_player_week_rookie_prior,"rk_draft_round,rk_draft_pick,rk_draft_tier,rk_undrafted,rk_years_in,rk_is_rookie,rk_age","2023,2024,2025",2016-2022,8cfd8d6e338101ca,RB,1321941740235550720,2023,18,1482,0.6812732457800026,0.6180555555555556,4.586999454263675,0.8181082463323145,14.49471365390538,1.0133046498833191,0.6824234633930332,0.6273148148148148,4.549047609820835,0.8330912069311568,14.890784558949699,1.0070507885506492,-0.0011502176130305797,-0.00925925925925919,0.03795184444284061,-0.014982960598842299,-0.3960709050443185,0.006253861332669919,drop,drop,793.4817585280002,,Draft capital and age,"E4: draft round, overall pick, draft tier (1st / day 2 / day 3 / undrafted), undrafted flag, years in the league, rookie flag, age on Sep 1 - the league's pre-season opinion of a player with little history"
20261001223456,2026-10-01 22:34:56.439974+00,v3.0,fx1.0,rookie_prior,intermediate.int_e4_player_week_rookie_prior,"rk_draft_round,rk_draft_pick,rk_draft_tier,rk_undrafted,rk_years_in,rk_is_rookie,rk_age","2023,2024,2025",2016-2023,8cfd8d6e338101ca,RB,1321941740235550720,2024,18,1495,0.6938222377202607,0.662037037037037,4.653068377332804,0.7996687185931167,14.544265707916272,0.996923983399316,0.6916765452730813,0.6782407407407408,4.680064326564429,0.79460136408655,14.531877688803178,1.0062316819910024,0.002145692447179437,-0.01620370370370383,-0.026995949231624294,0.005067354506566701,0.012388019113094728,-0.009307698591686453,drop,drop,793.4817585280002,,Draft capital and age,"E4: draft round, overall pick, draft tier (1st / day 2 / day 3 / undrafted), undrafted flag, years in the league, rookie flag, age on Sep 1 - the league's pre-season opinion of a player with little history"
20261001223456,2026-10-01 22:34:56.439974+00,v3.0,fx1.0,rookie_prior,intermediate.int_e4_player_week_rookie_prior,"rk_draft_round,rk_draft_pick,rk_draft_tier,rk_undrafted,rk_years_in,rk_is_rookie,rk_age","2023,2024,2025",2016-2024,8cfd8d6e338101ca,RB,1321941740235550720,2025,18,1518,0.7060752166832739,0.6458333333333334,4.681363881558592,0.7766307577417529,14.28659401836355,1.0372624527502117,0.7028627206949561,0.6319444444444444,4.675603880985111,0.7764091445263115,14.46948630754512,1.036137589686307,0.003212495988317743,0.01388888888888895,0.005760000573480362,0.00022161321544145185,-0.18289228918157008,0.0011248630639046908,drop,drop,793.4817585280002,,Draft capital and age,"E4: draft round, overall pick, draft tier (1st / day 2 / day 3 / undrafted), undrafted flag, years in the league, rookie flag, age on Sep 1 - the league's pre-season opinion of a player with little history"
20261001223456,2026-10-01 22:34:56.439974+00,v3.0,fx1.0,rookie_prior,intermediate.int_e4_player_week_rookie_prior,"rk_draft_round,rk_draft_pick,rk_draft_tier,rk_undrafted,rk_years_in,rk_is_rookie,rk_age","2023,2024,2025",2016-2022,8cfd8d6e338101ca,RB,1389709692405551104,2023,18,1482,0.6786996873415273,0.6064814814814814,4.132092431243856,0.8303144180263122,13.350672543172735,0.9093491986032401,0.6783246187658504,0.6041666666666666,4.102268804911234,0.8284861132052364,13.34571301593702,0.9013363060242874,0.00037506857567692897,0.0023148148148147696,0.0298236263326217,0.0018283048210758768,0.004959527235714134,0.008012892578952768,drop,drop,793.4817585280002,,Draft capital and age,"E4: draft round, overall pick, draft tier (1st / day 2 / day 3 / undrafted), undrafted flag, years in the league, rookie flag, age on Sep 1 - the league's pre-season opinion of a player with little history"
20261001223456,2026-10-01 22:34:56.439974+00,v3.0,fx1.0,rookie_prior,intermediate.int_e4_player_week_rookie_prior,"rk_draft_round,rk_draft_pick,rk_draft_tier,rk_undrafted,rk_years_in,rk_is_rookie,rk_age","2023,2024,2025",2016-2023,8cfd8d6e338101ca,RB,1389709692405551104,2024,18,1495,0.6853379721037577,0.6458333333333334,4.172113119503378,0.8034478480293045,13.22889269102736,0.8902922295620223,0.6831678589032318,0.6574074074074074,4.198763290121073,0.8055613117252144,13.273946819977786,0.8950582658466187,0.0021701132005258472,-0.01157407407407407,-0.026650170617695146,-0.002113463695909923,-0.04505412895042582,-0.0047660362845964865,drop,drop,793.4817585280002,,Draft capital and age,"E4: draft round, overall pick, draft tier (1st / day 2 / day 3 / undrafted), undrafted flag, years in the league, rookie flag, age on Sep 1 - the league's pre-season opinion of a player with little history"
20261001223456,2026-10-01 22:34:56.439974+00,v3.0,fx1.0,rookie_prior,intermediate.int_e4_player_week_rookie_prior,"rk_draft_round,rk_draft_pick,rk_draft_tier,rk_undrafted,rk_years_in,rk_is_rookie,rk_age","2023,2024,2025",2016-2024,8cfd8d6e338101ca,RB,1389709692405551104,2025,18,1518,0.7026457390724334,0.6319444444444444,4.231121666436643,0.7778202583052115,12.885922335545416,0.9243480347916719,0.7002682646316967,0.625,4.233754571077309,0.7870827214750531,12.751213859595579,0.923955511279841,0.002377474440736771,0.00694444444444442,-0.002632904640666567,-0.009262463169841584,0.1347084759498376,0.00039252351183094447,drop,drop,793.4817585280002,,Draft capital and age,"E4: draft round, overall pick, draft tier (1st / day 2 / day 3 / undrafted), undrafted flag, years in the league, rookie flag, age on Sep 1 - the league's pre-season opinion of a player with little history"
20261001223456,2026-10-01 22:34:56.439974+00,v3.0,fx1.0,rookie_prior,intermediate.int_e4_player_week_rookie_prior,"rk_draft_round,rk_draft_pick,rk_draft_tier,rk_undrafted,rk_years_in,rk_is_rookie,rk_age","2023,2024,2025",2016-2022,8cfd8d6e338101ca,TE,1321941740235550720,2023,18,1177,0.5873459686238017,0.5277777777777778,3.402774160342203,0.8038927283665299,10.89857524457977,0.757409831676933,0.5793184419405316,0.5185185185185186,3.381194685077243,0.824437487994165,10.909013575966979,0.751198646861995,0.008027526683270114,0.00925925925925919,0.021579475264959846,-0.020544759627635134,-0.010438331387208066,0.006211184814937987,drop,drop,793.4817585280002,,Draft capital and age,"E4: draft round, overall pick, draft tier (1st / day 2 / day 3 / undrafted), undrafted flag, years in the league, rookie flag, age on Sep 1 - the league's pre-season opinion of a player with little history"
20261001223456,2026-10-01 22:34:56.439974+00,v3.0,fx1.0,rookie_prior,intermediate.int_e4_player_week_rookie_prior,"rk_draft_round,rk_draft_pick,rk_draft_tier,rk_undrafted,rk_years_in,rk_is_rookie,rk_age","2023,2024,2025",2016-2023,8cfd8d6e338101ca,TE,1321941740235550720,2024,18,1221,0.5832679679968455,0.46759259259259256,3.597303429968319,0.7935997935045723,10.488290685207872,0.7850508042476803,0.5794961535498981,0.4583333333333333,3.5916287406621894,0.7899726376234054,10.55583722570595,0.7877928979930214,0.003771814446947408,0.009259259259259245,0.005674689306129466,0.0036271558811669102,-0.0675465404980784,-0.0027420937453411787,drop,drop,793.4817585280002,,Draft capital and age,"E4: draft round, overall pick, draft tier (1st / day 2 / day 3 / undrafted), undrafted flag, years in the league, rookie flag, age on Sep 1 - the league's pre-season opinion of a player with little history"
20261001223456,2026-10-01 22:34:56.439974+00,v3.0,fx1.0,rookie_prior,intermediate.int_e4_player_week_rookie_prior,"rk_draft_round,rk_draft_pick,rk_draft_tier,rk_undrafted,rk_years_in,rk_is_rookie,rk_age","2023,2024,2025",2016-2024,8cfd8d6e338101ca,TE,1321941740235550720,2025,18,1268,0.6337394575522959,0.42592592592592593,3.5017508071371863,0.8292256560186742,10.431141596300744,0.7928326165623782,0.630689857312816,0.4444444444444444,3.5026660940661687,0.8242425608874477,10.540963648576565,0.7935306205036349,0.003049600239479866,-0.01851851851851849,-0.0009152869289823506,0.004983095131226412,-0.10982205227582043,-0.0006980039412566308,drop,drop,793.4817585280002,,Draft capital and age,"E4: draft round, overall pick, draft tier (1st / day 2 / day 3 / undrafted), undrafted flag, years in the league, rookie flag, age on Sep 1 - the league's pre-season opinion of a player with little history"
20261001223456,2026-10-01 22:34:56.439974+00,v3.0,fx1.0,rookie_prior,intermediate.int_e4_player_week_rookie_prior,"rk_draft_round,rk_draft_pick,rk_draft_tier,rk_undrafted,rk_years_in,rk_is_rookie,rk_age","2023,2024,2025",2016-2022,8cfd8d6e338101ca,TE,1389709692405551104,2023,18,1177,0.5636869039358545,0.49537037037037035,2.8590740066840348,0.8166511317311446,9.115990708021119,0.6413634762042494,0.5571430069913015,0.48148148148148157,2.8339496791153866,0.808997299009177,8.971022149754717,0.6374468089357812,0.00654389694455304,0.013888888888888784,0.02512432756864813,0.007653832721967513,0.14496855826640243,0.003916667268468177,drop,drop,793.4817585280002,,Draft capital and age,"E4: draft round, overall pick, draft tier (1st / day 2 / day 3 / undrafted), undrafted flag, years in the league, rookie flag, age on Sep 1 - the league's pre-season opinion of a player with little history"
20261001223456,2026-10-01 22:34:56.439974+00,v3.0,fx1.0,rookie_prior,intermediate.int_e4_player_week_rookie_prior,"rk_draft_round,rk_draft_pick,rk_draft_tier,rk_undrafted,rk_years_in,rk_is_rookie,rk_age","2023,2024,2025",2016-2023,8cfd8d6e338101ca,TE,1389709692405551104,2024,18,1221,0.5692253431990102,0.4351851851851852,3.00284398133236,0.8151178491519149,9.115618152881654,0.6533462463025913,0.5656333529280526,0.42592592592592593,2.9936278127780547,0.7916072394253219,8.75891468437425,0.6466867078412044,0.003591990270957579,0.009259259259259245,0.009216168554305515,0.023510609726593024,0.3567034685074031,0.0066595384613868935,drop,drop,793.4817585280002,,Draft capital and age,"E4: draft round, overall pick, draft tier (1st / day 2 / day 3 / undrafted), undrafted flag, years in the league, rookie flag, age on Sep 1 - the league's pre-season opinion of a player with little history"
20261001223456,2026-10-01 22:34:56.439974+00,v3.0,fx1.0,rookie_prior,intermediate.int_e4_player_week_rookie_prior,"rk_draft_round,rk_draft_pick,rk_draft_tier,rk_undrafted,rk_years_in,rk_is_rookie,rk_age","2023,2024,2025",2016-2024,8cfd8d6e338101ca,TE,1389709692405551104,2025,18,1268,0.6192235790358569,0.4166666666666667,2.971645390098615,0.8303340163357654,8.753888497866582,0.672972437038224,0.6166914355117736,0.4212962962962963,2.9748132697794567,0.8164730707024936,8.798137045222965,0.6777812075420919,0.0025321435240832635,-0.004629629629629595,-0.0031678796808418674,0.013860945633271782,-0.04424854735638384,-0.004808770503867965,drop,drop,793.4817585280002,,Draft capital and age,"E4: draft round, overall pick, draft tier (1st / day 2 / day 3 / undrafted), undrafted flag, years in the league, rookie flag, age on Sep 1 - the league's pre-season opinion of a player with little history"
20261001223456,2026-10-01 22:34:56.439974+00,v3.0,fx1.0,rookie_prior,intermediate.int_e4_player_week_rookie_prior,"rk_draft_round,rk_draft_pick,rk_draft_tier,rk_undrafted,rk_years_in,rk_is_rookie,rk_age","2023,2024,2025",2016-2022,8cfd8d6e338101ca,WR,1321941740235550720,2023,18,2393,0.6424367466601042,0.49768518518518523,4.809883308314354,0.8115990705685763,15.641794441236433,1.0571191196172274,0.6417433270446075,0.49768518518518523,4.829693289963023,0.8195295783750555,15.80825079212542,1.0559407306875914,0.0006934196154967376,0,-0.019809981648669428,-0.007930507806479192,-0.16645635088898736,0.001178388929635954,drop,drop,793.4817585280002,,Draft capital and age,"E4: draft round, overall pick, draft tier (1st / day 2 / day 3 / undrafted), undrafted flag, years in the league, rookie flag, age on Sep 1 - the league's pre-season opinion of a player with little history"
20261001223456,2026-10-01 22:34:56.439974+00,v3.0,fx1.0,rookie_prior,intermediate.int_e4_player_week_rookie_prior,"rk_draft_round,rk_draft_pick,rk_draft_tier,rk_undrafted,rk_years_in,rk_is_rookie,rk_age","2023,2024,2025",2016-2023,8cfd8d6e338101ca,WR,1321941740235550720,2024,18,2355,0.6459273883338176,0.474537037037037,4.903636193511513,0.7940461806510457,15.916265776355251,1.0753384714062166,0.6448826276104366,0.47685185185185186,4.90040171319152,0.7941943995755513,15.82429943305252,1.0797893581932818,0.0010447607233809997,-0.0023148148148148806,0.0032344803199935157,-0.00014821892450556096,0.09196634330273135,-0.004450886787065178,drop,drop,793.4817585280002,,Draft capital and age,"E4: draft round, overall pick, draft tier (1st / day 2 / day 3 / undrafted), undrafted flag, years in the league, rookie flag, age on Sep 1 - the league's pre-season opinion of a player with little history"
20261001223456,2026-10-01 22:34:56.439974+00,v3.0,fx1.0,rookie_prior,intermediate.int_e4_player_week_rookie_prior,"rk_draft_round,rk_draft_pick,rk_draft_tier,rk_undrafted,rk_years_in,rk_is_rookie,rk_age","2023,2024,2025",2016-2024,8cfd8d6e338101ca,WR,1321941740235550720,2025,18,2366,0.626297651669697,0.4884259259259259,4.573621351778019,0.8126536088816768,15.02462967799186,0.9890144747631806,0.6239170373141005,0.49074074074074076,4.582660566378224,0.8106332024316606,14.82386146193122,0.987253441616444,0.0023806143555964443,-0.0023148148148148806,-0.009039214600204737,0.002020406450016221,0.20076821606064144,0.0017610331467365903,drop,drop,793.4817585280002,,Draft capital and age,"E4: draft round, overall pick, draft tier (1st / day 2 / day 3 / undrafted), undrafted flag, years in the league, rookie flag, age on Sep 1 - the league's pre-season opinion of a player with little history"
20261001223456,2026-10-01 22:34:56.439974+00,v3.0,fx1.0,rookie_prior,intermediate.int_e4_player_week_rookie_prior,"rk_draft_round,rk_draft_pick,rk_draft_tier,rk_undrafted,rk_years_in,rk_is_rookie,rk_age","2023,2024,2025",2016-2022,8cfd8d6e338101ca,WR,1389709692405551104,2023,18,2393,0.6270671746807911,0.49074074074074076,4.026714840026039,0.8162773567262788,12.996290075849087,0.8758213904808282,0.6266835272282479,0.48379629629629634,4.045672776870351,0.8105344752058626,12.867985008193905,0.8737203353654124,0.0003836474525431566,0.00694444444444442,-0.018957936844311796,0.005742881520416132,0.12830506765518201,0.0021010551154158064,drop,drop,793.4817585280002,,Draft capital and age,"E4: draft round, overall pick, draft tier (1st / day 2 / day 3 / undrafted), undrafted flag, years in the league, rookie flag, age on Sep 1 - the league's pre-season opinion of a player with little history"
20261001223456,2026-10-01 22:34:56.439974+00,v3.0,fx1.0,rookie_prior,intermediate.int_e4_player_week_rookie_prior,"rk_draft_round,rk_draft_pick,rk_draft_tier,rk_undrafted,rk_years_in,rk_is_rookie,rk_age","2023,2024,2025",2016-2023,8cfd8d6e338101ca,WR,1389709692405551104,2024,18,2355,0.6318675758433197,0.47685185185185186,4.105486485835046,0.806730324684075,13.205942520739786,0.8916537538051189,0.631403235621273,0.474537037037037,4.102293744603958,0.7926546829033528,13.105502991685082,0.8956539880734804,0.00046434022204666636,0.0023148148148148806,0.0031927412310883696,0.014075641780722181,0.10043952905470377,-0.004000234268361491,drop,drop,793.4817585280002,,Draft capital and age,"E4: draft round, overall pick, draft tier (1st / day 2 / day 3 / undrafted), undrafted flag, years in the league, rookie flag, age on Sep 1 - the league's pre-season opinion of a player with little history"
20261001223456,2026-10-01 22:34:56.439974+00,v3.0,fx1.0,rookie_prior,intermediate.int_e4_player_week_rookie_prior,"rk_draft_round,rk_draft_pick,rk_draft_tier,rk_undrafted,rk_years_in,rk_is_rookie,rk_age","2023,2024,2025",2016-2024,8cfd8d6e338101ca,WR,1389709692405551104,2025,18,2366,0.6118010398330802,0.46759259259259256,3.8533500419016797,0.8069150253365079,12.41381166411433,0.8146214276971373,0.6087252288103526,0.45601851851851855,3.8660925876162207,0.8102649513162705,12.427390394683343,0.8178493404170225,0.0030758110227275814,0.011574074074074014,-0.01274254571454092,-0.0033499259797625802,-0.013578730569012265,-0.0032279127198852064,drop,drop,793.4817585280002,,Draft capital and age,"E4: draft round, overall pick, draft tier (1st / day 2 / day 3 / undrafted), undrafted flag, years in the league, rookie flag, age on Sep 1 - the league's pre-season opinion of a player with little history"
20261001230004,2026-10-01 23:00:04.301406+00,v3.0,fx1.0,rookie_prior_early,intermediate.int_e4_player_week_rookie_prior,"rk_early_draft_round,rk_early_draft_pick,rk_early_draft_tier,rk_early_undrafted,rk_early_years_in,rk_early_is_rookie,rk_early_age","2023,2024,2025",2016-2022,8cfd8d6e338101ca,QB,1321941740235550720,2023,18,680,0.5889682603531334,0.5231481481481481,7.458806971901088,0.7615898609700531,23.795957715639357,1.5872980552030103,0.5905169243398202,0.5185185185185186,7.41945010665895,0.7405385872022371,23.381422577291595,1.5997357113419226,-0.001548663986686738,0.004629629629629539,0.03935686524213722,0.021051273767816014,0.41453513834776246,-0.012437656138912345,drop,drop,601.5420902320002,,"Draft capital and age, first four weeks","E4: the same seven inputs in weeks 1-4 only (NULL from week 5 on): the prior while his season has little history, nothing after"
20261001230004,2026-10-01 23:00:04.301406+00,v3.0,fx1.0,rookie_prior_early,intermediate.int_e4_player_week_rookie_prior,"rk_early_draft_round,rk_early_draft_pick,rk_early_draft_tier,rk_early_undrafted,rk_early_years_in,rk_early_is_rookie,rk_early_age","2023,2024,2025",2016-2023,8cfd8d6e338101ca,QB,1321941740235550720,2024,18,664,0.5644486471713345,0.5555555555555556,7.912660704963686,0.7433471626370411,23.85378851891945,1.7479061514236263,0.5582601288813734,0.5555555555555556,7.935241134108054,0.7553330366942023,24.201164079025116,1.7545414872481868,0.006188518289961031,0,-0.022580429144367642,-0.011985874057161117,-0.3473755601056645,-0.006635335824560551,drop,drop,601.5420902320002,,"Draft capital and age, first four weeks","E4: the same seven inputs in weeks 1-4 only (NULL from week 5 on): the prior while his season has little history, nothing after"
20261001230004,2026-10-01 23:00:04.301406+00,v3.0,fx1.0,rookie_prior_early,intermediate.int_e4_player_week_rookie_prior,"rk_early_draft_round,rk_early_draft_pick,rk_early_draft_tier,rk_early_undrafted,rk_early_years_in,rk_early_is_rookie,rk_early_age","2023,2024,2025",2016-2024,8cfd8d6e338101ca,QB,1321941740235550720,2025,18,677,0.585601955590003,0.49537037037037035,7.5007898033448,0.7571713297200346,25.298574922288637,1.628967831260808,0.5885001657668236,0.4861111111111111,7.466757225911666,0.776973953523121,25.443357804682805,1.6501026081897268,-0.0028982101768205704,0.009259259259259245,0.03403257743313404,-0.019802623803086394,-0.1447828823941677,-0.02113477692891874,drop,drop,601.5420902320002,,"Draft capital and age, first four weeks","E4: the same seven inputs in weeks 1-4 only (NULL from week 5 on): the prior while his season has little history, nothing after"
20261001230004,2026-10-01 23:00:04.301406+00,v3.0,fx1.0,rookie_prior_early,intermediate.int_e4_player_week_rookie_prior,"rk_early_draft_round,rk_early_draft_pick,rk_early_draft_tier,rk_early_undrafted,rk_early_years_in,rk_early_is_rookie,rk_early_age","2023,2024,2025",2016-2022,8cfd8d6e338101ca,QB,1389709692405551104,2023,18,680,0.5991962092617191,0.5324074074074074,5.310856160224115,0.7655640759399356,16.818149353028186,1.1344023169028201,0.6012021721295239,0.5277777777777778,5.27920752407677,0.7401588128768848,16.321134851832863,1.1416364480695564,-0.0020059628678047448,0.00462962962962965,0.031648636147345144,0.025405263063050798,0.49701450119532353,-0.007234131166736324,drop,drop,601.5420902320002,,"Draft capital and age, first four weeks","E4: the same seven inputs in weeks 1-4 only (NULL from week 5 on): the prior while his season has little history, nothing after"
20261001230004,2026-10-01 23:00:04.301406+00,v3.0,fx1.0,rookie_prior_early,intermediate.int_e4_player_week_rookie_prior,"rk_early_draft_round,rk_early_draft_pick,rk_early_draft_tier,rk_early_undrafted,rk_early_years_in,rk_early_is_rookie,rk_early_age","2023,2024,2025",2016-2023,8cfd8d6e338101ca,QB,1389709692405551104,2024,18,664,0.581756208625897,0.5740740740740741,5.703346100092357,0.7585598907944353,17.35814717817564,1.2360812756708688,0.5790141605809046,0.587962962962963,5.72317813023092,0.76308055964757,17.509152954043213,1.2417012884914347,0.002742048044992451,-0.01388888888888895,-0.01983203013856283,-0.004520668853134735,-0.15100577586757424,-0.005620012820565901,drop,drop,601.5420902320002,,"Draft capital and age, first four weeks","E4: the same seven inputs in weeks 1-4 only (NULL from week 5 on): the prior while his season has little history, nothing after"
20261001230004,2026-10-01 23:00:04.301406+00,v3.0,fx1.0,rookie_prior_early,intermediate.int_e4_player_week_rookie_prior,"rk_early_draft_round,rk_early_draft_pick,rk_early_draft_tier,rk_early_undrafted,rk_early_years_in,rk_early_is_rookie,rk_early_age","2023,2024,2025",2016-2024,8cfd8d6e338101ca,QB,1389709692405551104,2025,18,677,0.5929184178686193,0.49074074074074076,5.426555771447986,0.7616624014277492,17.56520200851166,1.175152433051238,0.6000645132114157,0.49537037037037035,5.3977248898527,0.7854564676413955,17.967750161337698,1.1744187213816555,-0.007146095342796421,-0.004629629629629595,0.028830881595285796,-0.023794066213646325,-0.4025481528260393,0.0007337116695824708,drop,drop,601.5420902320002,,"Draft capital and age, first four weeks","E4: the same seven inputs in weeks 1-4 only (NULL from week 5 on): the prior while his season has little history, nothing after"
20261001230004,2026-10-01 23:00:04.301406+00,v3.0,fx1.0,rookie_prior_early,intermediate.int_e4_player_week_rookie_prior,"rk_early_draft_round,rk_early_draft_pick,rk_early_draft_tier,rk_early_undrafted,rk_early_years_in,rk_early_is_rookie,rk_early_age","2023,2024,2025",2016-2022,8cfd8d6e338101ca,RB,1321941740235550720,2023,18,1482,0.6821732028654176,0.625,4.554435656467164,0.8297766184894786,14.661933132036033,1.0057200608559782,0.6824234633930332,0.6273148148148148,4.549047609820835,0.8330912069311568,14.890784558949699,1.0070507885506492,-0.0002502605276155645,-0.0023148148148147696,0.005388046646329414,-0.003314588441678201,-0.2288514269136659,-0.001330727694671019,drop,drop,601.5420902320002,,"Draft capital and age, first four weeks","E4: the same seven inputs in weeks 1-4 only (NULL from week 5 on): the prior while his season has little history, nothing after"
20261001230004,2026-10-01 23:00:04.301406+00,v3.0,fx1.0,rookie_prior_early,intermediate.int_e4_player_week_rookie_prior,"rk_early_draft_round,rk_early_draft_pick,rk_early_draft_tier,rk_early_undrafted,rk_early_years_in,rk_early_is_rookie,rk_early_age","2023,2024,2025",2016-2023,8cfd8d6e338101ca,RB,1321941740235550720,2024,18,1495,0.6939819523270601,0.6759259259259259,4.660663573205176,0.8006312469224134,14.504203908674542,1.0009351855138398,0.6916765452730813,0.6782407407407408,4.680064326564429,0.79460136408655,14.531877688803178,1.0062316819910024,0.0023054070539787475,-0.0023148148148148806,-0.0194007533592524,0.006029882835863365,-0.027673780128635528,-0.005296496477162682,drop,drop,601.5420902320002,,"Draft capital and age, first four weeks","E4: the same seven inputs in weeks 1-4 only (NULL from week 5 on): the prior while his season has little history, nothing after"
20261001230004,2026-10-01 23:00:04.301406+00,v3.0,fx1.0,rookie_prior_early,intermediate.int_e4_player_week_rookie_prior,"rk_early_draft_round,rk_early_draft_pick,rk_early_draft_tier,rk_early_undrafted,rk_early_years_in,rk_early_is_rookie,rk_early_age","2023,2024,2025",2016-2024,8cfd8d6e338101ca,RB,1321941740235550720,2025,18,1518,0.7035610386635933,0.6319444444444444,4.6747717954899946,0.785321045600254,14.26498043142349,1.0296951651665616,0.7028627206949561,0.6319444444444444,4.675603880985111,0.7764091445263115,14.46948630754512,1.036137589686307,0.0006983179686371743,0,-0.0008320854951167078,0.008911901073942463,-0.20450587612162963,-0.0064424245197454155,drop,drop,601.5420902320002,,"Draft capital and age, first four weeks","E4: the same seven inputs in weeks 1-4 only (NULL from week 5 on): the prior while his season has little history, nothing after"
20261001230004,2026-10-01 23:00:04.301406+00,v3.0,fx1.0,rookie_prior_early,intermediate.int_e4_player_week_rookie_prior,"rk_early_draft_round,rk_early_draft_pick,rk_early_draft_tier,rk_early_undrafted,rk_early_years_in,rk_early_is_rookie,rk_early_age","2023,2024,2025",2016-2022,8cfd8d6e338101ca,RB,1389709692405551104,2023,18,1482,0.6785372954169385,0.6111111111111112,4.100638118496914,0.8313271754434772,13.108275525733823,0.8960262041244812,0.6783246187658504,0.6041666666666666,4.102268804911234,0.8284861132052364,13.34571301593702,0.9013363060242874,0.0002126766510881506,0.006944444444444531,-0.0016306864143205146,0.0028410622382408768,-0.23743749020319704,-0.0053101018998061855,drop,drop,601.5420902320002,,"Draft capital and age, first four weeks","E4: the same seven inputs in weeks 1-4 only (NULL from week 5 on): the prior while his season has little history, nothing after"
20261001230004,2026-10-01 23:00:04.301406+00,v3.0,fx1.0,rookie_prior_early,intermediate.int_e4_player_week_rookie_prior,"rk_early_draft_round,rk_early_draft_pick,rk_early_draft_tier,rk_early_undrafted,rk_early_years_in,rk_early_is_rookie,rk_early_age","2023,2024,2025",2016-2023,8cfd8d6e338101ca,RB,1389709692405551104,2024,18,1495,0.6858232379222666,0.6550925925925926,4.1774572882735255,0.8031843830605024,13.246341281303144,0.8896166270261328,0.6831678589032318,0.6574074074074074,4.198763290121073,0.8055613117252144,13.273946819977786,0.8950582658466187,0.002655379019034787,-0.0023148148148148806,-0.02130600184754794,-0.0023769286647119525,-0.027605538674642105,-0.005441638820485983,drop,drop,601.5420902320002,,"Draft capital and age, first four weeks","E4: the same seven inputs in weeks 1-4 only (NULL from week 5 on): the prior while his season has little history, nothing after"
20261001230004,2026-10-01 23:00:04.301406+00,v3.0,fx1.0,rookie_prior_early,intermediate.int_e4_player_week_rookie_prior,"rk_early_draft_round,rk_early_draft_pick,rk_early_draft_tier,rk_early_undrafted,rk_early_years_in,rk_early_is_rookie,rk_early_age","2023,2024,2025",2016-2024,8cfd8d6e338101ca,RB,1389709692405551104,2025,18,1518,0.7013000004910686,0.625,4.219389704966183,0.7864463860300884,12.782581037133262,0.92360030735749,0.7002682646316967,0.625,4.233754571077309,0.7870827214750531,12.751213859595579,0.923955511279841,0.001031735859371885,0,-0.014364866111126418,-0.0006363354449646641,0.03136717753768359,-0.0003552039223509995,drop,drop,601.5420902320002,,"Draft capital and age, first four weeks","E4: the same seven inputs in weeks 1-4 only (NULL from week 5 on): the prior while his season has little history, nothing after"
20261001230004,2026-10-01 23:00:04.301406+00,v3.0,fx1.0,rookie_prior_early,intermediate.int_e4_player_week_rookie_prior,"rk_early_draft_round,rk_early_draft_pick,rk_early_draft_tier,rk_early_undrafted,rk_early_years_in,rk_early_is_rookie,rk_early_age","2023,2024,2025",2016-2022,8cfd8d6e338101ca,TE,1321941740235550720,2023,18,1177,0.5828271093489313,0.537037037037037,3.3843573391974817,0.8065538982019457,10.943518335984955,0.7556283401452639,0.5793184419405316,0.5185185185185186,3.381194685077243,0.824437487994165,10.909013575966979,0.751198646861995,0.003508667408399724,0.01851851851851838,0.0031626541202385283,-0.01788358979221938,0.034504760017975755,0.004429693283268921,drop,drop,601.5420902320002,,"Draft capital and age, first four weeks","E4: the same seven inputs in weeks 1-4 only (NULL from week 5 on): the prior while his season has little history, nothing after"
20261001230004,2026-10-01 23:00:04.301406+00,v3.0,fx1.0,rookie_prior_early,intermediate.int_e4_player_week_rookie_prior,"rk_early_draft_round,rk_early_draft_pick,rk_early_draft_tier,rk_early_undrafted,rk_early_years_in,rk_early_is_rookie,rk_early_age","2023,2024,2025",2016-2023,8cfd8d6e338101ca,TE,1321941740235550720,2024,18,1221,0.5795745565863313,0.4490740740740741,3.5983480649480137,0.8057642511758059,10.558707435320494,0.7887915336901106,0.5794961535498981,0.4583333333333333,3.5916287406621894,0.7899726376234054,10.55583722570595,0.7877928979930214,7.840303643313895e-05,-0.00925925925925919,0.006719324285824335,0.01579161355240044,0.0028702096145440947,0.0009986356970891341,drop,drop,601.5420902320002,,"Draft capital and age, first four weeks","E4: the same seven inputs in weeks 1-4 only (NULL from week 5 on): the prior while his season has little history, nothing after"
20261001230004,2026-10-01 23:00:04.301406+00,v3.0,fx1.0,rookie_prior_early,intermediate.int_e4_player_week_rookie_prior,"rk_early_draft_round,rk_early_draft_pick,rk_early_draft_tier,rk_early_undrafted,rk_early_years_in,rk_early_is_rookie,rk_early_age","2023,2024,2025",2016-2024,8cfd8d6e338101ca,TE,1321941740235550720,2025,18,1268,0.6324994948308219,0.4444444444444444,3.4928984160917396,0.8235925429537266,10.502300743257758,0.7940398197038443,0.630689857312816,0.4444444444444444,3.5026660940661687,0.8242425608874477,10.540963648576565,0.7935306205036349,0.001809637518005891,0,-0.009767677974429123,-0.0006500179337211032,-0.038662905318807006,0.0005091992002094203,drop,drop,601.5420902320002,,"Draft capital and age, first four weeks","E4: the same seven inputs in weeks 1-4 only (NULL from week 5 on): the prior while his season has little history, nothing after"
20261001230004,2026-10-01 23:00:04.301406+00,v3.0,fx1.0,rookie_prior_early,intermediate.int_e4_player_week_rookie_prior,"rk_early_draft_round,rk_early_draft_pick,rk_early_draft_tier,rk_early_undrafted,rk_early_years_in,rk_early_is_rookie,rk_early_age","2023,2024,2025",2016-2022,8cfd8d6e338101ca,TE,1389709692405551104,2023,18,1177,0.5601883065573918,0.5046296296296297,2.835993166769131,0.8051627653164757,8.97135649362727,0.640070670483421,0.5571430069913015,0.48148148148148157,2.8339496791153866,0.808997299009177,8.971022149754717,0.6374468089357812,0.0030452995660903426,0.023148148148148084,0.0020434876537445135,-0.0038345336927013696,0.00033434387255404374,0.0026238615476398275,drop,drop,601.5420902320002,,"Draft capital and age, first four weeks","E4: the same seven inputs in weeks 1-4 only (NULL from week 5 on): the prior while his season has little history, nothing after"
20261001230004,2026-10-01 23:00:04.301406+00,v3.0,fx1.0,rookie_prior_early,intermediate.int_e4_player_week_rookie_prior,"rk_early_draft_round,rk_early_draft_pick,rk_early_draft_tier,rk_early_undrafted,rk_early_years_in,rk_early_is_rookie,rk_early_age","2023,2024,2025",2016-2023,8cfd8d6e338101ca,TE,1389709692405551104,2024,18,1221,0.5660912469875768,0.42129629629629634,3.0053423570410094,0.804289281904226,9.072241558198021,0.6513763208800678,0.5656333529280526,0.42592592592592593,2.9936278127780547,0.7916072394253219,8.75891468437425,0.6466867078412044,0.0004578940595242331,-0.004629629629629595,0.011714544262954707,0.012682042478904143,0.31332687382377067,0.004689613038863394,drop,drop,601.5420902320002,,"Draft capital and age, first four weeks","E4: the same seven inputs in weeks 1-4 only (NULL from week 5 on): the prior while his season has little history, nothing after"
20261001230004,2026-10-01 23:00:04.301406+00,v3.0,fx1.0,rookie_prior_early,intermediate.int_e4_player_week_rookie_prior,"rk_early_draft_round,rk_early_draft_pick,rk_early_draft_tier,rk_early_undrafted,rk_early_years_in,rk_early_is_rookie,rk_early_age","2023,2024,2025",2016-2024,8cfd8d6e338101ca,TE,1389709692405551104,2025,18,1268,0.6193177861533163,0.42592592592592593,2.9654894431023346,0.8136809635657711,8.756284493853766,0.6751789373471406,0.6166914355117736,0.4212962962962963,2.9748132697794567,0.8164730707024936,8.798137045222965,0.6777812075420919,0.0026263506415427074,0.00462962962962965,-0.00932382667712206,-0.0027921071367225103,-0.04185255136919963,-0.002602270194951295,drop,drop,601.5420902320002,,"Draft capital and age, first four weeks","E4: the same seven inputs in weeks 1-4 only (NULL from week 5 on): the prior while his season has little history, nothing after"
20261001230004,2026-10-01 23:00:04.301406+00,v3.0,fx1.0,rookie_prior_early,intermediate.int_e4_player_week_rookie_prior,"rk_early_draft_round,rk_early_draft_pick,rk_early_draft_tier,rk_early_undrafted,rk_early_years_in,rk_early_is_rookie,rk_early_age","2023,2024,2025",2016-2022,8cfd8d6e338101ca,WR,1321941740235550720,2023,18,2393,0.6432465902972573,0.4930555555555556,4.794864721257225,0.8230492473960842,15.776855019135025,1.0550292806575063,0.6417433270446075,0.49768518518518523,4.829693289963023,0.8195295783750555,15.80825079212542,1.0559407306875914,0.0015032632526498224,-0.00462962962962965,-0.03482856870579809,0.0035196690210287374,-0.03139577299039509,-0.0009114500300850814,drop,drop,601.5420902320002,,"Draft capital and age, first four weeks","E4: the same seven inputs in weeks 1-4 only (NULL from week 5 on): the prior while his season has little history, nothing after"
20261001230004,2026-10-01 23:00:04.301406+00,v3.0,fx1.0,rookie_prior_early,intermediate.int_e4_player_week_rookie_prior,"rk_early_draft_round,rk_early_draft_pick,rk_early_draft_tier,rk_early_undrafted,rk_early_years_in,rk_early_is_rookie,rk_early_age","2023,2024,2025",2016-2023,8cfd8d6e338101ca,WR,1321941740235550720,2024,18,2355,0.6461747166403023,0.4791666666666667,4.894864527584019,0.7943430974704463,15.870076797029409,1.076039907429534,0.6448826276104366,0.47685185185185186,4.90040171319152,0.7941943995755513,15.82429943305252,1.0797893581932818,0.0012920890298657728,0.002314814814814825,-0.005537185607500383,0.0001486978948950224,0.04577736397688881,-0.0037494507637478858,drop,drop,601.5420902320002,,"Draft capital and age, first four weeks","E4: the same seven inputs in weeks 1-4 only (NULL from week 5 on): the prior while his season has little history, nothing after"
20261001230004,2026-10-01 23:00:04.301406+00,v3.0,fx1.0,rookie_prior_early,intermediate.int_e4_player_week_rookie_prior,"rk_early_draft_round,rk_early_draft_pick,rk_early_draft_tier,rk_early_undrafted,rk_early_years_in,rk_early_is_rookie,rk_early_age","2023,2024,2025",2016-2024,8cfd8d6e338101ca,WR,1321941740235550720,2025,18,2366,0.6253133320807523,0.49768518518518523,4.583862488312585,0.811873645081013,14.89736426390198,0.98501525132181,0.6239170373141005,0.49074074074074076,4.582660566378224,0.8106332024316606,14.82386146193122,0.987253441616444,0.0013962947666518177,0.006944444444444475,0.0012019219343608611,0.0012404426493524134,0.07350280197076131,-0.0022381902946340126,drop,drop,601.5420902320002,,"Draft capital and age, first four weeks","E4: the same seven inputs in weeks 1-4 only (NULL from week 5 on): the prior while his season has little history, nothing after"
20261001230004,2026-10-01 23:00:04.301406+00,v3.0,fx1.0,rookie_prior_early,intermediate.int_e4_player_week_rookie_prior,"rk_early_draft_round,rk_early_draft_pick,rk_early_draft_tier,rk_early_undrafted,rk_early_years_in,rk_early_is_rookie,rk_early_age","2023,2024,2025",2016-2022,8cfd8d6e338101ca,WR,1389709692405551104,2023,18,2393,0.6284620719714697,0.48379629629629634,4.0117244772575695,0.8148160511341206,13.023854426727407,0.8756413237087735,0.6266835272282479,0.48379629629629634,4.045672776870351,0.8105344752058626,12.867985008193905,0.8737203353654124,0.0017785447432218104,0,-0.03394829961278134,0.004281575928257952,0.1558694185335021,0.0019209883433610742,drop,drop,601.5420902320002,,"Draft capital and age, first four weeks","E4: the same seven inputs in weeks 1-4 only (NULL from week 5 on): the prior while his season has little history, nothing after"
20261001230004,2026-10-01 23:00:04.301406+00,v3.0,fx1.0,rookie_prior_early,intermediate.int_e4_player_week_rookie_prior,"rk_early_draft_round,rk_early_draft_pick,rk_early_draft_tier,rk_early_undrafted,rk_early_years_in,rk_early_is_rookie,rk_early_age","2023,2024,2025",2016-2023,8cfd8d6e338101ca,WR,1389709692405551104,2024,18,2355,0.6329128524295595,0.47685185185185186,4.100757940284162,0.7908012287351198,13.225061065372838,0.8954193563981738,0.631403235621273,0.474537037037037,4.102293744603958,0.7926546829033528,13.105502991685082,0.8956539880734804,0.0015096168082865402,0.0023148148148148806,-0.0015358043197952753,-0.0018534541682330152,0.11955807368775595,-0.00023463167530657358,drop,drop,601.5420902320002,,"Draft capital and age, first four weeks","E4: the same seven inputs in weeks 1-4 only (NULL from week 5 on): the prior while his season has little history, nothing after"
20261001230004,2026-10-01 23:00:04.301406+00,v3.0,fx1.0,rookie_prior_early,intermediate.int_e4_player_week_rookie_prior,"rk_early_draft_round,rk_early_draft_pick,rk_early_draft_tier,rk_early_undrafted,rk_early_years_in,rk_early_is_rookie,rk_early_age","2023,2024,2025",2016-2024,8cfd8d6e338101ca,WR,1389709692405551104,2025,18,2366,0.6111210880360666,0.4791666666666667,3.8635934980887714,0.8151663833625048,12.37307758241996,0.8177129708116238,0.6087252288103526,0.45601851851851855,3.8660925876162207,0.8102649513162705,12.427390394683343,0.8178493404170225,0.0023958592257139477,0.02314814814814814,-0.002499089527449261,0.0049014320462342775,-0.05431281226338314,-0.0001363696053987562,drop,drop,601.5420902320002,,"Draft capital and age, first four weeks","E4: the same seven inputs in weeks 1-4 only (NULL from week 5 on): the prior while his season has little history, nothing after"
